<?xml version="1.0" encoding="utf-8"?>
<!--
 * Scilab ( http://www.scilab.org/ ) - This file is part of Scilab
 * Copyright (C) 2009  - DIGITEO - Antoine ELIAS
 * 
 * This file must be used under the terms of the CeCILL.
 * This source file is licensed as described in the file COPYING, which
 * you should have received as part of this distribution.  The terms
 * are also available at    
 * http://www.cecill.info/licences/Licence_CeCILL_V2-en.txt
 *
 -->
<refentry xmlns="http://docbook.org/ns/docbook" xmlns:xlink="http://www.w3.org/1999/xlink" xmlns:svg="http://www.w3.org/2000/svg" xmlns:ns5="http://www.w3.org/1999/xhtml" xmlns:mml="http://www.w3.org/1998/Math/MathML" xmlns:db="http://docbook.org/ns/docbook" xmlns:scilab="http://www.scilab.org" xml:id="freeAllocatedMatrixOfString" xml:lang="en">
    <refnamediv>
        <refname>freeAllocatedMatrixOfString</refname>
        <refpurpose>
            Free memory allocated by freeAllocatedMatrixOfString function.
        </refpurpose>
    </refnamediv>
    <refsynopsisdiv>
        <title>Calling Sequence</title>
        <synopsis>
            void freeAllocatedMatrixOfString(int _iRows, int _iCols, char** _pstData)
            void freeAllocatedMatrixOfWideString(int _iRows, int _iCols, wchar_t** _pwstData)
        </synopsis>
    </refsynopsisdiv>
    <refsection>
        <title>Arguments</title>
        <variablelist>
            <varlistentry>
                <term>_iRows</term>
                <listitem>
                    <para>
                        Value "_piRows" returns by freeAllocatedMatrixOfString.
                    </para>
                </listitem>
            </varlistentry>
            <varlistentry>
                <term>_iCols</term>
                <listitem>
                    <para>
                        Value "_piCols" returns by freeAllocatedMatrixOfString.
                    </para>
                </listitem>
            </varlistentry>
            <varlistentry>
                <term>_pstData</term>
                <listitem>
                    <para>
                        Pointer "_pstData" allocated by freeAllocatedMatrixOfString.
                    </para>
                </listitem>
            </varlistentry>
            <varlistentry>
                <term>_pwstData</term>
                <listitem>
                    <para>
                        Pointer "_pwstData" allocated by freeAllocatedWideMatrixOfString.
                    </para>
                </listitem>
            </varlistentry>
        </variablelist>
    </refsection>
</refentry>
