<?xml version="1.0" encoding="UTF-8"?>
<!--
 * Scilab ( http://www.scilab.org/ ) - This file is part of Scilab
 * Copyright (C) INRIA
 * 
 * This file must be used under the terms of the CeCILL.
 * This source file is licensed as described in the file COPYING, which
 * you should have received as part of this distribution.  The terms
 * are also available at    
 * http://www.cecill.info/licences/Licence_CeCILL_V2-en.txt
 *
 -->
<refentry xmlns="http://docbook.org/ns/docbook" xmlns:xlink="http://www.w3.org/1999/xlink" xmlns:svg="http://www.w3.org/2000/svg" xmlns:mml="http://www.w3.org/1998/Math/MathML" xmlns:db="http://docbook.org/ns/docbook" version="5.0-subset Scilab" xml:lang="ja" xml:id="bool2s">
  <info>
    <pubdate>$LastChangedDate$</pubdate>
  </info>
  <refnamediv>
    <refname>bool2s</refname>
    <refpurpose> 論理値行列を0,1を値とする行列に変換する.  </refpurpose>
  </refnamediv>
  <refsynopsisdiv>
    <title>呼び出し手順</title>
    <synopsis>bool2s(x)</synopsis>
  </refsynopsisdiv>
  <refsection>
    <title>パラメータ</title>
    <variablelist>
      <varlistentry>
        <term>x</term>
        <listitem>
          <para>論理値ベクトルまたは論理値行列または定数行列 </para>
        </listitem>
      </varlistentry>
    </variablelist>
  </refsection>
  <refsection>
    <title>説明</title>
    <para>
    <literal>x</literal> が論理値行列の場合,
    <literal>bool2s(x)</literal> は"true"値を1,	"false"値を0で置換した
	行列を返します.</para>
    <para>
    <literal>x</literal> が "標準" 行列の場合,
    <literal>bool2s(x)</literal> は非ゼロ値を 1 に置換した行列を返します.</para>
  </refsection>
  <refsection>
    <title>例</title>
    <programlisting role="example"><![CDATA[ 
bool2s([%t %t %f %t])
bool2s([2.3 0 10 -1])
 ]]></programlisting>
  </refsection>
  <refsection role="see also">
    <title>参照</title>
    <simplelist type="inline">
      <member>
        <link linkend="boolean">boolean</link>
      </member>
      <member>
        <link linkend="find">find</link>
      </member>
    </simplelist>
  </refsection>
</refentry>
