<?xml version="1.0" encoding="utf-8"?>

<!--
 * Scilab ( http://www.scilab.org/ ) - This file is part of Scilab
 * Copyright (C) 2009  - DIGITEO - Antoine ELIAS
 * 
 * This file must be used under the terms of the CeCILL.
 * This source file is licensed as described in the file COPYING, which
 * you should have received as part of this distribution.  The terms
 * are also available at    
 * http://www.cecill.info/licences/Licence_CeCILL_V2.1-en.txt
 *
 -->

<refentry xmlns="http://docbook.org/ns/docbook" xmlns:xlink="http://www.w3.org/1999/xlink" xmlns:svg="http://www.w3.org/2000/svg" xmlns:ns5="http://www.w3.org/1999/xhtml" xmlns:mml="http://www.w3.org/1998/Math/MathML" xmlns:db="http://docbook.org/ns/docbook" xmlns:scilab="http://www.scilab.org" xml:id="freeAllocatedSingleComplexPoly" xml:lang="en">
    
    <refnamediv>
        
        <refname>freeAllocatedSingleComplexPoly</refname>
        
        <refpurpose>
            
            getAllocatedSingleComplexPoly関数で確保されたメモリを解放する.
            
        </refpurpose>
        
    </refnamediv>
    
    <refsynopsisdiv>
        
        <title>呼び出し手順</title>
        
        <synopsis>void freeAllocatedSingleComplexPoly(double* _pdblReal, double* _pdblImg)</synopsis>
        
    </refsynopsisdiv>
    
    <refsection>
        
        <title>引数</title>
        
        <variablelist>
            
            <varlistentry>
                
                <term>_pdblReal</term>
                
                <listitem>
                    
                    <para>
                        
                        getAllocatedSingleComplexPolyで確保された"_pdblReal"ポインタ.
                        
                    </para>
                    
                </listitem>
                
            </varlistentry>
            
            <varlistentry>
                
                <term>_pdblImg</term>
                
                <listitem>
                    
                    <para>
                        
                        getAllocatedSingleComplexPolyで確保された"_pdblImg"ポインタ.
                        
                    </para>
                    
                </listitem>
                
            </varlistentry>
            
        </variablelist>
        
    </refsection>
    
</refentry>

