<?xml version="1.0" encoding="UTF-8"?>
<refentry version="5.0-subset Scilab" xml:id="CheckLhs" xml:lang="en"
          xmlns="http://docbook.org/ns/docbook"
          xmlns:xlink="http://www.w3.org/1999/xlink"
          xmlns:svg="http://www.w3.org/2000/svg"
          xmlns:mml="http://www.w3.org/1998/Math/MathML"
          xmlns:html="http://www.w3.org/1999/xhtml"
          xmlns:db="http://docbook.org/ns/docbook">
  <refnamediv>
    <refname>CheckLhs</refname>
    <refpurpose>C macro which checks the number of output arguments present in
    the calling Scilab function.</refpurpose>
  </refnamediv>
  <refsynopsisdiv>
    <title>Calling Sequence</title>

    <synopsis>CheckLhs(nb_min_params,nb_max_params)</synopsis>
  </refsynopsisdiv>

  <refsection>
    <title>Arguments</title>

    <variablelist>
      <varlistentry>
        <term>nb_min_params</term>

        <listitem>
          <para>the minimum number of output arguments which must be present
          in the calling Scilab function</para>
        </listitem>
      </varlistentry>

      <varlistentry>
        <term>nb_max_params</term>

        <listitem>
          <para>the maximum number of output arguments which must be present
          in the calling Scilab function</para>
        </listitem>
      </varlistentry>
    </variablelist>
  </refsection>

  <refsection>
    <title>Description</title>

    <para>C macro which checks the number of output arguments present in the
    calling Scilab function. You must include stack-c.h to benefit from this
    function.</para>

    <para>If the number of arguments is not between nb_min_params and
    nb_max_params, we quit the C interface (<literal>return 0;</literal>) and
    an error is returned in the Scilab console.</para>

    <para>Since <literal>CheckLhs</literal> is doing a <literal>return
    0;</literal> within the gateway function, it is important to call this
    macro before any memory allocation in order to avoid any memory
    leak.</para>

    <para>WARNING: This API is deprecated from Scilab 5.2.0 and is going to be removed with Scilab 6.0. Please use <link linkend="api_scilab">API Scilab</link> (the new Scilab API).</para>
  </refsection>

  <refsection>
    <title>Examples</title>

    <para>In this example, the C gateway function checks for a number of
    output arguments which must be between 2 and 3.</para>

    <programlisting role = "example"><![CDATA[ 
#include <stack-c.h>

int sci_mychecklhs(char * fname)
{
  CheckLhs(2,3);

  return 0;
}
 ]]></programlisting>

    <para>Now, some functions testing this interface:</para>

    <programlisting role="example"><![CDATA[ 
[A,B] = mychecklhs(); // OK, 2 output arguments
[A,B,C] = mychecklhs(); // OK, 3 output arguments
[A] = mychecklhs(); // ERROR, 1 output argument
[A,B,C,D] = mychecklhs(); // ERROR, 4 output arguments
 ]]></programlisting>
  </refsection>

  <refsection role="see also">
<title>See Also</title>

    <simplelist type="inline">
      <member><link linkend="CheckRhs">CheckRhs</link></member>
    </simplelist>
  </refsection>
</refentry>
