<?xml version="1.0" encoding="UTF-8"?>
<refentry version="5.0-subset Scilab" xml:id="CheckSameDims" xml:lang="en"
          xmlns="http://docbook.org/ns/docbook"
          xmlns:xlink="http://www.w3.org/1999/xlink"
          xmlns:svg="http://www.w3.org/2000/svg"
          xmlns:mml="http://www.w3.org/1998/Math/MathML"
          xmlns:html="http://www.w3.org/1999/xhtml"
          xmlns:db="http://docbook.org/ns/docbook">
  <refnamediv>
    <refname>CheckSameDims</refname>

    <refpurpose>C interface function which checks if two parameters send to
    the C function have the same size</refpurpose>
  </refnamediv>

  <refsynopsisdiv>
    <title>Calling Sequence</title>

    <synopsis>CheckSameDims(StackPos_var1,StackPos_var2,m_var1,n_var1,m_var2,n_var2)</synopsis>
  </refsynopsisdiv>

  <refsection>
    <title>Arguments</title>

    <variablelist>
      <varlistentry>
        <term>StackPos_var1</term>

        <listitem>
          <para>the position in the Scilab memory of the first parameter for
          which we want to perform the check (input parameter)</para>
        </listitem>
      </varlistentry>

      <varlistentry>
        <term>StackPos_var2</term>

        <listitem>
          <para>the position in the Scilab memory of the second parameter for
          which we want to perform the check (input parameter)</para>
        </listitem>
      </varlistentry>

      <varlistentry>
        <term>m_var1</term>

        <listitem>
          <para>the number of lines of the parameter at position StackPos_var1
          in the Scilab memory</para>
        </listitem>
      </varlistentry>

      <varlistentry>
        <term>n_var1</term>

        <listitem>
          <para>the number of columns of the parameter at position
          StackPos_var1 in the Scilab memory</para>
        </listitem>
      </varlistentry>

      <varlistentry>
        <term>m_var2</term>

        <listitem>
          <para>the number of lines of the parameter at position StackPos_var2
          in the Scilab memory</para>
        </listitem>
      </varlistentry>

      <varlistentry>
        <term>n_var2</term>

        <listitem>
          <para>the number of columns of the parameter at position
          StackPos_var2 in the Scilab memory</para>
        </listitem>
      </varlistentry>
    </variablelist>
  </refsection>

  <refsection>
    <title>Description</title>

    <para>C interface function which checks if two parameters send to the C
    function have the same size. You must include stack-c.h to benefit from
    this function. If the test fails, we return from the C interface and an
    adequate error message is printed in the Scilab console.</para>

    <para>WARNING: This API is deprecated from Scilab 5.2.0 and is going to be removed with Scilab 6.0. Please use <link linkend="api_scilab">API Scilab</link> (the new Scilab API).</para>
  </refsection>

  <refsection>
    <title>Examples</title>

    <para>In this example, the C interface function takes one input parameters
    and prints the integer corresponding to the type of the variable sent as
    parameter in the Scilab console.</para>

    <programlisting role="example"><![CDATA[ 
#include <stack-c.h>

int sci_check_properties(char * fname)
{
  int m1, n1, l1;
  int m2, n2, l2;

  CheckRhs(2,2);

  GetRhsVar(1, "d", &m1, &n1, &l1);
  GetRhsVar(2, "d", &m2, &n2, &l2);

  CheckSameDims(1,2,m1,n1,m2,n2); // Check that both vectors have the same size

  return 0;
}
 ]]></programlisting>
  </refsection>

  <refsection role="see also">
<title>See Also</title>

    <simplelist type="inline">
      <member><link linkend="CheckColumn">CheckColumn</link></member>

      <member><link linkend="CheckDims">CheckDims</link></member>

      <member><link linkend="CheckRow">CheckRow</link></member>

      <member><link linkend="CheckScalar">CheckScalar</link></member>

      <member><link linkend="CheckVector">CheckVector</link></member>

      <member><link linkend="OverLoad">CheckOverLoad</link></member>

      <member><link linkend="CheckDimProp">CheckDimProp</link></member>

      <member><link linkend="CheckLength">CheckLength</link></member>

      <member><link linkend="CheckSquare">CheckSquare</link></member>

      <member><link linkend="HowToCheckParameters">How to check
      parameters</link></member>
    </simplelist>
  </refsection>
</refentry>
