<?xml version="1.0" encoding="UTF-8"?>
<refentry version="5.0-subset Scilab" xml:id="CreateVar"
          xmlns="http://docbook.org/ns/docbook"
          xmlns:xlink="http://www.w3.org/1999/xlink"
          xmlns:xi="http://www.w3.org/2001/XInclude"
          xmlns:svg="http://www.w3.org/2000/svg"
          xmlns:mml="http://www.w3.org/1998/Math/MathML"
          xmlns:html="http://www.w3.org/1999/xhtml"
          xmlns:db="http://docbook.org/ns/docbook">
  <refnamediv>
    <refname>CreateVar</refname>

    <refpurpose>a C gateway function which allows to create a new Scilab
    parameter</refpurpose>
  </refnamediv>

  <refsynopsisdiv>
    <title>Calling Sequence</title>

    <synopsis>CreateVar(StackPos, Type, &amp;m_rows, &amp;n_cols, &amp;l_stack_pos);</synopsis>
  </refsynopsisdiv>

  <refsection>
    <title>Arguments</title>

    <variablelist>
      <varlistentry>
        <term>StackPos</term>

        <listitem>
          <para>The rank of the parameter to be created (input
          argument)</para>
        </listitem>
      </varlistentry>

      <varlistentry>
        <term>Type</term>

        <listitem>
          <para>The <link linkend="ScilabCTypes">Scilab C Type</link> of the
          parameter to be created (input argument).</para>

          <itemizedlist>
            <listitem>
              <para>STRING_DATATYPE "c"</para>
            </listitem>

            <listitem>
              <para>MATRIX_OF_STRING_DATATYPE "S"</para>
            </listitem>

            <listitem>
              <para>MATRIX_OF_DOUBLE_DATATYPE "d"</para>
            </listitem>

            <listitem>
              <para>MATRIX_OF_RATIONAL_DATATYPE "r"</para>
            </listitem>

            <listitem>
              <para>MATRIX_OF_VARIABLE_SIZE_INTEGER_DATATYPE "I"</para>
            </listitem>

            <listitem>
              <para>MATRIX_OF_INTEGER_DATATYPE "i"</para>
            </listitem>

            <listitem>
              <para>MATRIX_OF_BOOLEAN_DATATYPE "b"</para>
            </listitem>

            <listitem>
              <para>MATRIX_OF_COMPLEX_DATATYPE "z"</para>
            </listitem>

            <listitem>
              <para>SPARSE_MATRIX_DATATYPE "s"</para>
            </listitem>

            <listitem>
              <para>TYPED_LIST_DATATYPE "t"</para>
            </listitem>

            <listitem>
              <para>MATRIX_ORIENTED_TYPED_LIST_DATATYPE "m"</para>
            </listitem>

            <listitem>
              <para>SCILAB_POINTER_DATATYPE "p"</para>
            </listitem>

            <listitem>
              <para>GRAPHICAL_HANDLE_DATATYPE "h"</para>
            </listitem>

            <listitem>
              <para>EXTERNAL_DATATYPE "f"</para>
            </listitem>

            <listitem>
              <para>MATRIX_OF_POLYNOMIAL_DATATYPE "x"</para>
            </listitem>
          </itemizedlist>
        </listitem>
      </varlistentry>

      <varlistentry>
        <term>m_rows</term>

        <listitem>
          <para>the number of lines of the matrix to be created (input
          argument)</para>
        </listitem>
      </varlistentry>

      <varlistentry>
        <term>n_cols</term>

        <listitem>
          <para>the number of columns of the matrix to be created (input
          argument)</para>
        </listitem>
      </varlistentry>

      <varlistentry>
        <term>l_stack_pos</term>

        <listitem>
          <para>the position in the Scilab memory of the created parameter
          (output argument)</para>
        </listitem>
      </varlistentry>
    </variablelist>
  </refsection>

  <refsection>
    <title>Description</title>

    <para>A C gateway function which allows to create a new Scilab
    parameter</para>

    <para>WARNING: This API is deprecated from Scilab 5.2.0 and is going to be removed with Scilab 6.0. Please use <link linkend="api_scilab">API Scilab</link> (the new Scilab API).</para>
  </refsection>

  <refsection>
    <title>Examples</title>

    <programlisting role="example"><![CDATA[ 
#include <stack-c.h>

int sci_myones(char * fname)
{
  int m_row, n_col, l_pos;
  
  m_row = 1; n_col = 1; // We create a scalar
  CreateVar(1, MATRIX_OF_INTEGER_DATATYPE, &m_row, &n_col, &l_pos);

  *istk(l_pos) = 1;

  LhsVar(1) = 1;

  return 0;
}
 ]]></programlisting>
  </refsection>

  <refsection role="see also">
<title>See Also</title>

    <simplelist type="inline">
      <member><link linkend="ScilabCTypes">Scilab C Type</link></member>

      <member><link linkend="istk">istk</link></member>

      <member><link linkend="LhsVar">LhsVar</link></member>
    </simplelist>
  </refsection>
</refentry>
