<?xml version="1.0" encoding="UTF-8"?>
<refentry version="5.0-subset Scilab" xml:id="GetType" xml:lang="en"
          xmlns="http://docbook.org/ns/docbook"
          xmlns:xlink="http://www.w3.org/1999/xlink"
          xmlns:svg="http://www.w3.org/2000/svg"
          xmlns:mml="http://www.w3.org/1998/Math/MathML"
          xmlns:html="http://www.w3.org/1999/xhtml"
          xmlns:db="http://docbook.org/ns/docbook">
  <refnamediv>
    <refname>GetType</refname>

    <refpurpose>C gateway function which returns the type of a parameter in
    the Scilab memory</refpurpose>
  </refnamediv>

  <refsynopsisdiv>
    <title>Calling Sequence</title>

    <synopsis>SciType GetType(StackPos)</synopsis>
  </refsynopsisdiv>

  <refsection>
    <title>Arguments</title>

    <variablelist>
      <varlistentry>
        <term>StackPos</term>

        <listitem>
          <para>the position on the Scilab memory of the parameter for which
          we want to know the type (input argument)</para>
        </listitem>
      </varlistentry>

      <varlistentry>
        <term>SciType</term>

        <listitem>
          <para>the type (defined in the <link
          linkend="sci_types">sci_types</link> enum which you can find in
          stack-c.h) of the parameter at position StackPos in the Scilab
          memory</para>
        </listitem>
      </varlistentry>
    </variablelist>
  </refsection>

  <refsection>
    <title>Description</title>

    <para>GetType is a C gateway function which returns the type of a
    parameter in the Scilab memory. You must include stack-c.h to benefit from
    this function.</para>

    <para>WARNING: This API is deprecated from Scilab 5.2.0 and is going to be removed with Scilab 6.0. Please use <link linkend="api_scilab">API Scilab</link> (the new Scilab API).</para>
  </refsection>

  <refsection>
    <title>Examples</title>

    <para>In this example, the C gateway function takes one input argument and
    prints the integer corresponding to the type of the variable sent as
    argument in the Scilab console.</para>

    <programlisting role="example"><![CDATA[ 
#include <stack-c.h>
#include <sciprint.h>

int sci_mygettype(char * fname)
{
  sciprint("The type of the first argument is %d\n", GetType(1));

  return 0;
}
 ]]></programlisting>
  </refsection>

  <refsection role="see also">
<title>See Also</title>

    <simplelist type="inline">
      <member><link linkend="sciprint">sciprint</link></member>

      <member><link linkend="sci_types">sci_types</link></member>
    </simplelist>
  </refsection>
</refentry>
