<?xml version="1.0" encoding="utf-8"?>

<!--
 * Scilab ( http://www.scilab.org/ ) - This file is part of Scilab
 * Copyright (C) 2009  - DIGITEO - Antoine ELIAS
 * 
 * This file must be used under the terms of the CeCILL.
 * This source file is licensed as described in the file COPYING, which
 * you should have received as part of this distribution.  The terms
 * are also available at    
 * http://www.cecill.info/licences/Licence_CeCILL_V2.1-en.txt
 *
 -->

<refentry xmlns="http://docbook.org/ns/docbook" xmlns:xlink="http://www.w3.org/1999/xlink" xmlns:svg="http://www.w3.org/2000/svg" xmlns:ns5="http://www.w3.org/1999/xhtml" xmlns:mml="http://www.w3.org/1998/Math/MathML" xmlns:db="http://docbook.org/ns/docbook" xmlns:scilab="http://www.scilab.org" xml:id="createScalarBoolean" xml:lang="ja">
    
    <refnamediv>
        
        <refname>createScalarBoolean</refname>
        
        <refpurpose>
            
            Scilabメモリにスカラー論理値変数を作成する.
            
        </refpurpose>
        
    </refnamediv>
    
    <refsynopsisdiv>
        
        <title>呼び出し手順</title>
        
        <synopsis>int createScalarBoolean(void* _pvCtx, int _iVar, int _iBool)</synopsis>
        
        <synopsis>int createNamedScalarBoolean(void* _pvCtx, const char* _pstName, int _iBool)</synopsis>
        
    </refsynopsisdiv>
    
    <refsection>
        
        <title>引数</title>
        
        <variablelist>
            
            <varlistentry>
                
                <term>_pvCtx</term>
                
                <listitem>
                    
                    <para>
                        
                        Scilab環境ポインタ, api_scilab.hで提供される"pvApiCtx"を指定.
                        
                    </para>
                    
                </listitem>
                
            </varlistentry>
            
            <varlistentry>
                
                <term>_iVar</term>
                
                <listitem>
                    
                    <para>
                        
                        変数を保存するScilabメモリの位置.
                        
                    </para>
                    
                </listitem>
                
            </varlistentry>
            
            <varlistentry>
                
                <term>_pstName</term>
                
                <listitem>
                    
                    <para>
                        
                        "名前指定" 関数の場合の変数名.
                        
                    </para>
                    
                </listitem>
                
            </varlistentry>
            
            <varlistentry>
                
                <term>_iBool</term>
                
                <listitem>
                    
                    <para>
                        
                        論理値.
                        
                    </para>
                    
                </listitem>
                
            </varlistentry>
            
        </variablelist>
        
    </refsection>
    
    <refsection>
        
        <title>戻り値</title>
        
        <para>
            
            成功した場合は 0, それ以外はScilabコンソールにエラーメッセージを表示し,
            
            最初のエラー番号を返します.
            
        </para>
        
    </refsection>
    
</refentry>

