<?xml version="1.0" encoding="UTF-8"?>
<!--
 * Scilab ( http://www.scilab.org/ ) - This file is part of Scilab
 * Copyright (C) INRIA - 
 * 
 * This file must be used under the terms of the CeCILL.
 * This source file is licensed as described in the file COPYING, which
 * you should have received as part of this distribution.  The terms
 * are also available at    
 * http://www.cecill.info/licences/Licence_CeCILL_V2-en.txt
 *
 -->
<refentry xmlns="http://docbook.org/ns/docbook" xmlns:xlink="http://www.w3.org/1999/xlink" xmlns:svg="http://www.w3.org/2000/svg" xmlns:mml="http://www.w3.org/1998/Math/MathML" xmlns:db="http://docbook.org/ns/docbook" version="5.0-subset Scilab" xml:lang="ja" xml:id="balreal">
  <info>
    <pubdate>$LastChangedDate$</pubdate>
  </info>
  <refnamediv>
    <refname>balreal</refname>
    <refpurpose>平衡実現</refpurpose>
  </refnamediv>
  <refsynopsisdiv>
    <title>呼び出し手順</title>
    <synopsis>[slb [,U] ] = balreal(sl)</synopsis>
  </refsynopsisdiv>
  <refsection>
    <title>パラメータ</title>
    <variablelist>
      <varlistentry>
        <term>sl,slb</term>
        <listitem>
          <para>線形システム (<literal>syslin</literal> リスト)</para>
        </listitem>
      </varlistentry>
    </variablelist>
  </refsection>
  <refsection>
    <title>説明</title>
    <para>
	線形システムの平衡実現 <literal>sl=[A,B,C,D]</literal>. <literal>sl</literal>
    は連続時間または離散時間状態空間システムとすることができます. 
    sl は安定と仮定されます.</para>
    <programlisting role = ""><![CDATA[ 
slb=[inv(U)*A*U ,inv(U)*B , C*U , D]
 ]]></programlisting>
    <para>
    は平衡実現です.</para>
    <para>戻り値<literal>slb</literal> は<literal>syslin</literal> リストです.</para>
  </refsection>
  <refsection>
    <title>例s</title>
    <programlisting role="example"><![CDATA[ 
A=diag([-1,-2,-3,-4,-5]);B=rand(5,2);C=rand(1,5);
sl=syslin('c',A,B,C);
[slb,U]=balreal(sl);
Wc=clean(ctr_gram(slb))
W0=clean(obs_gram(slb))
 ]]></programlisting>
  </refsection>
  <refsection role="see also">
    <title>参照</title>
    <simplelist type="inline">
      <member>
        <link linkend="ctr_gram">ctr_gram</link>
      </member>
      <member>
        <link linkend="obs_gram">obs_gram</link>
      </member>
      <member>
        <link linkend="hankelsv">hankelsv</link>
      </member>
      <member>
        <link linkend="equil">equil</link>
      </member>
      <member>
        <link linkend="equil1">equil1</link>
      </member>
    </simplelist>
  </refsection>
</refentry>
