<?xml version="1.0" encoding="UTF-8"?>
<!--
 * Scilab ( http://www.scilab.org/ ) - This file is part of Scilab
 * Copyright (C) INRIA
 * 
 * This file must be used under the terms of the CeCILL.
 * This source file is licensed as described in the file COPYING, which
 * you should have received as part of this distribution.  The terms
 * are also available at    
 * http://www.cecill.info/licences/Licence_CeCILL_V2-en.txt
 *
 -->
<refentry xmlns="http://docbook.org/ns/docbook" xmlns:xlink="http://www.w3.org/1999/xlink" xmlns:svg="http://www.w3.org/2000/svg" xmlns:mml="http://www.w3.org/1998/Math/MathML" xmlns:db="http://docbook.org/ns/docbook" version="5.0-subset Scilab" xml:lang="ja" xml:id="chart">
  <info>
    <pubdate>$LastChangedDate: 2008-06-19 18:44:44 +0200 (jeu, 19 jun 2008) $</pubdate>
  </info>
  <refnamediv>
    <refname>chart</refname>
    <refpurpose>ニコルス線図における等高線プロット</refpurpose>
  </refnamediv>
  <refsynopsisdiv>
    <title>呼び出し手順</title>
    <synopsis>chart([flags])
chart(gain [,flags])
chart(gain,phase [,flags])</synopsis>
  </refsynopsisdiv>
  <refsection>
    <title>パラメータ</title>
    <variablelist>
      <varlistentry>
        <term>gain</term>
        <listitem>
          <para>実数ベクトル ( ゲイン (単位:DB))</para>
        </listitem>
      </varlistentry>
      <varlistentry>
        <term>phase</term>
        <listitem>
          <para>実数ベクトル (位相 (単位:度 ))</para>
        </listitem>
      </varlistentry>
      <varlistentry>
        <term>flags</term>
        <listitem>
          <para>最大4個のフラグのリスト(sup [,leg [,cm [,cphi]]])</para>
          <variablelist>
            <varlistentry>
              <term>sup</term>
              <listitem>
                <para>1は前のプロットへ重ね合わせを行うこと,
		0 は重ね合わせを行わないことを示します.</para>
              </listitem>
            </varlistentry>
            <varlistentry>
              <term>leg</term>
              <listitem>
                <para>1 は凡例を描画する, 0 は凡例を描画しないことを示します</para>
              </listitem>
            </varlistentry>
            <varlistentry>
              <term>cm</term>
              <listitem>
                <para>ゲイン曲線の色の添え字</para>
              </listitem>
            </varlistentry>
            <varlistentry>
              <term>cphi</term>
              <listitem>
                <para>位相曲線の色の添え字</para>
              </listitem>
            </varlistentry>
          </variablelist>
        </listitem>
      </varlistentry>
    </variablelist>
  </refsection>
  <refsection>
    <title>説明</title>
    <para>ニコルス線図,つまり,
	位相/ゲイン平面におけるy/(1+y)の等ゲイン,等位相の等高線
	をプロットします.
	</para>
    <para><literal>chart</literal> は
    <link linkend="black">black</link>と組み合わせて
	使用することができます.</para>
    <para><literal>gain</literal> および
    <literal>phase</literal> のデフォルト値はそれぞれ以下のようになっています :</para>
    <para>
      <literal>[-12 -8 -6 -5 -4 -3 -2 -1.4 -1 -.5 0.25 0.5 0.7 1 1.4 2 2.3 3 4 5 6 8 12]</literal>
    </para>
    <para><literal>[-(1:10) , -(20:10:160)]</literal></para>
  </refsection>
  <refsection>
    <title>例</title>
    <programlisting role="example"><![CDATA[ 
s=poly(0,'s')
h=syslin('c',(s^2+2*0.9*10*s+100)/(s^2+2*0.3*10.1*s+102.01))
black(h,0.01,100)
chart(list(1,0,2,3));

clf()
h1=h*syslin('c',(s^2+2*0.1*15.1*s+228.01)/(s^2+2*0.9*15*s+225))
black([h1;h],0.01,100,['h1';'h'])
set(gca(),'data_bounds',[-180 -30;180 30]) //enlarge the frame
chart(list(1,0));
 ]]></programlisting>
  </refsection>
  <refsection role="see also">
    <title>参照</title>
    <simplelist type="inline">
      <member>
        <link linkend="nyquist">nyquist</link>
      </member>
      <member>
        <link linkend="black">black</link>
      </member>
    </simplelist>
  </refsection>
</refentry>
