<?xml version="1.0" encoding="UTF-8"?>
<!--
    * Scilab ( http://www.scilab.org/ ) - This file is part of Scilab
    * Copyright (C) 2008 - INRIA - Vincent COUVERT 
    * 
    * This file must be used under the terms of the CeCILL.
    * This source file is licensed as described in the file COPYING, which
    * you should have received as part of this distribution.  The terms
    * are also available at    
    * http://www.cecill.info/licences/Licence_CeCILL_V2-en.txt
    *
    -->
<refentry xmlns="http://docbook.org/ns/docbook" xmlns:xlink="http://www.w3.org/1999/xlink" xmlns:svg="http://www.w3.org/2000/svg" xmlns:mml="http://www.w3.org/1998/Math/MathML" xmlns:db="http://docbook.org/ns/docbook" version="5.0-subset Scilab" xml:lang="en" xml:id="matfile_varreadnext">
  <info>
    <pubdate>$LastChangedDate: 2008-04-10 14:32:05 +0200 (jeu, 10 avr 2008) $</pubdate>
  </info>
  <refnamediv>
    <refname>matfile_varreadnext</refname>
    <refpurpose>Reads next variable in a Matlab V5 binary MAT-file.</refpurpose>
  </refnamediv>
  <refsynopsisdiv>
    <title>Calling Sequence</title>
    <synopsis>[name[, value[, vartype]]] = matfile_varreadnext(fd)</synopsis>
  </refsynopsisdiv>
  <refsection>
    <title>Parameters</title>
    <variablelist>
      <varlistentry>
        <term>fd</term>
        <listitem>
          <para>Real: file descriptor (returned by <link linkend="matfile_open">matfile_open</link>).</para>
        </listitem>
      </varlistentry>
      <varlistentry>
        <term>name</term>
        <listitem>
          <para>String: name of the variable read or <literal>""</literal> if reading failed.</para>
        </listitem>
      </varlistentry>
      <varlistentry>
        <term>value</term>
        <listitem>
          <para>Any Scilab type: value of the variable read or an empty matrix if reading failed.</para>
        </listitem>
      </varlistentry>
      <varlistentry>
        <term>vartype</term>
        <listitem>
          <para>Real: type of the variable if reading succeeds or:</para>
          <itemizedlist>
            <listitem>
              <para><emphasis>0</emphasis>: if the variable type is unknown.</para>
            </listitem>
            <listitem>
              <para><emphasis>-1</emphasis>: if end of file has been reached.</para>
            </listitem>
          </itemizedlist>
        </listitem>
      </varlistentry>
    </variablelist>
  </refsection>
  <refsection>
    <title>Description</title>
    <para>
    Reads next variable in a Matlab binary MAT-file opened by <link linkend="matfile_open">matfile_open</link>.</para>
  </refsection>
  <refsection>
    <title>See Also</title>
    <simplelist type="inline">
      <member>
        <link linkend="matfile_open">matfile_open</link>
      </member>
      <member>
        <link linkend="matfile_close">matfile_close</link>
      </member>
      <member>
        <link linkend="matfile_varwrite">matfile_varwrite</link>
      </member>
      <member>
        <link linkend="matfile_listvar">matfile_listvar</link>
      </member>
    </simplelist>
  </refsection>
  <refsection>
    <title>Authors</title>
    <simplelist type="vert">
      <member>V.C</member>
    </simplelist>
  </refsection>
  <refsection>
    <title>Bibliography</title>
    <para>This function uses MATIO library (<literal><ulink url="http://sourceforge.net/projects/matio/">http://sourceforge.net/projects/matio/</ulink></literal>).</para>
  </refsection>
</refentry>
