<?xml version="1.0" encoding="UTF-8"?>
<!--
    * Scilab ( http://www.scilab.org/ ) - This file is part of Scilab
    * Copyright (C) 2008 - INRIA - Vincent COUVERT 
    * 
    * This file must be used under the terms of the CeCILL.
    * This source file is licensed as described in the file COPYING, which
    * you should have received as part of this distribution.  The terms
    * are also available at    
    * http://www.cecill.info/licences/Licence_CeCILL_V2-en.txt
    *
    -->
<refentry xmlns="http://docbook.org/ns/docbook" xmlns:xlink="http://www.w3.org/1999/xlink" xmlns:svg="http://www.w3.org/2000/svg" xmlns:mml="http://www.w3.org/1998/Math/MathML" xmlns:db="http://docbook.org/ns/docbook" version="5.0-subset Scilab" xml:lang="en" xml:id="matfile_open">
  <info>
    <pubdate>$LastChangedDate: 2008-04-10 14:32:05 +0200 (jeu, 10 avr 2008) $</pubdate>
  </info>
  <refnamediv>
    <refname>matfile_open</refname>
    <refpurpose>Opens a Matlab V5 binary MAT-file.</refpurpose>
  </refnamediv>
  <refsynopsisdiv>
    <title>Calling Sequence</title>
    <synopsis>fd = matfile_open(filename[, mode])</synopsis>
  </refsynopsisdiv>
  <refsection>
    <title>Parameters</title>
    <variablelist>
      <varlistentry>
        <term>filename</term>
        <listitem>
          <para>String: the path of the file. Must contain only ANSI character.</para>
        </listitem>
      </varlistentry>
      <varlistentry>
        <term>mode</term>
        <listitem>
          <para>String: file access type (<literal>"r"</literal> by default).</para>
          <itemizedlist>
            <listitem>
              <para><emphasis>"r"</emphasis>: opens the file for reading.</para>
            </listitem>
            <listitem>
              <para><emphasis>"w"</emphasis>: opens the file for writing.</para>
            </listitem>
          </itemizedlist>
        </listitem>
      </varlistentry>
      <varlistentry>
        <term>fd</term>
        <listitem>
          <para>Real: file descriptor (-1 if opening failed).</para>
        </listitem>
      </varlistentry>
    </variablelist>
  </refsection>
  <refsection>
    <title>Description</title>
    <para>
    Opens a Matlab binary MAT-file for reading or writing data.</para>
  </refsection>
  <refsection>
    <title>See Also</title>
    <simplelist type="inline">
      <member>
        <link linkend="matfile_close">matfile_close</link>
      </member>
      <member>
        <link linkend="matfile_varreadnext">matfile_varreadnext</link>
      </member>
      <member>
        <link linkend="matfile_varwrite">matfile_varwrite</link>
      </member>
      <member>
        <link linkend="matfile_listvar">matfile_listvar</link>
      </member>
    </simplelist>
  </refsection>
  <refsection>
    <title>Authors</title>
    <simplelist type="vert">
      <member>V.C</member>
    </simplelist>
  </refsection>
  <refsection>
    <title>Bibliography</title>
    <para>This function uses MATIO library (<literal><ulink url="http://sourceforge.net/projects/matio/">http://sourceforge.net/projects/matio/</ulink></literal>).</para>
  </refsection>
</refentry>
