<?xml version="1.0" encoding="UTF-8"?>
<!--
* Scilab ( http://www.scilab.org/ ) - This file is part of Scilab
* Copyright (C) 2012 - Scilab Enterprises - Sylvestre LEDRU
*
* This file must be used under the terms of the CeCILL.
* This source file is licensed as described in the file COPYING, which
* you should have received as part of this distribution.  The terms
* are also available at
* http://www.cecill.info/licences/Licence_CeCILL_V2-en.txt
*
-->
<refentry xmlns="http://docbook.org/ns/docbook" xmlns:xlink="http://www.w3.org/1999/xlink" xmlns:svg="http://www.w3.org/2000/svg" xmlns:ns5="http://www.w3.org/1999/xhtml" xmlns:mml="http://www.w3.org/1998/Math/MathML" xmlns:db="http://docbook.org/ns/docbook" xmlns:scilab="http://www.scilab.org" xml:id="api_scilab_getting_started" xml:lang="en">
    <refnamediv>
        <refname>Getting started with API_Scilab</refname>
        <refpurpose>How to load a C, C++ or fortran code in the Scilab engine as a new function</refpurpose>
    </refnamediv>
    <refsection>
        <title>Description</title>
        <para>
            As described in the <link linkend="api_scilab">api_scilab presentation</link>, Scilab offers an API to extend the language with C, C++ or Fortran code (sources or libraries).
        </para>
        <para>
            The link between the Scilab engine and the application code is called <literal>gateway</literal>.
        </para>
        <para>
            Most of the time, the process is always the same:
            <orderedlist>
                <listitem>
                    <para>Check the number of arguments (both input and output) provided by the user.</para>
                    <para>
                        For example, if the function <literal>foo(x)</literal> is called with <literal>foo()</literal> or <literal>foo(2,3)</literal>, the user must get an answer.
                    </para>
                    <para>
                        More: <link linkend="CheckInputArgument">CheckInputArgument</link> and <link linkend="CheckOutputArgument">CheckOutputArgument</link>
                    </para>
                </listitem>
                <listitem>
                    <para>Manage input arguments</para>
                    <para>
                        Several tasks are performed:
                        <orderedlist inheritnum="inherit">
                            <listitem>
                                <para>Get the address to the variable for input argument X</para>
                                <para>
                                    Function
                                    <literal>
                                        SciErr <link linkend="Common_getvaraddr_API">getVarAddressFromPosition</link>(void* context, int positionOfTheVariable, int** address)
                                    </literal>
                                </para>
                            </listitem>
                            <listitem>
                                <para>Check the type of the variable: matrix of double (complex or not), string, etc</para>
                                <para>
                                    <literal>
                                        SciErr <link linkend="Common_getvartype_API">getVarType</link>(void* context, int* positionOfTheVariable, int* Type)
                                    </literal>
                                </para>
                                <para>
                                    Other functions are also provided:
                                    <itemizedlist>
                                        <listitem>
                                            <para>
                                                <literal>int isBooleanType(void* context, int* address)</literal>
                                            </para>
                                        </listitem>
                                        <listitem>
                                            <para>
                                                <literal>int isBooleanSparseType(void* context, int* address)</literal>
                                            </para>
                                        </listitem>
                                        <listitem>
                                            <para>
                                                <literal>int isDoubleType(void* context, int* address)</literal>
                                            </para>
                                        </listitem>
                                        <listitem>
                                            <para>
                                                <literal>int isIntegerType(void* context, int* address)</literal>
                                            </para>
                                        </listitem>
                                        <listitem>
                                            <para>
                                                <literal>int isPointerType(void* context, int* address)</literal>
                                            </para>
                                        </listitem>
                                        <listitem>
                                            <para>
                                                <literal>int isPolyType(void* context, int* address)</literal>
                                            </para>
                                        </listitem>
                                        <listitem>
                                            <para>
                                                <literal>int isSparseType(void* context, int* address)</literal>
                                            </para>
                                        </listitem>
                                        <listitem>
                                            <para>
                                                <literal>int isStringType(void* context, int* address)</literal>
                                            </para>
                                        </listitem>
                                        <listitem>
                                            <para>
                                                <literal>int isListType(void* context, int* address)</literal>
                                            </para>
                                        </listitem>
                                        <listitem>
                                            <para>
                                                <literal>int isTListType(void* context, int* address)</literal>
                                            </para>
                                        </listitem>
                                        <listitem>
                                            <para>
                                                <literal>int isMListType(void* context, int* address)</literal>
                                            </para>
                                        </listitem>
                                    </itemizedlist>
                                </para>
                            </listitem>
                            <listitem>
                                <para>If it is relevant, check if the input argument is complex or not.</para>
                                <para>
                                    <literal>
                                        int <link linkend="Common_iscomplex_API">isVarComplex</link>(void* context, int* address)
                                    </literal>
                                </para>
                            </listitem>
                            <listitem>
                                <para>Dealing with integer, further checks should be done on the precision of the integer</para>
                                <para>
                                    <literal>
                                        SciErr <link linkend="int_getmatrixofintegerprecision_API">getMatrixOfIntegerPrecision</link>(void* context, int* address, int* precision)
                                    </literal>
                                </para>
                            </listitem>
                            <listitem>
                                <para>Check the size of the variable: square matrix, scalar, etc</para>
                                <para>
                                    The retrieval of the size information will be done with the same functions used to retrieve the actual data. For example, for a matrix of double, the function call
                                    <literal>
                                        SciErr <link linkend="Double_management_reading_API">getMatrixOfDouble</link>(void* context, int* address, int* nbRows, int* nbCols, double** theActualData)
                                    </literal>
                                    will provide the dimension of the matrix.
                                </para>
                                <para>Almost all Scilab datatypes have an equivalent C function to perform such task.</para>
                            </listitem>
                            <listitem>
                                <para>Other checks can be done like specific values expected, consitency between the first and second input arguments, etc.</para>
                            </listitem>
                            <listitem>
                                <para>Data transformation (optional).</para>
                                <para>Depending on the code or library targeted, some transformations can be applied to the data. A classical example is changing the storage of a matrix from column-stored to line-stored.</para>
                                <para>Please note that it is usually a performance killer.</para>
                            </listitem>
                        </orderedlist>
                    </para>
                </listitem>
                <listitem>
                    <para>Application code</para>
                    <para>Once all the checks and data retrieval have been performed, the actual core code can be called. The actual intelligence (processes, data transformations, etc) will be performed here.</para>
                    <para>
                        This can be done through a thirdparty code stored and built in <literal>src/c</literal>, <literal>src/cpp</literal> or <literal>src/fortran</literal> but also under the form of a library. Virtually, any library could be linked to Scilab.
                    </para>
                </listitem>
                <listitem>
                    <para>Create the output arguments for the Scilab engine</para>
                    <para>Once the application code has been executed, usually, some data will be returned to the Scilab interpreter.</para>
                    <para>
                        For example, to create in the Scilab engine memory a matrix of double, the C function <literal>
                            SciErr <link linkend="Double_management_writing_API">createMatrixOfDouble</link>(void* context, int position, int nbRows, int nbCols, const double* matrixOfDouble)
                        </literal>
                        should be called.
                    </para>
                    <para>
                        The position is usually provided by <literal>nbInputArgument(pvApiCtx) + X</literal>. <literal>X</literal> being the position of the returned output argument. For example, with the function profile <literal>[a, b, c] = foo();</literal> the <literal>nbInputArgument(pvApiCtx) + 3</literal> will be the variable <literal>c</literal>.
                    </para>
                    <para>Note that the order of creation must be respected in the gateway.</para>
                    <para>Almost all Scilab datatypes have an equivalent C function to perform such task.</para>
                </listitem>
                <listitem>
                    <para>Return the output arguments to the Scilab engine</para>
                    <para>Following, the task 4, the created variable will be returned.</para>
                    <para>
                        Taking the previous example <literal>[a, b, c] = foo();</literal>, to return <literal>a</literal>, the following declaration must be done: <literal>AssignOutputVariable(pvApiCtx, 1) = nbInputArgument(pvApiCtx) + 1;</literal>
                    </para>
                    <para>
                        To commit the new variable to the Scilab engine, the function <link linkend="ReturnArguments">ReturnArguments(pvApiCtx)</link> must be called.
                    </para>
                </listitem>
            </orderedlist>
            
        </para>
        <para>Note that almost all the API_Scilab functions returns a C structure called SciErr which contains many information about the error.</para>
        <para>
            By default, Scilab numerical values are stored with the C type <literal>double</literal>.
        </para>
        <para>
            As convention, gateways are stored in <literal>sci_gateway/c/</literal> (or <literal>/cpp/</literal>) and are called <literal>sci_functionName.c</literal>.
        </para>
        <para>
            <literal>pvApiCtx</literal> is the global context variable. Useless in the 5 family, it has been introduced to manage multithread aspects coming with the version 6 of Scilab.
        </para>
    </refsection>
    <refsection>
        <title>Real life example</title>
        <para>Taking the sample Scilab function:</para>
        <para>
            <literal>[c,d] = foo(a,b)</literal>
        </para>
        <para>
            with <literal>a</literal> being a matrix of double and <literal>b</literal> a matrix of boolean with the same size of <literal>a</literal>, foo will multiply each element of <literal>a</literal> by 2 and return it as <literal>c</literal> and transform each element of element of b to its opposite.
        </para>
        <para>
            The example is available in the toolbox skeleton provided with the Scilab binary. The path is <literal>contrib/toolbox_skeleton/sci_gateway/c/sci_foo.c</literal>
        </para>
        <para>Detailed explanations are provided under the form of C comment in the following example.</para>
        <programlisting role="code_gateway">
            <![CDATA[ 
// Full source can be found in the sci_gateway/c/ directory of the
// toolbox skeleton

// Standard header
#include "api_scilab.h"
#include "BOOL.h"

// Function declaration
int sci_foo(char *fname, unsigned long fname_len)
{
    // Error management variable
    SciErr sciErr;

    ////////// Variables declaration //////////
    int m1 = 0, n1 = 0;
    int *piAddressVarOne = NULL;
    double *matrixOfDouble = NULL;
    double *newMatrixOfDouble = NULL;

    int m2 = 0, n2 = 0;
    int *piAddressVarTwo = NULL;
    int *matrixOfBoolean = NULL;
    int *newMatrixOfBoolean = NULL;
    int i = 0;


    ////////// Check the number of input and output arguments //////////
    /* --> [c, d] = foo(a, b) */
    /* check that we have only 2 input arguments */
    /* check that we have only 2 output argument */
    CheckInputArgument(pvApiCtx, 2, 2) ;
    CheckOutputArgument(pvApiCtx, 2, 2) ;


    ////////// Manage the first input argument (double) //////////
    /* get Address of inputs */
    sciErr = getVarAddressFromPosition(pvApiCtx, 1, &piAddressVarOne);
    if (sciErr.iErr)
    {
        printError(&sciErr, 0);
        return 0;
    }

    /* Check that the first input argument is a real matrix (and not complex) */
    if ( !isDoubleType(pvApiCtx, piAddressVarOne) ||  isVarComplex(pvApiCtx, piAddressVarOne) )
    {
        Scierror(999, "%s: Wrong type for input argument #%d: A real matrix expected.\n", fname, 1);
        return 0;
    }

    /* get matrix */
    sciErr = getMatrixOfDouble(pvApiCtx, piAddressVarOne, &m1, &n1, &matrixOfDouble);
    if (sciErr.iErr)
    {
        printError(&sciErr, 0);
        return 0;
    }

    ////////// Manage the second input argument (boolean) //////////

    /* get Address of inputs */
    sciErr = getVarAddressFromPosition(pvApiCtx, 2, &piAddressVarTwo);
    if (sciErr.iErr)
    {
        printError(&sciErr, 0);
        return 0;
    }

    if ( !isBooleanType(pvApiCtx, piAddressVarTwo) )
    {
        Scierror(999, "%s: Wrong type for input argument #%d: A boolean matrix expected.\n", fname, 2);
        return 0;
    }

    /* get matrix */
    sciErr = getMatrixOfBoolean(pvApiCtx, piAddressVarTwo, &m2, &n2, &matrixOfBoolean);
    if (sciErr.iErr)
    {
        printError(&sciErr, 0);
        return 0;
    }

    ////////// Check the consistency of the two input arguments //////////

    if ((m1 != m2) || (n1 != n2))
    {
        Scierror(999, "%s: Wrong size for input arguments: Same size expected.\n", fname, 1);
        return 0;
    }


    newMatrixOfDouble = (double*)malloc(sizeof(double) * m1 * n1);
    ////////// Application code //////////
    // Could be replaced by a call to a library

    for (i = 0; i < m1 * n1; i++)
    {
        /* For each element of the matrix, multiply by 2 */
        newMatrixOfDouble[i] = matrixOfDouble[i] * 2;
    }

    newMatrixOfBoolean = (int*)malloc(sizeof(BOOL) * m2 * n2);
    for (i = 0; i < m2 * n2; i++)
    {
        /* For each element of the matrix, invert the value */
        newMatrixOfBoolean[i] = ((matrixOfBoolean[i] == TRUE) ? FALSE : TRUE);
    }

    ////////// Create the output arguments //////////

    /* Create the matrix as return of the function */
    sciErr = createMatrixOfDouble(pvApiCtx, nbInputArgument(pvApiCtx) + 1, m1, n1, newMatrixOfDouble);
    free(newMatrixOfDouble); // Data have been copied into Scilab memory
    if (sciErr.iErr)
    {
        free(newMatrixOfBoolean); // Make sure everything is cleanup in case of error
        printError(&sciErr, 0);
        return 0;
    }

    /* Create the matrix as return of the function */
    sciErr = createMatrixOfBoolean(pvApiCtx, nbInputArgument(pvApiCtx) + 2, m2, n2, newMatrixOfBoolean);
    free(newMatrixOfBoolean); // Data have been copied into Scilab memory
    if (sciErr.iErr)
    {
        printError(&sciErr, 0);
        return 0;
    }


    ////////// Return the output arguments to the Scilab engine //////////

    AssignOutputVariable(pvApiCtx, 1) = nbInputArgument(pvApiCtx) + 1;
    AssignOutputVariable(pvApiCtx, 2) = nbInputArgument(pvApiCtx) + 2;

    return 0;
}
      ]]>
        </programlisting>
        <para>
            To build this code and load it to Scilab, we use the dynamic link capabilities of Scilab. Delegating the build process to Scilab, this code is multiplaform.
            <programlisting role="scilab">
                <![CDATA[
      files=["sci_foo.c"];
      // TODO: WTF ?
      WITHOUT_AUTO_PUTLHSVAR = %t;
      ilib_build('build_lib',['foo','sci_foo'],files,[]);
      exec loader.sce
      [c, d] = foo([2,%pi], [%t, %f])
      ]]>
            </programlisting>
        </para>
        <para>
            Various checks can be performed:
            <programlisting role="no-scilab-exec">
                <![CDATA[
-->[c, d] = foo(2, 2)
                   !--error 999
foo: Wrong type for input argument #2: A boolean matrix expected.
      ]]>
            </programlisting>
            <programlisting role="no-scilab-exec">
                <![CDATA[
-->[c, d] = foo([2,2], %t)
                        !--error 999
foo: Wrong size for input arguments: Same size expected.
      ]]>
            </programlisting>
            <programlisting role="no-scilab-exec">
                <![CDATA[
-->[a,b]=foo(2+%i,%t)
                   !--error 999
foo: Wrong type for input argument #1: A real matrix expected.
      ]]>
            </programlisting>
            <programlisting role="no-scilab-exec">
                <![CDATA[
-->[c, d] = foo([2,%pi], [%t, %f])
 d  =

  F T
 c  =

    4.    6.2831853
      ]]>
            </programlisting>
        </para>
    </refsection>
</refentry>
