<?xml version="1.0" encoding="ISO-8859-1"?>
<!--
 * Scilab ( http://www.scilab.org/ ) - This file is part of Scilab
 * Copyright (C) INRIA - 
 * 
 * This file must be used under the terms of the CeCILL.
 * This source file is licensed as described in the file COPYING, which
 * you should have received as part of this distribution.  The terms
 * are also available at    
 * http://www.cecill.info/licences/Licence_CeCILL_V2-en.txt
 *
 -->
<refentry xmlns="http://docbook.org/ns/docbook" xmlns:xlink="http://www.w3.org/1999/xlink" xmlns:svg="http://www.w3.org/2000/svg" xmlns:mml="http://www.w3.org/1998/Math/MathML" xmlns:db="http://docbook.org/ns/docbook" version="5.0-subset Scilab" xml:lang="en" xml:id="csim">
  <info>
    <pubdate>$LastChangedDate$</pubdate>
  </info>
  <refnamediv>
    <refname>csim</refname>
    <refpurpose> simulation (time response) of linear system</refpurpose>
  </refnamediv>
  <refsynopsisdiv>
    <title>Calling Sequence</title>
    <synopsis>[y [,x]]=csim(u,t,sl,[x0 [,tol]])</synopsis>
  </refsynopsisdiv>
  <refsection>
    <title>Parameters</title>
    <variablelist>
      <varlistentry>
        <term>u</term>
        <listitem>
          <para>function, list or string (control)</para>
        </listitem>
      </varlistentry>
      <varlistentry>
        <term>t</term>
        <listitem>
          <para>real vector specifying times  with, <literal>t(1)</literal> is the initial  time (<literal>x0=x(t(1))</literal>).</para>
        </listitem>
      </varlistentry>
      <varlistentry>
        <term>sl</term>
        <listitem>
          <para>list (<literal>syslin</literal>)</para>
        </listitem>
      </varlistentry>
      <varlistentry>
        <term>y</term>
        <listitem>
          <para>a  matrix such that   <literal>y=[y(t(i)]</literal>, i=1,..,n</para>
        </listitem>
      </varlistentry>
      <varlistentry>
        <term>x</term>
        <listitem>
          <para>a  matrix such that   <literal>x=[x(t(i)]</literal>, i=1,..,n</para>
        </listitem>
      </varlistentry>
      <varlistentry>
        <term>tol</term>
        <listitem>
          <para>a 2 vector [atol rtol] defining absolute and relative tolerances for ode solver (see ode)</para>
        </listitem>
      </varlistentry>
    </variablelist>
  </refsection>
  <refsection>
    <title>Description</title>
    <para>
    simulation of the controlled linear system <literal>sl</literal>.
    <literal>sl</literal> is assumed to be a continuous-time system 
    represented by a <literal>syslin</literal> list.</para>
    <para><literal>u</literal> is the control and <literal>x0</literal> the initial state.</para>
    <para><literal>y</literal> is the output and <literal>x</literal> the state.</para>
    <para>
    The control can be:</para>
    <para>
    1. a function : <literal>[inputs]=u(t)</literal></para>
    <para>
    2. a list : <literal>list(ut,parameter1,....,parametern)</literal> such that:
    <literal>inputs=ut(t,parameter1,....,parametern)</literal> (<literal>ut</literal> is a function)</para>
    <para>
    3. the string <literal>"impuls"</literal> for impulse response calculation
    (here <literal>sl</literal> is assumed SISO without direct feed through and <literal>x0=0</literal>)</para>
    <para>
    4. the string <literal>"step"</literal> for step response calculation 
    (here <literal>sl</literal> is assumed SISO without direct feed-through and
    <literal>x0=0</literal>)</para>
    <para>
    5. a vector giving the values of u correponding to each t value.</para>
  </refsection>
  <refsection>
    <title>Examples</title>
    <programlisting role="example"><![CDATA[

s=poly(0,'s');rand('seed',0);w=ssrand(1,1,3);w('A')=w('A')-2*eye();
t=0:0.05:5;
//impulse(w) = step (s * w)
xbasc(0);xset("window",0);xselect();
plot2d([t',t'],[(csim('step',t,tf2ss(s)*w))',0*t'])
xbasc(1);xset("window",1);xselect();
plot2d([t',t'],[(csim('impulse',t,w))',0*t'])
//step(w) = impulse (s^-1 * w)
xbasc(3);xset("window",3);xselect();
plot2d([t',t'],[(csim('step',t,w))',0*t'])
xbasc(4);xset("window",4);xselect();
plot2d([t',t'],[(csim('impulse',t,tf2ss(1/s)*w))',0*t'])

//input defined by a time function
deff('u=input(t)','u=abs(sin(t))')
xbasc();plot2d([t',t'],[(csim(input,t,w))',0*t'])

 
  ]]></programlisting>
  </refsection>
  <refsection>
    <title>See Also</title>
    <simplelist type="inline">
      <member>
        <link linkend="syslin">syslin</link>
      </member>
      <member>
        <link linkend="dsimul">dsimul</link>
      </member>
      <member>
        <link linkend="flts">flts</link>
      </member>
      <member>
        <link linkend="ltitr">ltitr</link>
      </member>
      <member>
        <link linkend="rtitr">rtitr</link>
      </member>
      <member>
        <link linkend="ode">ode</link>
      </member>
      <member>
        <link linkend="impl">impl</link>
      </member>
    </simplelist>
  </refsection>
</refentry>
