<?xml version="1.0" encoding="ISO-8859-1"?>
<!--
 * Scilab ( http://www.scilab.org/ ) - This file is part of Scilab
 * Copyright (C) INRIA
 * 
 * This file must be used under the terms of the CeCILL.
 * This source file is licensed as described in the file COPYING, which
 * you should have received as part of this distribution.  The terms
 * are also available at    
 * http://www.cecill.info/licences/Licence_CeCILL_V2-en.txt
 *
 -->
<refentry xmlns="http://docbook.org/ns/docbook" xmlns:xlink="http://www.w3.org/1999/xlink" xmlns:svg="http://www.w3.org/2000/svg" xmlns:mml="http://www.w3.org/1998/Math/MathML" xmlns:db="http://docbook.org/ns/docbook" version="5.0-subset Scilab" xml:lang="en" xml:id="evans">
  <info>
    <pubdate>$LastChangedDate$</pubdate>
  </info>
  <refnamediv>
    <refname>evans</refname>
    <refpurpose>Evans root locus</refpurpose>
  </refnamediv>
  <refsynopsisdiv>
    <title>Calling Sequence</title>
    <synopsis>evans(H [,kmax])</synopsis>
  </refsynopsisdiv>
  <refsection>
    <title>Parameters</title>
    <variablelist>
      <varlistentry>
        <term>H</term>
        <listitem>
          <para>list (linear system <literal>syslin</literal>)</para>
        </listitem>
      </varlistentry>
      <varlistentry>
        <term>kmax</term>
        <listitem>
          <para>real (maximum gain desired for the plot )</para>
        </listitem>
      </varlistentry>
    </variablelist>
  </refsection>
  <refsection>
    <title>Description</title>
    <para>Gives the Evans root locus for a linear system in state-space or
    transfer form H(s) (<literal>syslin</literal> list). This is the locus of the
    roots of <literal>1+k*H(s)=1+k*N(s)/D(s)</literal>, in the complex plane. For a
    selected sample of gains <literal>k &lt;= kmax</literal>, the imaginary part of
    the roots of <literal>D(s)+k*N(s)</literal> is plotted vs the real part.</para>
    <para>To obtain the gain at a given point of the locus you can simply execute
    the following instruction :
    <literal>k=-1/real(horner(h,[1,%i]*locate(1)))</literal> and click the desired
    point on the root locus. If the coordinates of the selected point are in
    the real 2 x 1 vector <literal>P=locate(1)</literal> this <literal>k</literal> solves
    the equation <literal> k*N(w) + D(w) =0</literal> with
    <literal>w=P(1)+%i*P(2)=[1,%i]*P</literal>.</para>
  </refsection>
  <refsection>
    <title>Examples</title>
    <programlisting role="example"><![CDATA[

H=syslin('c',352*poly(-5,'s')/poly([0,0,2000,200,25,1],'s','c'));
evans(H,100)
P=3.0548543 - 8.8491842*%i;    //P=selected point
k=-1/real(horner(H,P));
Ns=H('num');Ds=H('den');
roots(Ds+k*Ns)     //contains P as particular root
// Another one
clf();s=poly(0,'s');n=1+s;
d=real(poly([-1 -2 -%i %i],'s'));
evans(n,d,100);
//
clf();n=real(poly([0.1-%i 0.1+%i,-10],'s'));
evans(n,d,80);
 
  ]]></programlisting>
  </refsection>
  <refsection>
    <title>See Also</title>
    <simplelist type="inline">
      <member>
        <link linkend="kpure">kpure</link>
      </member>
      <member>
        <link linkend="krac2">krac2</link>
      </member>
      <member>
        <link linkend="locate">locate</link>
      </member>
    </simplelist>
  </refsection>
</refentry>
