<?xml version="1.0" encoding="ISO-8859-1"?>
<!--
 * Scilab ( http://www.scilab.org/ ) - This file is part of Scilab
 * Copyright (C) INRIA
 * 
 * This file must be used under the terms of the CeCILL.
 * This source file is licensed as described in the file COPYING, which
 * you should have received as part of this distribution.  The terms
 * are also available at    
 * http://www.cecill.info/licences/Licence_CeCILL_V2-en.txt
 *
 -->
<refentry xmlns="http://docbook.org/ns/docbook" xmlns:xlink="http://www.w3.org/1999/xlink" xmlns:svg="http://www.w3.org/2000/svg" xmlns:mml="http://www.w3.org/1998/Math/MathML" xmlns:db="http://docbook.org/ns/docbook" version="5.0-subset Scilab" xml:lang="en" xml:id="gainplot">
  <info>
    <pubdate>$LastChangedDate: 2008-03-26 09:50:39 +0100 (Wed, 26 Mar 2008) $</pubdate>
  </info>
  <refnamediv>
    <refname>gainplot</refname>
    <refpurpose>magnitude plot</refpurpose>
  </refnamediv>
  <refsynopsisdiv>
    <title>Calling Sequence</title>
    <synopsis>gainplot(sl,fmin,fmax [,step] [,comments] )
gainplot(frq,db,phi [,comments])
gainplot(frq, repf [,comments])</synopsis>
  </refsynopsisdiv>
  <refsection>
    <title>Parameters</title>
    <variablelist>
      <varlistentry>
        <term>sl</term>
        <listitem>
          <para>list (<literal>syslin</literal> SIMO linear system).</para>
        </listitem>
      </varlistentry>
      <varlistentry>
        <term>fmin,fmax</term>
        <listitem>
          <para>real scalars (frequency interval).</para>
        </listitem>
      </varlistentry>
      <varlistentry>
        <term>step</term>
        <listitem>
          <para>real (discretization step (logarithmic scale))</para>
        </listitem>
      </varlistentry>
      <varlistentry>
        <term>comments</term>
        <listitem>
          <para>string</para>
        </listitem>
      </varlistentry>
      <varlistentry>
        <term>frq</term>
        <listitem>
          <para>matrix (row by row frequencies)</para>
        </listitem>
      </varlistentry>
      <varlistentry>
        <term>db,phi</term>
        <listitem>
          <para>matrices (magnitudes and phases corresponding to
          <literal>frq</literal>)</para>
        </listitem>
      </varlistentry>
      <varlistentry>
        <term>repf</term>
        <listitem>
          <para>complex matrix. One row for each frequency response.</para>
        </listitem>
      </varlistentry>
    </variablelist>
  </refsection>
  <refsection>
    <title>Description</title>
    <para>Same as Bode but plots only the magnitude.</para>
  </refsection>
  <refsection>
    <title>Examples</title>
    <programlisting role="example"><![CDATA[

s=poly(0,'s')
h=syslin('c',(s^2+2*0.9*10*s+100)/(s^2+2*0.3*10.1*s+102.01))
gainplot(h,0.01,100,'(s^2+2*0.9*10*s+100)/(s^2+2*0.3*10.1*s+102.01)')
clf()
h1=h*syslin('c',(s^2+2*0.1*15.1*s+228.01)/(s^2+2*0.9*15*s+225))
gainplot([h1;h],0.01,100,['h1';'h'])
 
  ]]></programlisting>
  </refsection>
  <refsection>
    <title>See Also</title>
    <simplelist type="inline">
      <member>
        <link linkend="bode">bode</link>
      </member>
      <member>
        <link linkend="black">black</link>
      </member>
      <member>
        <link linkend="nyquist">nyquist</link>
      </member>
      <member>
        <link linkend="freq">freq</link>
      </member>
      <member>
        <link linkend="repfreq">repfreq</link>
      </member>
      <member>
        <link linkend="g_margin">g_margin</link>
      </member>
      <member>
        <link linkend="p_margin">p_margin</link>
      </member>
    </simplelist>
  </refsection>
</refentry>
