<?xml version="1.0" encoding="ISO-8859-1"?>
<!--
 * Scilab ( http://www.scilab.org/ ) - This file is part of Scilab
 * Copyright (C) INRIA - F. Delebecque
 * 
 * This file must be used under the terms of the CeCILL.
 * This source file is licensed as described in the file COPYING, which
 * you should have received as part of this distribution.  The terms
 * are also available at    
 * http://www.cecill.info/licences/Licence_CeCILL_V2-en.txt
 *
 -->
<refentry xmlns="http://docbook.org/ns/docbook" xmlns:xlink="http://www.w3.org/1999/xlink" xmlns:svg="http://www.w3.org/2000/svg" xmlns:mml="http://www.w3.org/1998/Math/MathML" xmlns:db="http://docbook.org/ns/docbook" version="5.0-subset Scilab" xml:lang="en" xml:id="h_inf">
  <info>
    <pubdate>$LastChangedDate$</pubdate>
  </info>
  <refnamediv>
    <refname>h_inf</refname>
    <refpurpose> H-infinity (central) controller</refpurpose>
  </refnamediv>
  <refsynopsisdiv>
    <title>Calling Sequence</title>
    <synopsis>[Sk,ro]=h_inf(P,r,romin,romax,nmax)
[Sk,rk,ro]=h_inf(P,r,romin,romax,nmax)</synopsis>
  </refsynopsisdiv>
  <refsection>
    <title>Parameters</title>
    <variablelist>
      <varlistentry>
        <term>P</term>
        <listitem>
          <para>: <literal>syslin</literal> list : continuous-time linear system (``augmented'' plant given in state-space form  or in transfer form)</para>
        </listitem>
      </varlistentry>
      <varlistentry>
        <term>r</term>
        <listitem>
          <para>size of the <literal>P22</literal> plant i.e. 2-vector <literal>[#outputs,#inputs]</literal></para>
        </listitem>
      </varlistentry>
      <varlistentry>
        <term>romin,romax</term>
        <listitem>
          <para>a priori bounds on <literal>ro</literal> with <literal>ro=1/gama^2</literal>; (<literal>romin=0</literal>  usually)</para>
        </listitem>
      </varlistentry>
      <varlistentry>
        <term>nmax</term>
        <listitem>
          <para>integer, maximum number of iterations in the gama-iteration.</para>
        </listitem>
      </varlistentry>
    </variablelist>
  </refsection>
  <refsection>
    <title>Description</title>
    <para><literal>h_inf</literal> computes H-infinity optimal controller for the 
    continuous-time plant <literal>P</literal>.</para>
    <para>
    The partition of <literal>P</literal> into four sub-plants is given through
    the 2-vector <literal>r</literal> which is the size of the <literal>22</literal> part of <literal>P</literal>.</para>
    <para><literal>P</literal> is given in state-space 
    e.g. <literal>P=syslin('c',A,B,C,D)</literal> with <literal>A,B,C,D</literal> = constant matrices
    or <literal>P=syslin('c',H)</literal> with <literal>H</literal> a transfer matrix.</para>
    <para><literal>[Sk,ro]=H_inf(P,r,romin,romax,nmax)</literal> returns
    <literal>ro</literal> in <literal>[romin,romax]</literal> and the central
    controller <literal>Sk</literal> in the same representation as
    <literal>P</literal>.</para>
    <para>
    (All calculations are made in state-space, i.e conversion to
    state-space is done by the function, if necessary).</para>
    <para>
    Invoked with three LHS parameters,</para>
    <para><literal>[Sk,rk,ro]=H_inf(P,r,romin,romax,nmax)</literal> returns
    <literal>ro</literal> and the Parameterization of all stabilizing
    controllers:</para>
    <para>
    a stabilizing controller <literal>K</literal> is obtained by
    <literal>K=lft(Sk,r,PHI)</literal> where <literal>PHI</literal> is a linear
    system with dimensions <literal>r'</literal> and satisfy:</para>
    <para><literal>H_norm(PHI) &lt; gamma</literal>.  <literal>rk (=r)</literal> is the
    size of the <literal>Sk22</literal> block and <literal>ro = 1/gama^2</literal>
    after <literal>nmax</literal> iterations.</para>
    <para>
    Algorithm is adapted from Safonov-Limebeer. Note that <literal>P</literal> is assumed to be 
    a continuous-time plant.</para>
  </refsection>
  <refsection>
    <title>See Also</title>
    <simplelist type="inline">
      <member>
        <link linkend="gamitg">gamitg</link>
      </member>
      <member>
        <link linkend="ccontrg">ccontrg</link>
      </member>
      <member>
        <link linkend="leqr">leqr</link>
      </member>
    </simplelist>
  </refsection>
  <refsection>
    <title>Authors</title>
    <para>F.Delebecque INRIA (1990)  </para>
  </refsection>
</refentry>
