<?xml version="1.0" encoding="ISO-8859-1"?>
<!--
 * Scilab ( http://www.scilab.org/ ) - This file is part of Scilab
 * Copyright (C) INRIA - F Delebecque
 * 
 * This file must be used under the terms of the CeCILL.
 * This source file is licensed as described in the file COPYING, which
 * you should have received as part of this distribution.  The terms
 * are also available at    
 * http://www.cecill.info/licences/Licence_CeCILL_V2-en.txt
 *
 -->
<refentry xmlns="http://docbook.org/ns/docbook" xmlns:xlink="http://www.w3.org/1999/xlink" xmlns:svg="http://www.w3.org/2000/svg" xmlns:mml="http://www.w3.org/1998/Math/MathML" xmlns:db="http://docbook.org/ns/docbook" version="5.0-subset Scilab" xml:lang="en" xml:id="lqg">
  <info>
    <pubdate>$LastChangedDate$</pubdate>
  </info>
  <refnamediv>
    <refname>lqg</refname>
    <refpurpose> LQG compensator</refpurpose>
  </refnamediv>
  <refsynopsisdiv>
    <title>Calling Sequence</title>
    <synopsis>[K]=lqg(P,r)</synopsis>
  </refsynopsisdiv>
  <refsection>
    <title>Parameters</title>
    <variablelist>
      <varlistentry>
        <term>P</term>
        <listitem>
          <para>: <literal>syslin</literal> list (augmented plant) in state-space form</para>
        </listitem>
      </varlistentry>
      <varlistentry>
        <term>r</term>
        <listitem>
          <para>1x2 row vector = (number of measurements, number of inputs)  (dimension of  the 2,2 part of <literal>P</literal>)</para>
        </listitem>
      </varlistentry>
      <varlistentry>
        <term>K</term>
        <listitem>
          <para>: <literal>syslin</literal> list (controller)</para>
        </listitem>
      </varlistentry>
    </variablelist>
  </refsection>
  <refsection>
    <title>Description</title>
    <para><literal>lqg</literal>  computes the linear optimal LQG (H2) controller for the 
    "augmented" plant <literal>P=syslin('c',A,B,C,D)</literal> (continuous time) or 
    <literal>P=syslin('d',A,B,C,D)</literal> (discrete time).</para>
    <para>
    The function <literal>lqg2stan</literal> returns <literal>P</literal> and <literal>r</literal> given the
    nominal plant, weighting terms and variances of noises.</para>
    <para><literal>K</literal> is given by the following ABCD matrices: 
    <literal>[A+B*Kc+Kf*C+Kf*D*Kc,-Kf,Kc,0]</literal> where <literal>Kc=lqr(P12)</literal>
    is the controller gain and <literal>Kf=lqe(P21)</literal> is the filter gain.
    See example in <literal>lqg2stan</literal>.</para>
  </refsection>
  <refsection>
    <title>See Also</title>
    <simplelist type="inline">
      <member>
        <link linkend="lqg2stan">lqg2stan</link>
      </member>
      <member>
        <link linkend="lqr">lqr</link>
      </member>
      <member>
        <link linkend="lqe">lqe</link>
      </member>
      <member>
        <link linkend="h_inf">h_inf</link>
      </member>
      <member>
        <link linkend="obscont">obscont</link>
      </member>
    </simplelist>
  </refsection>
  <refsection>
    <title>Authors</title>
    <para>F.D.  </para>
  </refsection>
</refentry>
