<?xml version="1.0" encoding="ISO-8859-1"?>
<!--
 * Scilab ( http://www.scilab.org/ ) - This file is part of Scilab
 * Copyright (C) INRIA - F.D
 * 
 * This file must be used under the terms of the CeCILL.
 * This source file is licensed as described in the file COPYING, which
 * you should have received as part of this distribution.  The terms
 * are also available at    
 * http://www.cecill.info/licences/Licence_CeCILL_V2-en.txt
 *
 -->
<refentry xmlns="http://docbook.org/ns/docbook" xmlns:xlink="http://www.w3.org/1999/xlink" xmlns:svg="http://www.w3.org/2000/svg" xmlns:mml="http://www.w3.org/1998/Math/MathML" xmlns:db="http://docbook.org/ns/docbook" version="5.0-subset Scilab" xml:lang="en" xml:id="pfss">
  <info>
    <pubdate>$LastChangedDate$</pubdate>
  </info>
  <refnamediv>
    <refname>pfss</refname>
    <refpurpose> partial fraction decomposition</refpurpose>
  </refnamediv>
  <refsynopsisdiv>
    <title>Calling Sequence</title>
    <synopsis>elts=pfss(Sl)
elts=pfss(Sl,rmax)
elts=pfss(Sl,'cord')
elts=pfss(Sl,rmax,'cord')</synopsis>
  </refsynopsisdiv>
  <refsection>
    <title>Parameters</title>
    <variablelist>
      <varlistentry>
        <term>Sl</term>
        <listitem>
          <para><literal>syslin</literal> list (state-space or transfer linear system)
  rmax : real number controlling the conditioning of block
  diagoanalization cord : character string <literal>'c'</literal>
  or <literal>'d'</literal>.</para>
        </listitem>
      </varlistentry>
    </variablelist>
  </refsection>
  <refsection>
    <title>Description</title>
    <para>
    Partial fraction decomposition of the linear system <literal>Sl</literal> (in state-space 
    form, transfer matrices are automatically converted to state-space form
    by <literal>tf2ss</literal>):</para>
    <para><literal>elts</literal> is the list of linear systems which add up to <literal>Sl</literal>
    i.e. <literal>elts=list(S1,S2,S3,...,Sn)</literal> with:</para>
    <para><literal>Sl = S1 + S2 +... +Sn</literal>.</para>
    <para>
    Each <literal>Si</literal> contains some poles of <literal/>S according to the 
    block-diagonalization of the <literal>A</literal> matrix of <literal>S</literal>.</para>
    <para>
    For non proper systems the polynomial part of <literal>Sl</literal> is put
    in the last entry of <literal>elts</literal>.</para>
    <para>
    If <literal>Sl</literal> is given in transfer form, it is first converted into state-space
    and each subsystem <literal>Si</literal> is then converted in transfer form.</para>
    <para>
    The A matrix is of the state-space is put into block diagonal form
    by function <literal>bdiag</literal>. The optional parameter <literal>rmax</literal> is sent to
    <literal>bdiag</literal>. If <literal>rmax</literal> should be set to a large number to enforce
    block-diagonalization.</para>
    <para>
    If the optional flag <literal>cord='c'</literal> is given the elements in <literal>elts</literal>
    are sorted according to the real part (resp. magnitude if <literal>cord='d'</literal>)
    of the eigenvalues of A matrices.</para>
  </refsection>
  <refsection>
    <title>Examples</title>
    <programlisting role="example"><![CDATA[

W=ssrand(1,1,6);
elts=pfss(W); 
W1=0;for k=1:size(elts), W1=W1+ss2tf(elts(k));end
clean(ss2tf(W)-W1)
 
  ]]></programlisting>
  </refsection>
  <refsection>
    <title>See Also</title>
    <simplelist type="inline">
      <member>
        <link linkend="pbig">pbig</link>
      </member>
      <member>
        <link linkend="bdiag">bdiag</link>
      </member>
      <member>
        <link linkend="coffg">coffg</link>
      </member>
      <member>
        <link linkend="dtsi">dtsi</link>
      </member>
    </simplelist>
  </refsection>
  <refsection>
    <title>Authors</title>
    <para>F.D.;   </para>
  </refsection>
</refentry>
