<?xml version="1.0" encoding="ISO-8859-1"?>
<!--
 * Scilab ( http://www.scilab.org/ ) - This file is part of Scilab
 * Copyright (C) 2006-2008 - INRIA
 *
 * This file must be used under the terms of the CeCILL.
 * This source file is licensed as described in the file COPYING, which
 * you should have received as part of this distribution.  The terms
 * are also available at
 * http://www.cecill.info/licences/Licence_CeCILL_V2-en.txt
 *
 -->
<refentry xmlns="http://docbook.org/ns/docbook" xmlns:xlink="http://www.w3.org/1999/xlink" xmlns:svg="http://www.w3.org/2000/svg" xmlns:mml="http://www.w3.org/1998/Math/MathML" xmlns:db="http://docbook.org/ns/docbook" version="5.0-subset Scilab" xml:lang="en" xml:id="routh_t">
  <info>
    <pubdate>$LastChangedDate$</pubdate>
  </info>
  <refnamediv>
    <refname>routh_t</refname>
    <refpurpose> Routh's table</refpurpose>
  </refnamediv>
  <refsynopsisdiv>
    <title>Calling Sequence</title>
    <synopsis>r=routh_t(h [,k]).</synopsis>
  </refsynopsisdiv>
  <refsection>
    <title>Parameters</title>
    <variablelist>
      <varlistentry>
        <term>h</term>
        <listitem>
          <para>square rational matrix</para>
        </listitem>
      </varlistentry>
    </variablelist>
  </refsection>
  <refsection>
    <title>Description</title>
    <para><literal>r=routh_t(h,k)</literal> computes Routh's table of denominator of the
    system described by transfer matrix SISO <literal>h</literal> with the
    feedback by the gain <literal>k</literal>.</para>
    <para>
    If  <literal>k=poly(0,'k')</literal> we will have a polynomial matrix with dummy variable
    <literal>k</literal>, formal expression of the Routh table.</para>
  </refsection>
</refentry>
