<?xml version="1.0" encoding="UTF-8"?>
<!--
 * Scilab ( http://www.scilab.org/ ) - This file is part of Scilab
 * Copyright (C) INRIA - Allan CORNET
 * 
 * This file is released under the 3-clause BSD license. See COPYING-BSD.
 *
 -->
<refentry version="5.0-subset Scilab" xml:id="c_multiplybypi" xml:lang="en"
          xmlns="http://docbook.org/ns/docbook"
          xmlns:xlink="http://www.w3.org/1999/xlink"
          xmlns:svg="http://www.w3.org/2000/svg"
          xmlns:ns3="http://www.w3.org/1999/xhtml"
          xmlns:mml="http://www.w3.org/1998/Math/MathML"
          xmlns:db="http://docbook.org/ns/docbook">
  <info>
    <pubdate>$LastChangedDate: 2008-03-26 09:50:39 +0100 (mer., 26 mars 2008)
    $</pubdate>
  </info>

  <refnamediv>
    <refname>c_multiplybypi</refname>

    <refpurpose>multiply by %pi a number</refpurpose>
  </refnamediv>

  <refsynopsisdiv>
    <title>Calling Sequence</title>

    <synopsis>a = multiplybypi(b)</synopsis>
  </refsynopsisdiv>

  <refsection>
    <title>Description</title>

    <para>Do a sum.</para>

    <para>Add here a paragraph of the function description </para>
  </refsection>

  <refsection>
    <title>Examples</title>

    <programlisting role="example">c_multiplybypi(3)</programlisting>
  </refsection>

  <refsection role="see also">
    <title>See Also</title>
    <simplelist type="inline">
      <member>
        <link linkend="c_sum">c_sum</link>
      </member>
    </simplelist>
  </refsection>

  <refsection>
    <title>Authors</title>

    <simplelist type="vert">
      <member>Allan CORNET</member>
    </simplelist>
  </refsection>
</refentry>
