<?xml version="1.0" encoding="UTF-8"?>
<!--
 * Scilab ( http://www.scilab.org/ ) - This file is part of Scilab
 * Copyright (C) INRIA - 
 * 
 * This file must be used under the terms of the CeCILL.
 * This source file is licensed as described in the file COPYING, which
 * you should have received as part of this distribution.  The terms
 * are also available at    
 * http://www.cecill.info/licences/Licence_CeCILL_V2-en.txt
 *
 -->
<refentry xmlns="http://docbook.org/ns/docbook" xmlns:xlink="http://www.w3.org/1999/xlink" xmlns:svg="http://www.w3.org/2000/svg" xmlns:mml="http://www.w3.org/1998/Math/MathML" xmlns:db="http://docbook.org/ns/docbook" xmlns:scilab="http://www.scilab.org" xml:lang="en" xml:id="equil1">
    <refnamediv>
        <refname>equil1</refname>
        <refpurpose> balancing (nonnegative) pair of matrices</refpurpose>
    </refnamediv>
    <refsynopsisdiv>
        <title>Calling Sequence</title>
        <synopsis>[T [,siz]]=equil1(P,Q [,tol])</synopsis>
    </refsynopsisdiv>
    <refsection>
        <title>Arguments</title>
        <variablelist>
            <varlistentry>
                <term>P, Q</term>
                <listitem>
                    <para>two non-negative symmetric matrices</para>
                </listitem>
            </varlistentry>
            <varlistentry>
                <term>T</term>
                <listitem>
                    <para>nonsingular matrix</para>
                </listitem>
            </varlistentry>
            <varlistentry>
                <term>siz</term>
                <listitem>
                    <para>vector of three integers</para>
                </listitem>
            </varlistentry>
            <varlistentry>
                <term>tol</term>
                <listitem>
                    <para>threshold</para>
                </listitem>
            </varlistentry>
        </variablelist>
    </refsection>
    <refsection>
        <title>Description</title>
        <para>
            <literal>equil1</literal> computes <literal>t</literal> such that:
        </para>
        <para>
            <literal>P1=T*P*T'</literal>  and <literal>Q1=inv(T)'*Q*inv(T)</literal> are as follows:
        </para>
        <para>
            <literal>P1 = diag(S1,S2,0,0)</literal>  and <literal>Q1 = diag(S1,0,S3,0)</literal> with
            <literal>S1,S2,S3</literal> positive and diagonal matrices with respective 
            dimensions <literal>siz=[n1,n2,n3]</literal>
        </para>
        <para>
            <literal>tol</literal> is a threshold for rank determination in SVD
        </para>
    </refsection>
    <refsection>
        <title>Examples</title>
        <programlisting role="example"><![CDATA[ 
S1=rand(2,2);S1=S1*S1';
S2=rand(2,2);S2=S2*S2';
S3=rand(2,2);S3=S3*S3';
P=sysdiag(S1,S2,zeros(4,4));
Q=sysdiag(S1,zeros(2,2),S3,zeros(2,2));
X=rand(8,8);
P=X*P*X';Q=inv(X)'*Q*inv(X);
[T,siz]=equil1(P,Q);
P1=clean(T*P*T')
Q1=clean(inv(T)'*Q*inv(T))
 ]]></programlisting>
    </refsection>
    <refsection role="see also">
        <title>See Also</title>
        <simplelist type="inline">
            <member>
                <link linkend="balreal">balreal</link>
            </member>
            <member>
                <link linkend="minreal">minreal</link>
            </member>
            <member>
                <link linkend="equil">equil</link>
            </member>
            <member>
                <link linkend="hankelsv">hankelsv</link>
            </member>
        </simplelist>
    </refsection>
</refentry>
