<?xml version="1.0" encoding="UTF-8"?>
<!--
 * Scilab ( http://www.scilab.org/ ) - This file is part of Scilab
 * Copyright (C) INRIA - 
 * 
 * This file must be used under the terms of the CeCILL.
 * This source file is licensed as described in the file COPYING, which
 * you should have received as part of this distribution.  The terms
 * are also available at    
 * http://www.cecill.info/licences/Licence_CeCILL_V2-en.txt
 *
 -->
<refentry xmlns="http://docbook.org/ns/docbook" xmlns:xlink="http://www.w3.org/1999/xlink" xmlns:svg="http://www.w3.org/2000/svg" xmlns:mml="http://www.w3.org/1998/Math/MathML" xmlns:db="http://docbook.org/ns/docbook" xmlns:scilab="http://www.scilab.org" xml:lang="en" xml:id="fspecg">
    <refnamediv>
        <refname>fspecg</refname>
        <refpurpose>stable factorization of continuous time dynamical systems</refpurpose>
    </refnamediv>
    <refsynopsisdiv>
        <title>Calling Sequence</title>
        <synopsis>gm=fspecg(g).</synopsis>
    </refsynopsisdiv>
    <refsection>
        <title>Arguments</title>
        <variablelist>
            <varlistentry>
                <term>g</term>
                <listitem>
                    <para> a continuous time linear dynamical system.</para>
                </listitem>
            </varlistentry>
            <varlistentry>
                <term>gm</term>
                <listitem>
                    <para> a continuous time linear dynamical system.</para>
                </listitem>
            </varlistentry>
        </variablelist>
    </refsection>
    <refsection>
        <title>Description</title>
        <para>
            returns <literal>gm</literal> with <literal>gm</literal> and <literal>gm^-1</literal> stable such that:
        </para>
        <programlisting><![CDATA[ 
gtild(g)*g = gtild(gm)*gm
 ]]></programlisting>
        <para>
            <literal>g</literal> and <literal>gm</literal> are continuous-time linear systems in state-space form.
        </para>
        <para>
            Imaginary-axis poles are forbidden.
        </para>
    </refsection>
    <refsection>
        <title>History</title>
        <revhistory>
            <revision>
                <revnumber>5.4.0</revnumber>
                <revremark>
                    <literal>Sl</literal> is now checked for continuous time linear dynamical system.
                    This modification has been introduced by this  <ulink url="http://gitweb.scilab.org/?p=scilab.git;a=commit;h=3d7083daae3339813ba747c8adcda1f9599bb80d">commit</ulink>
                </revremark>
            </revision>
        </revhistory>
    </refsection>
</refentry>
