<?xml version="1.0" encoding="UTF-8"?>
<!--
 * Scilab ( http://www.scilab.org/ ) - This file is part of Scilab
 * Copyright (C) INRIA - 
 * 
 * This file must be used under the terms of the CeCILL.
 * This source file is licensed as described in the file COPYING, which
 * you should have received as part of this distribution.  The terms
 * are also available at    
 * http://www.cecill.info/licences/Licence_CeCILL_V2-en.txt
 *
 -->
<refentry xmlns="http://docbook.org/ns/docbook" xmlns:xlink="http://www.w3.org/1999/xlink" xmlns:svg="http://www.w3.org/2000/svg" xmlns:mml="http://www.w3.org/1998/Math/MathML" xmlns:db="http://docbook.org/ns/docbook" xmlns:scilab="http://www.scilab.org" xml:lang="en" xml:id="invsyslin">
    <refnamediv>
        <refname>invsyslin</refname>
        <refpurpose> system inversion</refpurpose>
    </refnamediv>
    <refsynopsisdiv>
        <title>Calling Sequence</title>
        <synopsis>[sl2]=invsyslin(sl1)</synopsis>
    </refsynopsisdiv>
    <refsection>
        <title>Arguments</title>
        <variablelist>
            <varlistentry>
                <term>sl1,sl2</term>
                <listitem>
                    <para>
                        <literal>syslin</literal> lists (linear systems in state space representation)
                    </para>
                </listitem>
            </varlistentry>
        </variablelist>
    </refsection>
    <refsection>
        <title>Description</title>
        <para>
            Utility function. Computes the state form of the inverse <literal>sl2</literal> of 
            the linear system <literal>sl1</literal> (which is also given in state form).
        </para>
        <para>
            The <literal>D</literal>-matrix is supposed to be full rank. Old stuff used by 
            <literal>inv(S)</literal> when <literal>S</literal> is a <literal>syslin</literal> list.
        </para>
    </refsection>
    <refsection role="see also">
        <title>See Also</title>
        <simplelist type="inline">
            <member>
                <link linkend="rowregul">rowregul</link>
            </member>
            <member>
                <link linkend="inv">inv</link>
            </member>
        </simplelist>
    </refsection>
</refentry>
