<?xml version="1.0" encoding="UTF-8"?>
<!--
 * Scilab ( http://www.scilab.org/ ) - This file is part of Scilab
 * Copyright (C) ENPC - JPC
 * 
 * This file must be used under the terms of the CeCILL.
 * This source file is licensed as described in the file COPYING, which
 * you should have received as part of this distribution.  The terms
 * are also available at    
 * http://www.cecill.info/licences/Licence_CeCILL_V2-en.txt
 *
 -->
<refentry xmlns="http://docbook.org/ns/docbook" xmlns:xlink="http://www.w3.org/1999/xlink" xmlns:svg="http://www.w3.org/2000/svg" xmlns:mml="http://www.w3.org/1998/Math/MathML" xmlns:db="http://docbook.org/ns/docbook" xmlns:scilab="http://www.scilab.org" xml:lang="en" xml:id="narsimul">
    <refnamediv>
        <refname>narsimul</refname>
        <refpurpose> armax simulation ( using rtitr)   </refpurpose>
    </refnamediv>
    <refsynopsisdiv>
        <title>Calling Sequence</title>
        <synopsis>[z]=narsimul(a,b,d,sig,u,[up,yp,ep])
            [z]=narsimul(ar,u,[up,yp,ep])
        </synopsis>
    </refsynopsisdiv>
    <refsection>
        <title>Description</title>
        <para>
            ARMAX simulation. Same as arsimul but the method is different 
            the simulation is made with rtitr
        </para>
    </refsection>
</refentry>
