<?xml version="1.0" encoding="UTF-8"?>
<!--
 * Scilab ( http://www.scilab.org/ ) - This file is part of Scilab
 * Copyright (C) INRIA - 
 * 
 * This file must be used under the terms of the CeCILL.
 * This source file is licensed as described in the file COPYING, which
 * you should have received as part of this distribution.  The terms
 * are also available at    
 * http://www.cecill.info/licences/Licence_CeCILL_V2-en.txt
 *
 -->
<refentry xmlns="http://docbook.org/ns/docbook" xmlns:xlink="http://www.w3.org/1999/xlink" xmlns:svg="http://www.w3.org/2000/svg" xmlns:mml="http://www.w3.org/1998/Math/MathML" xmlns:db="http://docbook.org/ns/docbook" xmlns:scilab="http://www.scilab.org" xml:lang="en" xml:id="obsvss">
    <refnamediv>
        <refname>obsvss</refname>
        <refpurpose> observable part</refpurpose>
    </refnamediv>
    <refsynopsisdiv>
        <title>Calling Sequence</title>
        <synopsis>[Ao,Bo,Co]=obsvss(A,B,C [,tol])
            [slo]=obsvss(sl [,tol])
        </synopsis>
    </refsynopsisdiv>
    <refsection>
        <title>Arguments</title>
        <variablelist>
            <varlistentry>
                <term>A,B,C,Ao,Bo,Co</term>
                <listitem>
                    <para>real matrices</para>
                </listitem>
            </varlistentry>
            <varlistentry>
                <term>sl,slo</term>
                <listitem>
                    <para>
                        <literal>syslin</literal> lists
                    </para>
                </listitem>
            </varlistentry>
            <varlistentry>
                <term>tol</term>
                <listitem>
                    <para>
                        real (threshold) (default value <literal>100*%eps</literal>)
                    </para>
                </listitem>
            </varlistentry>
        </variablelist>
    </refsection>
    <refsection>
        <title>Description</title>
        <para>
            <literal>slo=(Ao,Bo,Co)</literal> is the observable part of linear system <literal>sl=(A,B,C)</literal> (<literal>syslin</literal> list)
        </para>
        <para>
            <literal>tol</literal>  threshold to test controllability (see <literal>contr</literal>); 
            default value = <literal>100*%eps</literal>
        </para>
    </refsection>
    <refsection role="see also">
        <title>See Also</title>
        <simplelist type="inline">
            <member>
                <link linkend="contr">contr</link>
            </member>
            <member>
                <link linkend="contrss">contrss</link>
            </member>
            <member>
                <link linkend="obsv_mat">obsv_mat</link>
            </member>
            <member>
                <link linkend="obs_gram">obs_gram</link>
            </member>
        </simplelist>
    </refsection>
</refentry>
