<?xml version="1.0" encoding="UTF-8"?>
<!--
 * Scilab ( http://www.scilab.org/ ) - This file is part of Scilab
 * Copyright (C) INRIA - 
 * 
 * This file must be used under the terms of the CeCILL.
 * This source file is licensed as described in the file COPYING, which
 * you should have received as part of this distribution.  The terms
 * are also available at    
 * http://www.cecill.info/licences/Licence_CeCILL_V2-en.txt
 *
 -->
<refentry xmlns="http://docbook.org/ns/docbook" xmlns:xlink="http://www.w3.org/1999/xlink" xmlns:svg="http://www.w3.org/2000/svg" xmlns:mml="http://www.w3.org/1998/Math/MathML" xmlns:db="http://docbook.org/ns/docbook" xmlns:scilab="http://www.scilab.org" xml:lang="en" xml:id="prbs_a">
    <refnamediv>
        <refname>prbs_a</refname>
        <refpurpose> pseudo random binary sequences generation</refpurpose>
    </refnamediv>
    <refsynopsisdiv>
        <title>Calling Sequence</title>
        <synopsis>[u]=prbs_a(n,nc,[ids])</synopsis>
    </refsynopsisdiv>
    <refsection>
        <title>Description</title>
        <para>
            generation of pseudo random binary sequences
            <literal>u=[u0,u1,...,u_(n-1)]</literal>
            u takes values in {-1,1} and changes at most nc times its sign.
            ids can be used to fix the date at which u must change its sign 
            ids is then an integer vector with values in <literal>[1:n]</literal>.
        </para>
    </refsection>
    <refsection>
        <title>Examples</title>
        <programlisting role="example"><![CDATA[ 
u=prbs_a(50,10);
plot2d2("onn",(1:50)',u',1,"151",' ',[0,-1.5,50,1.5]);
 ]]></programlisting>
    </refsection>
</refentry>
