<?xml version="1.0" encoding="utf-8"?>
<!--
 * Scilab ( http://www.scilab.org/ ) - This file is part of Scilab
 * Copyright (C) 2009  - DIGITEO - Antoine ELIAS
 * 
 * This file must be used under the terms of the CeCILL.
 * This source file is licensed as described in the file COPYING, which
 * you should have received as part of this distribution.  The terms
 * are also available at    
 * http://www.cecill.info/licences/Licence_CeCILL_V2-en.txt
 *
 -->
<refentry version="5.0-subset Scilab" xml:id="createSingleString"
          xml:lang="en" xmlns="http://docbook.org/ns/docbook"
          xmlns:xlink="http://www.w3.org/1999/xlink"
          xmlns:svg="http://www.w3.org/2000/svg"
          xmlns:ns5="http://www.w3.org/1999/xhtml"
          xmlns:mml="http://www.w3.org/1998/Math/MathML"
          xmlns:db="http://docbook.org/ns/docbook">

    <refnamediv>
        <refname>createSingleString</refname>

        <refpurpose>
            create a single string variable.
        </refpurpose>
    </refnamediv>
    <refsynopsisdiv>
      <title>Calling Sequence</title>
        <synopsis>int createSingleString(void* _pvCtx, int _iVar, const char* _pstStrings)</synopsis>
        <synopsis xml:id="createSingleWideString">int createSingleWideString(void* _pvCtx, int _iVar, const wchar_t* _pwstStrings)</synopsis>
    </refsynopsisdiv>
    <refsection>
        <title>Arguments</title>
        <variablelist>
            <varlistentry>
                <term>_pvCtx</term>
                <listitem>
                    <para>
                        Scilab environment pointer, pass in "pvApiCtx" provided by api_scilab.h.
                    </para>
                </listitem>
            </varlistentry>
            <varlistentry>
                <term>_iVar</term>
                <listitem>
                    <para>
                        Position in the Scilab memory where you want to put the variable
                    </para>
                </listitem>
            </varlistentry>
            <varlistentry>
                <term>_pstStrings</term>
                <listitem>
                    <para>
                        Address of string.
                    </para>
                </listitem>
            </varlistentry>
            <varlistentry>
                <term>_pwstStrings</term>
                <listitem>
                    <para>
                        Address of wide string.
                    </para>
                </listitem>
            </varlistentry>
        </variablelist>
    </refsection>
	<refsection>
		<title>Return value</title>
		<para>if successful 0, otherwise print error(s) message(s) in the Scilab console and returns first error number.</para>
	</refsection>
</refentry>
