<?xml version="1.0" encoding="UTF-8"?>
<!--
 * Scilab ( http://www.scilab.org/ ) - This file is part of Scilab
 * Copyright (C) DIGITEO - Pierre MARECHAL <pierre.marechal@scilab.org>
 * 
 * This file must be used under the terms of the CeCILL.
 * This source file is licensed as described in the file COPYING, which
 * you should have received as part of this distribution.  The terms
 * are also available at    
 * http://www.cecill.info/licences/Licence_CeCILL_V2-en.txt
 *
 -->
<refentry xmlns="http://docbook.org/ns/docbook" xmlns:xlink="http://www.w3.org/1999/xlink" xmlns:svg="http://www.w3.org/2000/svg" xmlns:mml="http://www.w3.org/1998/Math/MathML" xmlns:db="http://docbook.org/ns/docbook" version="5.0-subset Scilab" xml:lang="en" xml:id="atomsIsInstalled">
  <refnamediv>
    <refname>atomsIsInstalled</refname>
    <refpurpose>Determines whether the module is installed. Returns true if the module is installed, false otherwise.</refpurpose>
  </refnamediv>
  <!-- ===================================================================== -->
  <!-- Calling Sequence -->
  <!-- ===================================================================== -->
  <refsynopsisdiv>
    <title>Calling Sequence</title>
    <synopsis>
	  res = atomsIsInstalled(modules[,section])
	</synopsis>
  </refsynopsisdiv>
  <!-- ===================================================================== -->
  <!-- Parameters -->
  <!-- ===================================================================== -->
  <refsection>
    <title>Arguments</title>
    <variablelist>
			
			<!-- 1st input parameter -->
			
			<varlistentry>
        <term>modules</term>
        <listitem>
					
          <para>
						mx1, mx2 Matrix of strings:
					</para>
					
					<informaltable border="1">
						
						<!-- Technical name -->
						
						<tr>
							<td>
								<emphasis>1st Col.</emphasis>
							</td>
							<td>
								<emphasis role="strong">Technical name</emphasis>
							</td>
							<td>
								Mandatory
							</td>
							<td>
							</td>
						</tr>
						
						<!-- Version -->
						
						<tr>
							<td>
								<emphasis>2nd Col.</emphasis>
							</td>
							<td>
								<emphasis role="strong">Version</emphasis>
							</td>
							<td>
								Optionnal
							</td>
							<td>
								If this field is empty or is not present,
								module's version is ignored.
							</td>
						</tr>
						
						<!-- Section -->
						
						<tr>
							<td>
								<emphasis>3rd Col.</emphasis>
							</td>
							<td>
								<emphasis role="strong">Section</emphasis>
							</td>
							<td>
								Optionnal
							</td>
							<td>
								If this field is empty or is not present,
								module's section is ignored.
							</td>
						</tr>
						
					</informaltable>
				</listitem>
      </varlistentry>
			
			<!-- 2nd input parameter -->
			
			<varlistentry>
        <term>section</term>
        <listitem>
          <para>
						This argument controls the list of searched modules.
					</para>
          <para>
						<literal>section</literal> is a single-string and its value should be :
					</para>
          <itemizedlist>
            <listitem>
              <para>
								<literal>"all"</literal>: atomsIsInstalled() searchs external
								modules installed in both "user" and "allusers" sections.
							</para>
            </listitem>
            <listitem>
              <para>
								<literal>"allusers"</literal>: atomsIsInstalled() searchs external
								modules installed in the "allusers" section.
							</para>
            </listitem>
            <listitem>
              <para>
								<literal>"user"</literal>: atomsIsInstalled() searchs external
								modules installed in the "user" section.
							</para>
            </listitem>
          </itemizedlist>
					<para>
						The default value is "all".
					</para>
        </listitem>
			</varlistentry>
			
      <varlistentry>
        <term>res</term>
        <listitem>
          <para>
					</para>
        </listitem>
      </varlistentry>
    </variablelist>
  </refsection>
  <!-- ===================================================================== -->
  <!-- Description -->
  <!-- ===================================================================== -->
  <refsection>
    <title>Description</title>
    <para>
	  
	</para>
  </refsection>
  <!-- ===================================================================== -->
  <!-- Examples -->
  <!-- ===================================================================== -->
  <refsection>
    <title>Examples</title>
    <programlisting role="example">
<![CDATA[
atomsSetConfig("Verbose","True");
atomsRepositoryAdd("http://scene1.test.atoms.scilab.org");

// Install the needed module for the purpose of the example
atomsInstall("toolbox_5","user");

// simplest way
atomsIsInstalled("toolbox_5");

// Check several modules ...
atomsIsInstalled(["toolbox_5" "toolbox_4"])

// ... with a specific version
atomsIsInstalled(["toolbox_5" "1.0" ; "toolbox_4" "1.0" ; "toolbox_5" "1.1"])

// ... installed in a specific section
atomsIsInstalled(["toolbox_5" "1.0" ; "toolbox_4" "1.0" ; "toolbox_5" "1.1"],"user")
atomsIsInstalled(["toolbox_5" "1.0" ; "toolbox_4" "1.0" ; "toolbox_5" "1.1"],"allusers")

// Some cleaning ...
atomsRepositoryDel("http://scene2.test.atoms.scilab.org");
atomsRemove("toolbox_2");
]]>
		</programlisting>
  </refsection>
  <!-- ===================================================================== -->
  <!-- See also -->
  <!-- ===================================================================== -->
  <refsection role="see also">
<title>See Also</title>
    <simplelist type="inline">
      <member>
        <link linkend="atomsInstall">atomsInstall</link>
      </member>
      <member>
        <link linkend="atomsGetInstalled">atomsGetInstalled</link>
      </member>
    </simplelist>
  </refsection>
  <!-- ===================================================================== -->
  <!-- Authors -->
  <!-- ===================================================================== -->
  <refsection>
    <title>Authors</title>
    <simplelist type="vert">
      <member>Pierre MARECHAL - DIGITEO</member>
    </simplelist>
  </refsection>
</refentry>
