<?xml version="1.0" encoding="utf-8"?>
<!--
 * Scilab ( http://www.scilab.org/ ) - This file is part of Scilab
 * Copyright (C) 2009  - DIGITEO - Antoine ELIAS
 * 
 * This file must be used under the terms of the CeCILL.
 * This source file is licensed as described in the file COPYING, which
 * you should have received as part of this distribution.  The terms
 * are also available at    
 * http://www.cecill.info/licences/Licence_CeCILL_V2-en.txt
 *
 -->
<refentry version="5.0-subset Scilab" xml:id="polyExample"
          xml:lang="en" xmlns="http://docbook.org/ns/docbook"
          xmlns:xlink="http://www.w3.org/1999/xlink"
          xmlns:svg="http://www.w3.org/2000/svg"
          xmlns:ns5="http://www.w3.org/1999/xhtml"
          xmlns:mml="http://www.w3.org/1998/Math/MathML"
          xmlns:db="http://docbook.org/ns/docbook">
    <refnamediv>
        <refname>polynom example</refname>

        <refpurpose>
            Polynom use case.
        </refpurpose>
    </refnamediv>

    <refsection>
        <title>Description</title>
        <para>This example shows how to get a polynom variable and return it to Scilab.</para>
    </refsection>
    <refsection>
        <!--File_gateway: SCI/modules/api_scilab/tests/unit_tests/polyExample.c-->
        <!--File_scilab: SCI/modules/api_scilab/tests/unit_tests/polyExample.tst-->
        <!--Lib_name: polyExample-->
        <!--Func_list: polyExample-->
        <title>Gateway Source</title>
        <programlisting role="code_gateway">
            <![CDATA[ 
int polyExample(char *fname,unsigned long fname_len)
{
	SciErr sciErr;
	int* piAddr		= NULL;
	int iType			= 0;
	int iRet			= 0;

	CheckRhs(1,1);
	CheckLhs(0,1);

	sciErr = getVarAddressFromPosition(pvApiCtx, 1, &piAddr);
	if(sciErr.iErr)
	{
		printError(&sciErr, 0);
		return 0;
	}

	if(isPolyType(pvApiCtx, piAddr))
	{
		char pstVarName[64];
		int iLen		= 0;

		sciErr = getPolyVariableName(pvApiCtx, piAddr, pstVarName, &iLen);
		if(sciErr.iErr)
		{
			printError(&sciErr, 0);
			return sciErr.iErr;
		}

		if(isScalar(pvApiCtx, piAddr))
		{
			int iNbCoef				= 0;
			double* pdblReal	= NULL;
			double* pdblImg		= NULL;

			if(isVarComplex(pvApiCtx, piAddr))
			{
				iRet = getAllocatedSingleComplexPoly(pvApiCtx, piAddr, &iNbCoef, &pdblReal, &pdblImg);
				if(iRet)
				{
					freeAllocatedSingleComplexPoly(pdblReal, pdblImg);
					return iRet;
				}

				sciErr = createComplexMatrixOfPoly(pvApiCtx, Rhs + 1, pstVarName, 1, 1, &iNbCoef, &pdblReal, &pdblImg);
				if(sciErr.iErr)
				{
					freeAllocatedSingleComplexPoly(pdblReal, pdblImg);
					printError(&sciErr, 0);
					return sciErr.iErr;
				}
				freeAllocatedSingleComplexPoly(pdblReal, pdblImg);
			}
			else
			{
				iRet = getAllocatedSinglePoly(pvApiCtx, piAddr, &iNbCoef, &pdblReal);
				if(iRet)
				{
					freeAllocatedSinglePoly(pdblReal);
					return iRet;
				}

				sciErr = createMatrixOfPoly(pvApiCtx, Rhs + 1, pstVarName, 1, 1, &iNbCoef, &pdblReal);
				if(sciErr.iErr)
				{
					freeAllocatedSinglePoly(pdblReal);
					printError(&sciErr, 0);
					return sciErr.iErr;
				}
				freeAllocatedSinglePoly(pdblReal);
			}
		}
		else
		{
			int iRows					= 0;
			int iCols					= 0;
			int* piNbCoef			= NULL;
			double** pdblReal	= NULL;
			double** pdblImg	= NULL;

			if(isVarComplex(pvApiCtx, piAddr))
			{
				iRet = getAllocatedMatrixOfComplexPoly(pvApiCtx, piAddr, &iRows, &iCols, &piNbCoef, &pdblReal, &pdblImg);
				if(iRet)
				{
					freeAllocatedMatrixOfComplexPoly(iRows, iCols, piNbCoef, pdblReal, pdblImg);
					return iRet;
				}

				sciErr = createComplexMatrixOfPoly(pvApiCtx, Rhs + 1, pstVarName, iRows, iCols, piNbCoef, pdblReal, pdblImg);
				if(sciErr.iErr)
				{
					freeAllocatedMatrixOfComplexPoly(iRows, iCols, piNbCoef, pdblReal, pdblImg);
					printError(&sciErr, 0);
					return sciErr.iErr;
				}
				freeAllocatedMatrixOfComplexPoly(iRows, iCols, piNbCoef, pdblReal, pdblImg);
			}
			else
			{
				iRet = getAllocatedMatrixOfPoly(pvApiCtx, piAddr, &iRows, &iCols, &piNbCoef, &pdblReal);
				if(iRet)
				{
					freeAllocatedMatrixOfPoly(iRows, iCols, piNbCoef, pdblReal);
					return iRet;
				}

				sciErr = createMatrixOfPoly(pvApiCtx, Rhs + 1, pstVarName, iRows, iCols, piNbCoef, pdblReal);
				if(sciErr.iErr)
				{
					freeAllocatedMatrixOfPoly(iRows, iCols, piNbCoef, pdblReal);
					printError(&sciErr, 0);
					return sciErr.iErr;
				}
				freeAllocatedMatrixOfPoly(iRows, iCols, piNbCoef, pdblReal);
			}
		}
		LhsVar(1) = Rhs + 1;
	}
	else
	{
		LhsVar(1) = 0;
	}
	return 0;
}
 ]]>
        </programlisting>
    </refsection>
    <refsection>
        <title>Scilab test script</title>
        <programlisting role="code_scilab">
            <![CDATA[ 
a = %s;
b = (2 + 3*%i) * %s;
c = [a, 2*a, 3*a;4*a, 5*a, 6*a];
d = [c + c * %i];
if polyExample(a) <> a then pause, end
if polyExample(b) <> b then pause, end
if polyExample(c) <> c then pause, end
if polyExample(d) <> d then pause, end
 ]]>
        </programlisting>
    </refsection>
</refentry>
