<?xml version="1.0" encoding="utf-8"?>

<!--
 * Scilab ( http://www.scilab.org/ ) - This file is part of Scilab
 * Copyright (C) 2009  - DIGITEO - Antoine ELIAS
 * 
 * This file must be used under the terms of the CeCILL.
 * This source file is licensed as described in the file COPYING, which
 * you should have received as part of this distribution.  The terms
 * are also available at    
 * http://www.cecill.info/licences/Licence_CeCILL_V2.1-en.txt
 *
 -->

<refentry xmlns="http://docbook.org/ns/docbook" xmlns:xlink="http://www.w3.org/1999/xlink" xmlns:svg="http://www.w3.org/2000/svg" xmlns:ns5="http://www.w3.org/1999/xhtml" xmlns:mml="http://www.w3.org/1998/Math/MathML" xmlns:db="http://docbook.org/ns/docbook" xmlns:scilab="http://www.scilab.org" xml:id="isHandleType" xml:lang="ja">
    
    <refnamediv>
        
        <refname>isHandleType</refname>
        
        <refpurpose>
            
            ハンドル変数かどうかを調べる.
            
        </refpurpose>
        
    </refnamediv>
    
    <refsynopsisdiv>
        
        <title>呼び出し手順</title>
        
        <synopsis>int isHandleType(void* _pvCtx, int* _piAddress)</synopsis>
        
    </refsynopsisdiv>
    
    <refsection>
        
        <title>引数</title>
        
        <variablelist>
            
            <varlistentry>
                
                <term>_pvCtx</term>
                
                <listitem>
                    
                    <para>
                        
                        Scilab環境ポインタ, api_scilab.h により定義された "pvApiCtx"で指定.
                        
                    </para>
                    
                </listitem>
                
            </varlistentry>
            
            <varlistentry>
                
                <term>_piAddress</term>
                
                <listitem>
                    
                    <para>
                        
                        変数を保存するScilabメモリの位置.
                        
                    </para>
                    
                </listitem>
                
            </varlistentry>
            
        </variablelist>
        
    </refsection>
    
    <refsection>
        
        <title>戻り値</title>
        
        <para>変数がハンドル型の場合は1, それ以外は 0</para>
        
    </refsection>
    
    <title>History</title>
    
    <revhistory>
        
        <revision>
            
            <revnumber>5.5.0</revnumber>
            
            <revremark>この関数はScilab 5.5.0で追加されました</revremark>
            
        </revision>
        
    </revhistory>
    
</refentry>

