<?xml version="1.0" encoding="UTF-8"?>
    <!--
	This configuration file was written by the eclipse-cs plugin configuration editor
-->
    <!--
Checkstyle-Configuration: scilab checkstyle
Description:

-->
    <!DOCTYPE module PUBLIC "-//Puppy Crawl//DTD Check Configuration 1.2//EN" "http://www.puppycrawl.com/dtds/configuration_1_2.dtd">
    <module name="Checker">
        <property name="severity" value="warning"/>
        <module name="TreeWalker">
            <module name="FileContentsHolder"/>
            <module name="JavadocMethod"/>
            <module name="JavadocType"/>
            <module name="JavadocVariable">
                <property name="severity" value="info"/>
                <property name="scope" value="package"/>
            </module>
            <module name="JavadocStyle">
                <property name="checkFirstSentence" value="false"/>
            </module>
            <module name="ConstantName"/>
            <module name="LocalFinalVariableName"/>
            <module name="LocalVariableName"/>
            <module name="MemberName"/>
            <module name="MethodName"/>
            <module name="PackageName"/>
            <module name="ParameterName"/>
            <module name="StaticVariableName"/>
            <module name="TypeName"/>
            <module name="AvoidStarImport"/>
            <module name="IllegalImport"/>
            <module name="RedundantImport"/>
            <module name="UnusedImports"/>
            <module name="LineLength">
                <property name="max" value="150"/>
            </module>
            <module name="MethodLength"/>
            <module name="ParameterNumber"/>
            <module name="EmptyForIteratorPad"/>
            <module name="MethodParamPad"/>
            <module name="NoWhitespaceAfter"/>
            <module name="NoWhitespaceBefore"/>
            <module name="ParenPad"/>
            <module name="TypecastParenPad"/>
            <module name="WhitespaceAfter"/>
            <module name="WhitespaceAround">
                <property name="tokens" value="ASSIGN,BAND,BAND_ASSIGN,BOR,BOR_ASSIGN,BSR,BSR_ASSIGN,BXOR,BXOR_ASSIGN,COLON,DIV,DIV_ASSIGN,EQUAL,GE,GT,LAND,LCURLY,LE,LITERAL_ASSERT,LITERAL_CATCH,LITERAL_DO,LITERAL_ELSE,LITERAL_FINALLY,LITERAL_FOR,LITERAL_IF,LITERAL_RETURN,LITERAL_SYNCHRONIZED,LITERAL_TRY,LITERAL_WHILE,LOR,LT,MINUS,MINUS_ASSIGN,MOD,MOD_ASSIGN,NOT_EQUAL,PLUS,PLUS_ASSIGN,QUESTION,RCURLY,SL,SLIST,SL_ASSIGN,SR,SR_ASSIGN,STAR,STAR_ASSIGN,LITERAL_ASSERT,TYPE_EXTENSION_AND,WILDCARD_TYPE"/>
            </module>
            <module name="ModifierOrder"/>
            <module name="RedundantModifier"/>
            <module name="AvoidNestedBlocks"/>
            <module name="EmptyBlock"/>
            <module name="LeftCurly"/>
            <module name="NeedBraces"/>
            <module name="RightCurly"/>
            <module name="AvoidInlineConditionals"/>
            <module name="DoubleCheckedLocking"/>
            <module name="EmptyStatement"/>
            <module name="EqualsHashCode"/>
            <module name="HiddenField">
                <property name="tokens" value="VARIABLE_DEF"/>
            </module>
            <module name="IllegalInstantiation"/>
            <module name="InnerAssignment"/>
            <module name="MagicNumber"/>
            <module name="MissingSwitchDefault"/>
            <module name="RedundantThrows"/>
            <module name="SimplifyBooleanExpression"/>
            <module name="SimplifyBooleanReturn"/>
            <module name="DesignForExtension">
                <property name="severity" value="ignore"/>
            </module>
            <module name="FinalClass"/>
            <module name="HideUtilityClassConstructor"/>
            <module name="InterfaceIsType"/>
            <module name="VisibilityModifier"/>
            <module name="ArrayTypeStyle"/>
            <module name="TodoComment"/>
            <module name="UpperEll"/>
            <module name="OperatorWrap">
                <property name="severity" value="error"/>
            </module>
            <module name="DefaultComesLast"/>
            <module name="DeclarationOrder"/>
            <module name="ExplicitInitialization"/>
            <module name="FallThrough"/>
            <module name="IllegalCatch"/>
            <module name="IllegalThrows"/>
            <module name="IllegalType">
                <property name="tokens" value="METHOD_DEF,PARAMETER_DEF,VARIABLE_DEF"/>
            </module>
            <module name="MissingCtor"/>
            <module name="ModifiedControlVariable"/>
            <module name="MultipleStringLiterals"/>
            <module name="MultipleVariableDeclarations"/>
            <module name="NestedIfDepth">
                <property name="max" value="3"/>
            </module>
            <module name="NestedTryDepth">
                <property name="max" value="2"/>
            </module>
            <module name="PackageDeclaration"/>
            <module name="ParameterAssignment"/>
            <module name="ReturnCount">
                <property name="max" value="4"/>
            </module>
            <module name="StringLiteralEquality"/>
            <module name="SuperClone"/>
            <module name="SuperFinalize"/>
            <module name="BooleanExpressionComplexity">
                <property name="max" value="4"/>
            </module>
            <module name="ClassDataAbstractionCoupling"/>
            <module name="ClassFanOutComplexity"/>
            <module name="CyclomaticComplexity"/>
            <module name="JavaNCSS"/>
            <module name="NPathComplexity"/>
        </module>
        <module name="FileLength"/>
        <module name="JavadocPackage">
            <property name="severity" value="ignore"/>
            <metadata name="net.sf.eclipsecs.core.lastEnabledSeverity" value="inherit"/>
        </module>
        <module name="NewlineAtEndOfFile"/>
        <module name="Translation"/>
        <!--    
Commented because we do need it (copy and paste for create bridges)
<module name="StrictDuplicateCode">
        <property name="severity" value="info"/>
    </module>-->
        <module name="SuppressionCommentFilter">
            <property name="offCommentFormat" value="CSOFF\: ([\w\|]+)"/>
            <property name="onCommentFormat" value="CSON\: ([\w\|]+)"/>
            <property name="checkFormat" value="$1"/>
        </module>
        <module name="SuppressionCommentFilter" />
    </module>
