<?xml version="1.0" encoding="ISO-8859-1" standalone="no"?>
<!DOCTYPE MAN SYSTEM "../../manrev.dtd">
<MAN>
  <LANGUAGE>eng</LANGUAGE>
  <TITLE>cdfgam</TITLE>
  <TYPE>Scilab Function</TYPE>
  <DATE>Dec 1997</DATE>
  <SHORT_DESCRIPTION name="cdfgam"> cumulative distribution function gamma distribution</SHORT_DESCRIPTION>
  <CALLING_SEQUENCE>
    <CALLING_SEQUENCE_ITEM>[P,Q]=cdfgam(&quot;PQ&quot;,X,Shape,Scale)  </CALLING_SEQUENCE_ITEM>
    <CALLING_SEQUENCE_ITEM>[X]=cdfgam(&quot;X&quot;,Shape,Scale,P,Q)  </CALLING_SEQUENCE_ITEM>
    <CALLING_SEQUENCE_ITEM>[Shape]=cdfgam(&quot;Shape&quot;,Scale,P,Q,X)  </CALLING_SEQUENCE_ITEM>
    <CALLING_SEQUENCE_ITEM>[Scale]=cdfgam(&quot;Scale&quot;,P,Q,X,Shape)  </CALLING_SEQUENCE_ITEM>
  </CALLING_SEQUENCE>
  <PARAM>
    <PARAM_INDENT>
      <PARAM_ITEM>
        <PARAM_NAME>P,Q,X,Shape,Scale</PARAM_NAME>
        <PARAM_DESCRIPTION>
          <SP>: five real vectors of the same size.</SP>
        </PARAM_DESCRIPTION>
      </PARAM_ITEM>
      <PARAM_ITEM>
        <PARAM_NAME>P,Q (Q=1-P)  </PARAM_NAME>
        <PARAM_DESCRIPTION>
          <SP>The integral from 0 to X of the gamma density. Input range: [0,1].</SP>
        </PARAM_DESCRIPTION>
      </PARAM_ITEM>
      <PARAM_ITEM>
        <PARAM_NAME>X</PARAM_NAME>
        <PARAM_DESCRIPTION>
          <SP>:  The upper limit of integration of the gamma density. Input range: [0, +infinity). Search range: [0,1E300]</SP>
        </PARAM_DESCRIPTION>
      </PARAM_ITEM>
      <PARAM_ITEM>
        <PARAM_NAME>Shape</PARAM_NAME>
        <PARAM_DESCRIPTION>
          <SP>:  The shape parameter of the gamma density. Input range: (0, +infinity). Search range: [1E-300,1E300]</SP>
        </PARAM_DESCRIPTION>
      </PARAM_ITEM>
      <PARAM_ITEM>
        <PARAM_NAME>Scale</PARAM_NAME>
        <PARAM_DESCRIPTION>
          <SP>:  The scale parameter of the gamma density. Input range: (0, +infinity). Search range: (1E-300,1E300]</SP>
        </PARAM_DESCRIPTION>
      </PARAM_ITEM>
    </PARAM_INDENT>
  </PARAM>
  <DESCRIPTION>
    <P>
    Calculates any one parameter of the gamma
    distribution given values for the others.</P>
    <P>
    Cumulative distribution function (P) is calculated directly by
    the code associated with:</P>
    <P>
    DiDinato, A. R. and Morris, A. H. Computation of the  incomplete
    gamma function  ratios  and their  inverse.   ACM  Trans.  Math.
    Softw. 12 (1986), 377-393.</P>
    <P>
    Computation of other parameters involve a seach for a value that
    produces  the desired  value  of P.   The search relies  on  the
    monotinicity of P with the other parameter.</P>
    <P>
    The gamma density is proportional to
    <VERB>T**(SHAPE - 1) * EXP(- SCALE * T)</VERB></P>
    <P>
    From DCDFLIB: Library of Fortran Routines for Cumulative Distribution
    Functions, Inverses, and Other Parameters (February, 1994)
    Barry W. Brown, James Lovato and Kathy Russell. The University of
    Texas.</P>
  </DESCRIPTION>
</MAN>
