<?xml version="1.0" encoding="ISO-8859-1" standalone="no"?> 
<!DOCTYPE MAN SYSTEM "../../man.dtd">
<MAN>
  <LANGUAGE>eng</LANGUAGE>
  <TITLE>cdfbin  </TITLE>
  <TYPE>Scilab Function  </TYPE>
  <DATE>Dec 1997  </DATE>
  <SHORT_DESCRIPTION name="cdfbin"> cumulative distribution function Binomial distribution   </SHORT_DESCRIPTION>
  <CALLING_SEQUENCE>
  <CALLING_SEQUENCE_ITEM>[P,Q]=cdfbin(&quot;PQ&quot;,S,Xn,Pr,Ompr)  </CALLING_SEQUENCE_ITEM>
  <CALLING_SEQUENCE_ITEM>[S]=cdfbin(&quot;S&quot;,Xn,Pr,Ompr,P,Q)  </CALLING_SEQUENCE_ITEM>
  <CALLING_SEQUENCE_ITEM>[Xn]=cdfbin(&quot;Xn&quot;,Pr,Ompr,P,Q,S)  </CALLING_SEQUENCE_ITEM>
  <CALLING_SEQUENCE_ITEM>[Pr,Ompr]=cdfbin(&quot;PrOmpr&quot;,P,Q,S,Xn)  </CALLING_SEQUENCE_ITEM>
  </CALLING_SEQUENCE>
  <PARAM>
 <PARAM_INDENT>
  <PARAM_ITEM>
  <PARAM_NAME>P,Q,S,Xn,Pr,Ompr  </PARAM_NAME>
  <PARAM_DESCRIPTION>
    : six real vectors of the same size.
  </PARAM_DESCRIPTION> 
  </PARAM_ITEM>
  <PARAM_ITEM>
  <PARAM_NAME>P,Q (Q=1-P)  </PARAM_NAME>
  <PARAM_DESCRIPTION>
    : The cumulation from 0 to S of the binomial distribution. (Probablility of S or fewer successes in XN trials each with probability of success PR.) Input range: [0,1].
  </PARAM_DESCRIPTION> 
  </PARAM_ITEM>
  <PARAM_ITEM>
  <PARAM_NAME>S  </PARAM_NAME>
  <PARAM_DESCRIPTION>
    : The number of successes observed. Input range: [0, XN] Search range: [0, XN]
  </PARAM_DESCRIPTION> 
  </PARAM_ITEM>
  <PARAM_ITEM>
  <PARAM_NAME>Xn  </PARAM_NAME>
  <PARAM_DESCRIPTION>
    : The number of binomial trials. Input range: (0, +infinity). Search range: [1E-300, 1E300]
  </PARAM_DESCRIPTION> 
  </PARAM_ITEM>
  <PARAM_ITEM>
  <PARAM_NAME>Pr,Ompr (Ompr=1-Pr)  </PARAM_NAME>
  <PARAM_DESCRIPTION>
    : The probability of success in each binomial trial. Input range: [0,1]. Search range: [0,1]
  </PARAM_DESCRIPTION> 
  </PARAM_ITEM>
 </PARAM_INDENT>
  </PARAM>
  <DESCRIPTION>
  <P>
    Calculates any one parameter of the binomial
    distribution given values for the others.
  </P>
  <P>
    Formula  26.5.24    of   Abramowitz  and    Stegun,  Handbook   of
    Mathematical   Functions (1966) is   used  to reduce the  binomial
    distribution  to  the  cumulative incomplete    beta distribution.
  </P>
  <P>
    Computation of other parameters involve a seach for a value that
    produces  the desired  value  of P.   The search relies  on  the
    monotinicity of P with the other parameter.
  </P>
  <P>
    From DCDFLIB: Library of Fortran Routines for Cumulative Distribution
    Functions, Inverses, and Other Parameters (February, 1994)
    Barry W. Brown, James Lovato and Kathy Russell. The University of
    Texas.
  </P>
  </DESCRIPTION>
</MAN>
