<?xml version="1.0" encoding="UTF-8"?>
<!--
 * Scilab ( http://www.scilab.org/ ) - This file is part of Scilab
 * Copyright (C) INRIA - 
 * 
 * This file must be used under the terms of the CeCILL.
 * This source file is licensed as described in the file COPYING, which
 * you should have received as part of this distribution.  The terms
 * are also available at    
 * http://www.cecill.info/licences/Licence_CeCILL_V2-en.txt
 *
 -->
<refentry xmlns="http://docbook.org/ns/docbook" xmlns:xlink="http://www.w3.org/1999/xlink" xmlns:svg="http://www.w3.org/2000/svg" xmlns:mml="http://www.w3.org/1998/Math/MathML" xmlns:db="http://docbook.org/ns/docbook" version="5.0-subset Scilab" xml:lang="en" xml:id="arma2p">
  <info>
    <pubdate>$LastChangedDate$</pubdate>
  </info>
  <refnamediv>
    <refname>arma2p</refname>
    <refpurpose> extract polynomial matrices from ar representation</refpurpose>
  </refnamediv>
  <refsynopsisdiv>
    <title>Calling Sequence</title>
    <synopsis>[A,B,D]=arma2p(ar)</synopsis>
  </refsynopsisdiv>
  <refsection>
    <title>Arguments</title>
    <variablelist>
      <varlistentry>
        <term>A,B,D</term>
        <listitem>
          <para>three polynomial matrices</para>
        </listitem>
      </varlistentry>
      <varlistentry>
        <term>ar</term>
        <listitem>
          <para>Scilab 'ar' tlist for arma storage (see <literal>armac</literal>).</para>
        </listitem>
      </varlistentry>
    </variablelist>
  </refsection>
  <refsection>
    <title>Description</title>
    <para>
    this function extract polynomial matrices <literal>(A,B,D)</literal> from an armax
    description.</para>
  </refsection>
  <refsection>
    <title>Examples</title>
    <programlisting role="example"><![CDATA[ 
a=[1,-2.851,2.717,-0.865].*.eye(2,2)
b=[0,1,1,1].*.[1;1];
d=[1,0.7,0.2].*.eye(2,2);
sig=eye(2,2);
ar=armac(a,b,d,2,1,sig)
// extract polynomial matrices from ar representation 
[A,B,D]=arma2p(ar);
 ]]></programlisting>
  </refsection>
  <refsection role="see also">
<title>See Also</title>
    <simplelist type="inline">
      <member>
        <link linkend="arma">arma</link>
      </member>
      <member>
        <link linkend="armax">armax</link>
      </member>
      <member>
        <link linkend="armax1">armax1</link>
      </member>
      <member>
        <link linkend="arsimul">arsimul</link>
      </member>
      <member>
        <link linkend="armac">armac</link>
      </member>
    </simplelist>
  </refsection>
</refentry>
