<?xml version="1.0" encoding="UTF-8"?>
<!--
 * Scilab ( http://www.scilab.org/ ) - This file is part of Scilab
 * Copyright (C) INRIA - 
 * 
 * This file must be used under the terms of the CeCILL.
 * This source file is licensed as described in the file COPYING, which
 * you should have received as part of this distribution.  The terms
 * are also available at    
 * http://www.cecill.info/licences/Licence_CeCILL_V2-en.txt
 *
 -->
<refentry xmlns="http://docbook.org/ns/docbook" xmlns:xlink="http://www.w3.org/1999/xlink" xmlns:svg="http://www.w3.org/2000/svg" xmlns:mml="http://www.w3.org/1998/Math/MathML" xmlns:db="http://docbook.org/ns/docbook" version="5.0-subset Scilab" xml:lang="en" xml:id="cont_frm">
  <info>
    <pubdate>$LastChangedDate$</pubdate>
  </info>
  <refnamediv>
    <refname>cont_frm</refname>
    <refpurpose> transfer to controllable state-space</refpurpose>
  </refnamediv>
  <refsynopsisdiv>
    <title>Calling Sequence</title>
    <synopsis>[sl]=cont_frm(NUM,den)</synopsis>
  </refsynopsisdiv>
  <refsection>
    <title>Arguments</title>
    <variablelist>
      <varlistentry>
        <term>NUM</term>
        <listitem>
          <para>polynomial matrix</para>
        </listitem>
      </varlistentry>
      <varlistentry>
        <term>den</term>
        <listitem>
          <para>polynomial</para>
        </listitem>
      </varlistentry>
      <varlistentry>
        <term>sl</term>
        <listitem>
          <para> <literal>syslin</literal> list, <literal>sl=[A,B,C,D]</literal>.</para>
        </listitem>
      </varlistentry>
    </variablelist>
  </refsection>
  <refsection>
    <title>Description</title>
    <para>
    controllable state-space form of the transfer <literal>NUM/den</literal>.</para>
  </refsection>
  <refsection>
    <title>Examples</title>
    <programlisting role="example"><![CDATA[ 
s=poly(0,'s');NUM=[1+s,s];den=s^2-5*s+1;
sl=cont_frm(NUM,den); 
slss=ss2tf(sl);       //Compare with NUM/den
 ]]></programlisting>
  </refsection>
  <refsection role="see also">
<title>See Also</title>
    <simplelist type="inline">
      <member>
        <link linkend="tf2ss">tf2ss</link>
      </member>
      <member>
        <link linkend="canon">canon</link>
      </member>
      <member>
        <link linkend="contr">contr</link>
      </member>
    </simplelist>
  </refsection>
</refentry>
