<?xml version="1.0" encoding="UTF-8"?>
<!--
 * Scilab ( http://www.scilab.org/ ) - This file is part of Scilab
 * Copyright (C) INRIA - 
 * 
 * This file must be used under the terms of the CeCILL.
 * This source file is licensed as described in the file COPYING, which
 * you should have received as part of this distribution.  The terms
 * are also available at    
 * http://www.cecill.info/licences/Licence_CeCILL_V2-en.txt
 *
 -->
<refentry xmlns="http://docbook.org/ns/docbook" xmlns:xlink="http://www.w3.org/1999/xlink" xmlns:svg="http://www.w3.org/2000/svg" xmlns:mml="http://www.w3.org/1998/Math/MathML" xmlns:db="http://docbook.org/ns/docbook" version="5.0-subset Scilab" xml:lang="en" xml:id="dbphi">
  <info>
    <pubdate>$LastChangedDate$</pubdate>
  </info>
  <refnamediv>
    <refname>dbphi</refname>
    <refpurpose> frequency response to phase and magnitude representation</refpurpose>
  </refnamediv>
  <refsynopsisdiv>
    <title>Calling Sequence</title>
    <synopsis>[db,phi] =dbphi(repf)</synopsis>
  </refsynopsisdiv>
  <refsection>
    <title>Arguments</title>
    <variablelist>
      <varlistentry>
        <term>db,phi</term>
        <listitem>
          <para>vector of gains (db) and phases (degrees)</para>
        </listitem>
      </varlistentry>
      <varlistentry>
        <term>repf</term>
        <listitem>
          <para>vector of complex frequency response</para>
        </listitem>
      </varlistentry>
    </variablelist>
  </refsection>
  <refsection>
    <title>Description</title>
    <para><literal>db(k)</literal> is the magnitude of <literal>repf(k)</literal> expressed in dB i.e.
    <literal>db(k)=20*log(abs(repf(k)))/log(10)</literal> and <literal>phi(k)</literal> is the phase
    of <literal>repf(k)</literal> expressed in degrees.</para>
  </refsection>
  <refsection role="see also">
<title>See Also</title>
    <simplelist type="inline">
      <member>
        <link linkend="repfreq">repfreq</link>
      </member>
      <member>
        <link linkend="bode">bode</link>
      </member>
    </simplelist>
  </refsection>
</refentry>
