<?xml version="1.0" encoding="UTF-8"?>
<!--
 * Scilab ( http://www.scilab.org/ ) - This file is part of Scilab
 * Copyright (C) INRIA - 
 * 
 * This file must be used under the terms of the CeCILL.
 * This source file is licensed as described in the file COPYING, which
 * you should have received as part of this distribution.  The terms
 * are also available at    
 * http://www.cecill.info/licences/Licence_CeCILL_V2-en.txt
 *
 -->
<refentry xmlns="http://docbook.org/ns/docbook" xmlns:xlink="http://www.w3.org/1999/xlink" xmlns:svg="http://www.w3.org/2000/svg" xmlns:mml="http://www.w3.org/1998/Math/MathML" xmlns:db="http://docbook.org/ns/docbook" version="5.0-subset Scilab" xml:lang="en" xml:id="findBDK">
  <info>
    <pubdate>$LastChangedDate$</pubdate>
  </info>
  <refnamediv>
    <refname>findBDK</refname>
    <refpurpose> Kalman gain and  B D system matrices of a discrete-time system</refpurpose>
  </refnamediv>
  <refsynopsisdiv>
    <title>Calling Sequence</title>
    <synopsis>[B,D,K] = findBDK(S,N,L,R,A,C,METH,JOB,NSMPL,TOL,PRINTW)
[B,D,RCND] = findBDK(S,N,L,R,A,C,METH,JOB)
[B,D,K,Q,Ry,S,RCND] = findBDK(S,N,L,R,A,C,METH,JOB,NSMPL,TOL,PRINTW)</synopsis>
  </refsynopsisdiv>
  <refsection>
    <title>Arguments</title>
    <variablelist>
      <varlistentry>
        <term>S</term>
        <listitem>
          <para>integer, the number of block rows in the block-Hankel matrices</para>
        </listitem>
      </varlistentry>
      <varlistentry>
        <term>N</term>
        <listitem>
          <para>integer</para>
        </listitem>
      </varlistentry>
      <varlistentry>
        <term>L</term>
        <listitem>
          <para>integer</para>
        </listitem>
      </varlistentry>
      <varlistentry>
        <term>R</term>
        <listitem>
          <para>matrix, relevant part of the  R factor of the concatenated block-Hankel matrices computed by a call to findR.</para>
        </listitem>
      </varlistentry>
      <varlistentry>
        <term>A</term>
        <listitem>
          <para>square matrix</para>
        </listitem>
      </varlistentry>
      <varlistentry>
        <term>C</term>
        <listitem>
          <para>matrix</para>
        </listitem>
      </varlistentry>
      <varlistentry>
        <term>METH</term>
        <listitem>
          <para>integer, an option for the method to use</para>
          <variablelist>
            <varlistentry>
              <term>= 1</term>
              <listitem>
                <para> MOESP method with past inputs and outputs;</para>
              </listitem>
            </varlistentry>
            <varlistentry>
              <term>= 2</term>
              <listitem>
                <para> N4SID method;</para>
              </listitem>
            </varlistentry>
          </variablelist>
          <para>
    Default:    METH = 2.
  </para>
        </listitem>
      </varlistentry>
      <varlistentry>
        <term>JOB</term>
        <listitem>
          <para>an option specifying which system matrices should be computed:</para>
          <variablelist>
            <varlistentry>
              <term>= 1</term>
              <listitem>
                <para>  compute the matrix B;</para>
              </listitem>
            </varlistentry>
            <varlistentry>
              <term>= 2</term>
              <listitem>
                <para>  compute the matrices B and D.</para>
              </listitem>
            </varlistentry>
          </variablelist>
          <para>
    Default:    JOB = 2.
  </para>
        </listitem>
      </varlistentry>
      <varlistentry>
        <term>NSMPL</term>
        <listitem>
          <para>integer, the total number of samples used for calculating the covariance matrices and the Kalman predictor gain. This parameter is not needed if the covariance matrices and/or the Kalman predictor gain matrix are not desired. If NSMPL = 0, then K, Q, Ry, and S are not computed. Default:    NSMPL = 0.</para>
        </listitem>
      </varlistentry>
      <varlistentry>
        <term>TOL</term>
        <listitem>
          <para>the tolerance used for estimating the rank of matrices.  If  TOL &gt; 0,  then the given value of  TOL  is used as a lower bound for the reciprocal condition number. Default: prod(size(matrix))*epsilon_machine where epsilon_machine is the relative machine precision.</para>
        </listitem>
      </varlistentry>
      <varlistentry>
        <term>PRINTW</term>
        <listitem>
          <para>integer, switch for printing the warning messages.</para>
          <variablelist>
            <varlistentry>
              <term>PRINTW</term>
              <listitem>
                <para>= 1: print warning messages;</para>
              </listitem>
            </varlistentry>
            <varlistentry>
              <term>PRINTW</term>
              <listitem>
                <para>= 0: do not print warning messages.</para>
              </listitem>
            </varlistentry>
          </variablelist>
          <para>
    Default:    PRINTW = 0.
  </para>
        </listitem>
      </varlistentry>
      <varlistentry>
        <term>SYS</term>
        <listitem>
          <para>computes a state-space realization SYS = (A,B,C,D) (an syslin object)</para>
        </listitem>
      </varlistentry>
      <varlistentry>
        <term>K</term>
        <listitem>
          <para>the Kalman predictor gain K (if NSMPL &gt; 0)</para>
        </listitem>
      </varlistentry>
      <varlistentry>
        <term>Q</term>
        <listitem>
          <para> state covariance</para>
        </listitem>
      </varlistentry>
      <varlistentry>
        <term>Ry</term>
        <listitem>
          <para>output covariance</para>
        </listitem>
      </varlistentry>
      <varlistentry>
        <term>S</term>
        <listitem>
          <para>state-output cross-covariance</para>
        </listitem>
      </varlistentry>
      <varlistentry>
        <term>RCND</term>
        <listitem>
          <para>he vector  of length 12 containing the reciprocal condition numbers of the matrices involved in rank decisions, least squares or Riccati equation solutions.</para>
        </listitem>
      </varlistentry>
    </variablelist>
  </refsection>
  <refsection>
    <title>Description</title>
    <para>
    finds the system matrices B and D and the Kalman gain of a discrete-time 
    system, given the system order, the matrices A and C, and the relevant
    part of the R factor of the concatenated block-Hankel matrices, using
    subspace identification techniques (MOESP or N4SID).
  </para>
    <itemizedlist>
      <listitem>
        <para>[B,D,K] = findBDK(S,N,L,R,A,C,METH,JOB,NSMPL,TOL,PRINTW)  computes the system matrices B (if JOB = 1), B and D (if JOB = 2), and the Kalman  predictor gain K (if NSMPL &gt; 0). The model structure is:</para>
        <programlisting role = ""><![CDATA[ 
x(k+1) = Ax(k) + Bu(k) + Ke(k),   k >= 1,
y(k)   = Cx(k) + Du(k) + e(k),
 ]]></programlisting>
        <para>
    where x(k) and y(k) are vectors of length N and L, respectively.
  </para>
      </listitem>
      <listitem>
        <para>[B,D,RCND] = findBDK(S,N,L,R,A,C,METH,JOB)  also returns the vector RCND of length 4 containing the reciprocal condition numbers of the matrices involved in rank decisions.</para>
      </listitem>
      <listitem>
        <para>[B,D,K,Q,Ry,S,RCND] = findBDK(S,N,L,R,A,C,METH,JOB,NSMPL,TOL,PRINTW)  also returns the state, output, and state-output (cross-)covariance matrices Q, Ry, and S (used for computing the Kalman gain), as well as the vector RCND of length 12 containing the reciprocal condition numbers of the matrices involved in rank decisions, least squares or Riccati equation solutions.</para>
      </listitem>
    </itemizedlist>
    <para>
    Matrix R, computed by findR, should be determined with suitable arguments
    METH and JOBD.  METH = 1 and JOBD = 1 must be used in findR, for METH = 1 
    in findBDK. Using METH = 1 in FINDR and METH = 2 in findBDK is allowed.</para>
    <para>
    The number of output arguments may vary, but should correspond to the 
    input arguments, e.g.,</para>
    <programlisting role = ""><![CDATA[ 
         B = findBDK(S,N,L,R,A,C,METH,1)  or
     [B,D] = findBDK(S,N,L,R,A,C,METH,2)  or
[B,D,RCND] = findBDK(S,N,L,R,A,C,METH,2)  
 ]]></programlisting>
  </refsection>
  <refsection>
    <title>Examples</title>
    <programlisting role="example"><![CDATA[ 
//generate data from a given linear system
A = [ 0.5, 0.1,-0.1, 0.2;
      0.1, 0,  -0.1,-0.1;      
     -0.4,-0.6,-0.7,-0.1;  
      0.8, 0,  -0.6,-0.6];      
B = [0.8;0.1;1;-1];
C = [1 2 -1 0];
SYS=syslin(0.1,A,B,C);
nsmp=100;
U=prbs_a(nsmp,nsmp/5);
Y=(flts(U,SYS)+0.3*rand(1,nsmp,'normal'));

// Compute R
S=15;L=1;
[R,N,SVAL] = findR(S,Y',U');

N=3;
METH=3;TOL=-1;
[A,C] = findAC(S,N,L,R,METH,TOL);
[B,D,K] = findBDK(S,N,L,R,A,C);
SYS1=syslin(1,A,B,C,D);

SYS1.X0 = inistate(SYS1,Y',U');

Y1=flts(U,SYS1);
clf();plot2d((1:nsmp)',[Y',Y1'])
]]></programlisting>
  </refsection>
  <refsection role="see also">
<title>See Also</title>
    <simplelist type="inline">
      <member>
        <link linkend="findABCD">findABCD</link>
      </member>
      <member>
        <link linkend="findAC">findAC</link>
      </member>
      <member>
        <link linkend="findBD">findBD</link>
      </member>
      <member>
        <link linkend="findR">findR</link>
      </member>
      <member>
        <link linkend="sorder">sorder</link>
      </member>
      <member>
        <link linkend="sident">sident</link>
      </member>
    </simplelist>
  </refsection>
</refentry>
