<?xml version="1.0" encoding="UTF-8"?>
<!--
 * Scilab ( http://www.scilab.org/ ) - This file is part of Scilab
 * Copyright (C) INRIA - 
 * 
 * This file must be used under the terms of the CeCILL.
 * This source file is licensed as described in the file COPYING, which
 * you should have received as part of this distribution.  The terms
 * are also available at    
 * http://www.cecill.info/licences/Licence_CeCILL_V2-en.txt
 *
 -->
<refentry xmlns="http://docbook.org/ns/docbook" xmlns:xlink="http://www.w3.org/1999/xlink" xmlns:svg="http://www.w3.org/2000/svg" xmlns:mml="http://www.w3.org/1998/Math/MathML" xmlns:db="http://docbook.org/ns/docbook" version="5.0-subset Scilab" xml:lang="en" xml:id="h_norm">
  <info>
    <pubdate>$LastChangedDate$</pubdate>
  </info>
  <refnamediv>
    <refname>h_norm</refname>
    <refpurpose> H-infinity norm</refpurpose>
  </refnamediv>
  <refsynopsisdiv>
    <title>Calling Sequence</title>
    <synopsis>[hinfnorm [,frequency]]=h_norm(sl [,rerr])</synopsis>
  </refsynopsisdiv>
  <refsection>
    <title>Arguments</title>
    <variablelist>
      <varlistentry>
        <term>sl</term>
        <listitem>
          <para>the state space system (<literal>syslin</literal> list)</para>
        </listitem>
      </varlistentry>
      <varlistentry>
        <term>rerr</term>
        <listitem>
          <para>max. relative error, default value <literal>1e-8</literal></para>
        </listitem>
      </varlistentry>
      <varlistentry>
        <term>hinfnorm</term>
        <listitem>
          <para>the infinity norm of <literal>Sl</literal></para>
        </listitem>
      </varlistentry>
      <varlistentry>
        <term>frequency</term>
        <listitem>
          <para>frequency at which maximum is achieved</para>
        </listitem>
      </varlistentry>
    </variablelist>
  </refsection>
  <refsection>
    <title>Description</title>
    <para>
    produces the infinity norm  of a state-space system 
    (the maximum over all frequencies of the maximum singular value).</para>
  </refsection>
  <refsection role="see also">
<title>See Also</title>
    <simplelist type="inline">
      <member>
        <link linkend="linfn">linfn</link>
      </member>
      <member>
        <link linkend="linf">linf</link>
      </member>
      <member>
        <link linkend="svplot">svplot</link>
      </member>
    </simplelist>
  </refsection>
</refentry>
