<?xml version="1.0" encoding="UTF-8"?>
<!--
 * Scilab ( http://www.scilab.org/ ) - This file is part of Scilab
 * Copyright (C) INRIA - 
 * 
 * This file must be used under the terms of the CeCILL.
 * This source file is licensed as described in the file COPYING, which
 * you should have received as part of this distribution.  The terms
 * are also available at    
 * http://www.cecill.info/licences/Licence_CeCILL_V2-en.txt
 *
 -->
<refentry xmlns="http://docbook.org/ns/docbook" xmlns:xlink="http://www.w3.org/1999/xlink" xmlns:svg="http://www.w3.org/2000/svg" xmlns:mml="http://www.w3.org/1998/Math/MathML" xmlns:db="http://docbook.org/ns/docbook" version="5.0-subset Scilab" xml:lang="en" xml:id="kpure">
  <info>
    <pubdate>$LastChangedDate$</pubdate>
  </info>
  <refnamediv>
    <refname>kpure</refname>
    <refpurpose> continuous SISO system limit feedback gain</refpurpose>
  </refnamediv>
  <refsynopsisdiv>
    <title>Calling Sequence</title>
    <synopsis>
  K=kpure(sys [,tol])
  [K,R]=kpure(sys [,tol])
</synopsis>
  </refsynopsisdiv>
  <refsection>
    <title>Arguments</title>
    <variablelist>
      <varlistentry>
        <term>sys</term>
        <listitem>
          <para>SISO linear system (syslin)</para>
        </listitem>
      </varlistentry>
      <varlistentry>
        <term>tol</term>
        <listitem>
          <para>a positive scalar.  tolerance used to determine if a
          root is imaginary or not. The default value is
          <literal>1e-6</literal> </para>
        </listitem>
      </varlistentry>
      <varlistentry>
        <term>K</term>
        <listitem>
          <para>Real vector, the vector of gains for which at least
          one closed loop pole is imaginary. </para>
        </listitem>
      </varlistentry>
      <varlistentry>
        <term>R</term>
        <listitem>
          <para>Complex vector, the imaginary closed loop poles
          associated with the values of <literal>K</literal>.</para>
        </listitem>
      </varlistentry>
    </variablelist>
  </refsection>
  <refsection>
    <title>Description</title>
    <para><literal>K=kpure(sys)</literal> computes the gains <literal>K</literal> such that the system
    <literal>sys</literal> feedback by <literal>K(i)</literal> (<literal>sys/.K(i)</literal>) has  poles on imaginary axis.</para>
  </refsection>
  <refsection>
    <title>Examples</title>
    <programlisting role="example"><![CDATA[ 

num=real(poly([-1+%i, -1-%i, -1+8*%i  -1-8*%i],'s'));
den=real(poly([0.5 0.5  -6+7*%i  -6-7*%i  -3 -7 -11],'s'));
h=num/den;

[K,Y]=kpure(h)
clf();evans(h)
plot(real(Y),imag(Y),'+r')

num=real(poly([-1+%i*1, -1-%i*1, 2+%i*8  2-%i*8 -2.5+%i*13 -2.5-%i*13],'s'));
den=real(poly([1 1 3+%i*3 3-%i*3 -15+%i*7  -15-%i*7  -3 -7 -11],'s'));
h=num/den;

[K,Y]=kpure(h)
clf();evans(h,100000)
plot(real(Y),imag(Y),'+r')



 ]]></programlisting>
  </refsection>
  <refsection>
    <title>Author</title>
    <para>Serge Steer, INRIA</para>
  </refsection>
  <refsection role="see also">
<title>See Also</title>
    <simplelist type="inline">
      <member>
        <link linkend="evans">evans</link>
      </member>
      <member>
        <link linkend="krac2">krac2</link>
      </member>
    </simplelist>
  </refsection>
</refentry>
