<?xml version="1.0" encoding="UTF-8"?>
<!--
 * Scilab ( http://www.scilab.org/ ) - This file is part of Scilab
 * Copyright (C) INRIA - 
 * 
 * This file must be used under the terms of the CeCILL.
 * This source file is licensed as described in the file COPYING, which
 * you should have received as part of this distribution.  The terms
 * are also available at    
 * http://www.cecill.info/licences/Licence_CeCILL_V2-en.txt
 *
 -->
<refentry xmlns="http://docbook.org/ns/docbook" xmlns:xlink="http://www.w3.org/1999/xlink" xmlns:svg="http://www.w3.org/2000/svg" xmlns:mml="http://www.w3.org/1998/Math/MathML" xmlns:db="http://docbook.org/ns/docbook" version="5.0-subset Scilab" xml:lang="en" xml:id="mucomp">
  <info>
    <pubdate>$LastChangedDate$</pubdate>
  </info>
  <refnamediv>
    <refname>mucomp</refname>
    <refpurpose> mu (structured singular value) calculation</refpurpose>
  </refnamediv>
  <refsynopsisdiv>
    <title>Calling Sequence</title>
    <synopsis>[BOUND, D, G] = mucomp(Z, K, T)</synopsis>
  </refsynopsisdiv>
  <refsection>
    <title>Arguments</title>
    <variablelist>
      <varlistentry>
        <term>Z</term>
        <listitem>
          <para>the complex n-by-n matrix for which the structured singular value is to be computed</para>
        </listitem>
      </varlistentry>
      <varlistentry>
        <term>K</term>
        <listitem>
          <para>the vector of length m containing the block structure of the uncertainty.</para>
        </listitem>
      </varlistentry>
      <varlistentry>
        <term>T</term>
        <listitem>
          <para>the vector of length m indicating the type of each block. T(I) = 1 if the corresponding block is real T(I) = 2 if the corresponding block is complex.</para>
        </listitem>
      </varlistentry>
      <varlistentry>
        <term>BOUND</term>
        <listitem>
          <para>the upper bound on the structured singular value.</para>
        </listitem>
      </varlistentry>
      <varlistentry>
        <term>D, G</term>
        <listitem>
          <para>vectors of length n containing the diagonal entries of the diagonal matrices D and G, respectively, 
           such that the matrix <literal> Z'*D^2*Z + sqrt(-1)*(G*Z-Z'*G) - bound^2*D^2 </literal> is negative semidefinite.</para>
        </listitem>
      </varlistentry>
    </variablelist>
  </refsection>
  <refsection>
    <title>Description</title>
    <para>
     To compute an upper bound on the structured singular value for a given square complex matrix and given block structure of the uncertainty.</para>
  </refsection>
  <refsection>
    <title>Reference</title>
    <para>
    Slicot routine AB13MD.</para>
  </refsection>
</refentry>
