<?xml version="1.0" encoding="ISO-8859-1"?>
<!--
 * Scilab ( http://www.scilab.org/ ) - This file is part of Scilab
 * Copyright (C) 2008 - INRIA
 * 
 * This file must be used under the terms of the CeCILL.
 * This source file is licensed as described in the file COPYING, which
 * you should have received as part of this distribution.  The terms
 * are also available at    
 * http://www.cecill.info/licences/Licence_CeCILL_V2-en.txt
 *
 -->
<refentry xmlns="http://docbook.org/ns/docbook" xmlns:xlink="http://www.w3.org/1999/xlink" xmlns:svg="http://www.w3.org/2000/svg" xmlns:mml="http://www.w3.org/1998/Math/MathML" xmlns:db="http://docbook.org/ns/docbook" version="5.0-subset Scilab" xml:lang="en" xml:id="completion">
  <info>
    <pubdate>$LastChangedDate: 2007-07-29 20:39:36 +0200 (mar., 17 oct. 2007)$</pubdate>
  </info>
  <refnamediv>
    <refname>completion</refname>
    <refpurpose>returns words that start with the text you pass as parameter.</refpurpose>
  </refnamediv>
  <refsynopsisdiv>
    <title>Calling Sequence</title>
    <synopsis>r = completion(beginning_of_a_word)
r = completion(beginning_of_a_word,dictionary)
[functions,commands,variables,macros,graphic_properties,files] = completion(beginning_of_a_word)
[functions,commands,variables,macros,graphic_properties] = completion(beginning_of_a_word)
[functions,commands,variables,macros] = completion(beginning_of_a_word)
[functions,commands,variables] = completion(beginning_of_a_word)
[functions,commands] = completion(beginning_of_a_word)</synopsis>
  </refsynopsisdiv>
  <refsection>
    <title>Parameters</title>
    <variablelist>
      <varlistentry>
        <term>r</term>
        <listitem>
          <para>a string matrix</para>
        </listitem>
      </varlistentry>
    </variablelist>
    <variablelist>
      <varlistentry>
        <term>beginning_of_a_word</term>
        <listitem>
          <para>a string</para>
        </listitem>
      </varlistentry>
    </variablelist>
    <variablelist>
      <varlistentry>
        <term>dictionary</term>
        <listitem>
          <para>a string
          ("functions","commands","variables","macros","graphic_properties","files")</para>
        </listitem>
      </varlistentry>
    </variablelist>
    <variablelist>
      <varlistentry>
        <term>functions,commands,variables,macros,graphic_properties,files</term>
        <listitem>
          <para>a string matrix</para>
        </listitem>
      </varlistentry>
    </variablelist>
  </refsection>
  <refsection>
    <title>Description</title>
    <para>returns words that start with the text you pass as parameter.</para>
  </refsection>
  <refsection>
    <title>Examples</title>
    <programlisting role="example"><![CDATA[r = completion('w')
r = completion('w','functions')
r = completion('w','commands')
r = completion('w','variables')
r = completion('w','macros')
r = completion('w','graphic_properties')
r = completion('w','files')

[functions,commands,variables,macros,graphic_properties,files] = completion('w')
[functions,commands,variables,macros,graphic_properties] = completion('w')
[functions,commands,variables,macros] = completion('w')
[functions,commands,variables] = completion('w')
[functions,commands] = completion('w')

   ]]></programlisting>
  </refsection>
  <refsection>
    <title>See Also</title>
    <simplelist type="inline">
      <member>
        <link linkend="getscilabkeywords">getscilabkeywords</link>
      </member>
    </simplelist>
  </refsection>
</refentry>
