<?xml version="1.0" encoding="utf-8"?>

<!--
 * Scilab ( http://www.scilab.org/ ) - This file is part of Scilab
 * Copyright (C) 2009  - DIGITEO - Antoine ELIAS
 * 
 * This file must be used under the terms of the CeCILL.
 * This source file is licensed as described in the file COPYING, which
 * you should have received as part of this distribution.  The terms
 * are also available at    
 * http://www.cecill.info/licences/Licence_CeCILL_V2.1-en.txt
 *
 -->

<refentry xmlns="http://docbook.org/ns/docbook" xmlns:xlink="http://www.w3.org/1999/xlink" xmlns:svg="http://www.w3.org/2000/svg" xmlns:ns5="http://www.w3.org/1999/xhtml" xmlns:mml="http://www.w3.org/1998/Math/MathML" xmlns:db="http://docbook.org/ns/docbook" xmlns:scilab="http://www.scilab.org" xml:id="Double_management_reading_API" xml:lang="ja">
    
    <refnamediv>
        
        <refname>doubleの読み込み (Scilabゲートウェイ)</refname>
        
        <refpurpose>
            
            ゲートウェイ内でdoubleの行列を読み込む方法.
            
        </refpurpose>
        
    </refnamediv>
    
    <refsynopsisdiv>
        
        <title>呼び出し手順</title>
        
        <para>入力引数プロファイル:</para>
        
        <synopsis>SciErr getMatrixOfDouble(void* _pvCtx, int* _piAddress, int* _piRows, int* _piCols, double** _pdblReal)</synopsis>
        
        <synopsis>SciErr getComplexMatrixOfDouble(void* _pvCtx, int* _piAddress, int* _piRows, int* _piCols, double** _pdblReal, double** _pdblImg)</synopsis>
        
        <para>名前指定変数プロファイル:</para>
        
        <synopsis>SciErr readNamedMatrixOfDouble(void* _pvCtx, const char* _pstName, int* _piRows, int* _piCols, double* _pdblReal)</synopsis>
        
        <synopsis>SciErr readNamedComplexMatrixOfDouble(void* _pvCtx, const char* _pstName, int* _piRows, int* _piCols, double* _pdblReal, double* _pdblImg)</synopsis>
        
    </refsynopsisdiv>
    
    <refsection>
        
        <title>引数</title>
        
        <variablelist>
            
            <varlistentry>
                
                <term>_pvCtx</term>
                
                <listitem>
                    
                    <para>
                        
                        Scilab環境ポインタ, api_scilab.hで定義される "pvApiCtx" を指定
                        
                    </para>
                    
                </listitem>
                
            </varlistentry>
            
            <varlistentry>
                
                <term>_piAddress</term>
                
                <listitem>
                    
                    <para>
                        
                        Scilab変数のアドレス.
                        
                    </para>
                    
                </listitem>
                
            </varlistentry>
            
            <varlistentry>
                
                <term>_pstName</term>
                
                <listitem>
                    
                    <para>
                        
                        "名前指定"関数の変数名.
                        
                    </para>
                    
                </listitem>
                
            </varlistentry>
            
            <varlistentry>
                
                <term>_piRows</term>
                
                <listitem>
                    
                    <para>
                        
                        返される行数.
                        
                    </para>
                    
                </listitem>
                
            </varlistentry>
            
            <varlistentry>
                
                <term>_piCols</term>
                
                <listitem>
                    
                    <para>
                        
                        返される列数.
                        
                    </para>
                    
                </listitem>
                
            </varlistentry>
            
            <varlistentry>
                
                <term>_pdblReal</term>
                
                <listitem>
                    
                    <para>
                        
                        返される実数データ配列のアドレス (大きさ: _iCols * _iRows).
                        
                        "名前指定" 関数の場合, _pdblReal は関数コール前にメモリを確保しておく必要があります.
                        
                    </para>
                    
                </listitem>
                
            </varlistentry>
            
            <varlistentry>
                
                <term>_pdblImg</term>
                
                <listitem>
                    
                    Return address of imaginary data array (size: _iCols * _iRows).
                    
                    For "Named" function, _pdblImg must be allocated before calling function.
                    
                </listitem>
                
            </varlistentry>
            
            <varlistentry>
                
                <term>SciErr</term>
                
                <listitem>
                    
                    <para>
                        
                        エラー構造体で,エラーメッセージ履歴と最初のエラー番号を保持します.
                        
                    </para>
                    
                </listitem>
                
            </varlistentry>
            
        </variablelist>
        
    </refsection>
    
    <refsection>
        
        <title>説明</title>
        
        <para>このヘルプはdoubleの行列をScilab APIにより処理する方法を示します.</para>
        
    </refsection>
    
    <refsection>
        
        <!--File_gateway: SCI/modules/api_scilab/tests/unit_tests/double_reading_api.c-->
        
        <!--File_scilab: SCI/modules/api_scilab/tests/unit_tests/double_reading_api.tst-->
        
        <!--Lib_name: double_reading-->
        
        <!--Func_list: read_double-->
        
        <title>ゲートウェイのソース</title>
        
        <programlisting role="code_gateway"><![CDATA[ 
#include "api_scilab.h"
int read_double(char *fname,unsigned long fname_len)
{
	SciErr sciErr;
	int i;
        // 最初の変数の情報 : doubleの実数行列
	int iType			= 0;
	int iRows			= 0;
	int iCols			= 0;
	int iComplex		= 0;
	int *piAddr			= NULL;
	double* pdblReal	= NULL;
	double* pdblImg		= NULL;

	// 入力/出力引数を確認
    CheckInputArgument(pvApiCtx, 1, 1);
    CheckOutputArgument(pvApiCtx, 1, 1);

    /************************
	*    最初の変数    *
	************************/

	// 最初の引数の変数アドレスを取得
	sciErr = getVarAddressFromPosition(pvApiCtx, 1, &piAddr);
	if(sciErr.iErr)
	{
		printError(&sciErr, 0);
		return 0;
	}

	// 型を確認
	sciErr = getVarType(pvApiCtx, piAddr, &iType);
	if(sciErr.iErr || iType != sci_matrix)
	{
		printError(&sciErr, 0);
		return 0;
	}

	// 複素数かどうかを取得
	iComplex	= isVarComplex(pvApiCtx, piAddr);

	// 複素数かどうかを確認
	if(iComplex)
	{
		// Scilabメモリから大きさとデータを取得
		sciErr = getComplexMatrixOfDouble(pvApiCtx, piAddr, &iRows, &iCols, &pdblReal, &pdblImg);
	}
	else
	{
		// Scilabメモリから大きさとデータを取得
		sciErr = getMatrixOfDouble(pvApiCtx, piAddr, &iRows, &iCols, &pdblReal);
	}

	if(sciErr.iErr)
	{
		printError(&sciErr, 0);
		return 0;
	}

	// データを用いて処理を行う
	// 変数が複素数の場合,実部と虚部を交換し,それ以外は-1を乗じる
	if(iComplex)
	{
		sciErr = createComplexMatrixOfDouble(pvApiCtx, nbInputArgument(pvApiCtx) + 1, iRows, iCols, pdblImg, pdblReal);
	}
	else
	{
		for(i = 0 ; i < iRows * iCols ; i++)
		{
			pdblReal[i] = pdblReal[i] * -1;
		}
		sciErr = createMatrixOfDouble(pvApiCtx, nbInputArgument(pvApiCtx) + 1, iRows, iCols, pdblReal);
	}

	if(sciErr.iErr)
	{
		printError(&sciErr, 0);
		return 0;
	}

    AssignOutputVariable(pvApiCtx, 1) = nbInputArgument(pvApiCtx) + 1;
	return 0;
}
 ]]></programlisting>
        
    </refsection>
    
    <refsection>
        
        <title>Scilab テストスクリプト</title>
        
        <programlisting role="code_scilab"><![CDATA[ 
a = [   0 1 2 3; ..
        4 5 6 7; ..
        8 9 10 11];
b = [   23*%i,      1+22*%i,    2+21*%i,    3+20*%i,    4+19*%i,    5+18*%i; ..
        6+17*%i,    7+16*%i,    8+15*%i,    9+14*%i,     10+13*%i,  11+12*%i; ..
        12+11*%i,   13+10*%i,   14+9*%i,    15+8*%i,    16+7*%i,    17+6*%i; ..
        18+5*%i,    19+4*%i,    20+3*%i,    21+2*%i,    22+1*%i,    23];

a2 = read_double(a);
b2 = read_double(b);

if or(a2 <> a * -1) then error("failed"), end
if or(b2 <> (imag(b) + real(b) * %i)) then error("failed"), end
 ]]></programlisting>
        
    </refsection>
    
</refentry>

