<?xml version="1.0" encoding="ISO-8859-1"?>
<!--
    * Scilab ( http://www.scilab.org/ ) - This file is part of Scilab
    * Copyright (C) 2004-2007 - INRIA - Vincent COUVERT 
    * 
    * This file must be used under the terms of the CeCILL.
    * This source file is licensed as described in the file COPYING, which
    * you should have received as part of this distribution.  The terms
    * are also available at    
    * http://www.cecill.info/licences/Licence_CeCILL_V2-en.txt
    *
    -->
<refentry xmlns="http://docbook.org/ns/docbook" xmlns:xlink="http://www.w3.org/1999/xlink" xmlns:svg="http://www.w3.org/2000/svg" xmlns:mml="http://www.w3.org/1998/Math/MathML" xmlns:db="http://docbook.org/ns/docbook" version="5.0-subset Scilab" xml:lang="en" xml:id="asciimat">
  <info>
    <pubdate>$LastChangedDate$</pubdate>
  </info>
  <refnamediv>
    <refname>asciimat</refname>
    <refpurpose>string matrix ascii conversions</refpurpose>
  </refnamediv>
  <refsynopsisdiv>
    <title>Calling Sequence</title>
    <synopsis>a=asciimat(txt)
txt=asciimat(a)</synopsis>
  </refsynopsisdiv>
  <refsection>
    <title>Parameters</title>
    <variablelist>
      <varlistentry>
        <term>txt</term>
        <listitem>
          <para>character string or matrix of strings.</para>
        </listitem>
      </varlistentry>
      <varlistentry>
        <term>a</term>
        <listitem>
          <para>vector or matrix of integer ASCII codes</para>
        </listitem>
      </varlistentry>
    </variablelist>
  </refsection>
  <refsection>
    <title>Description</title>
    <para>
    This function convert Scilab string to ASCII code or a matrix of ASCII code to Scilab string.
    Output is a matrix having same number of lines than input, what is not the case with <literal>ascii</literal>.
    </para>
  </refsection>
  <refsection>
    <title>See Also</title>
    <simplelist type="inline">
      <member>
        <link linkend="ascii">ascii</link>
      </member>
    </simplelist>
  </refsection>
  <refsection>
    <title>Authors</title>
    <simplelist type="vert">
      <member>V.C.</member>
    </simplelist>
  </refsection>
</refentry>
