<?xml version="1.0" encoding="ISO-8859-1"?>
<!--
    * Scilab ( http://www.scilab.org/ ) - This file is part of Scilab
    * Copyright (C) 2004-2007 - INRIA - Vincent COUVERT 
    * 
    * This file must be used under the terms of the CeCILL.
    * This source file is licensed as described in the file COPYING, which
    * you should have received as part of this distribution.  The terms
    * are also available at    
    * http://www.cecill.info/licences/Licence_CeCILL_V2-en.txt
    *
-->
<refentry xmlns="http://docbook.org/ns/docbook" xmlns:xlink="http://www.w3.org/1999/xlink" xmlns:svg="http://www.w3.org/2000/svg"  xmlns:mml="http://www.w3.org/1998/Math/MathML" xmlns:db="http://docbook.org/ns/docbook" version="5.0-subset Scilab" xml:lang="fr" xml:id="makecell">
  <info>
    <pubdate>$LastChangedDate: 18-04-2008 $</pubdate>
  </info>
  <refnamediv>
    <refname>makecell</refname>
    <refpurpose>Creates a cell array. </refpurpose>
  </refnamediv>
  <refsynopsisdiv>
    <title>Calling Sequence</title>
    <synopsis>s = makecell(dims,a1,a2,...an)</synopsis>
  </refsynopsisdiv>
  <refsection>
    <title>Parameters</title>
    <variablelist>
      <varlistentry>
        <term>dims</term>
        <listitem>
          <para>
            a vector with positive integer elements, the cell array dimension
          </para>
        </listitem>
      </varlistentry>
      <varlistentry>
        <term>a1,a2,...,an</term>
        <listitem>
          <para>
            Sequence of Scilab variables, <literal>n</literal> must be equal to <literal>prod(dims)</literal>
          </para>
        </listitem>
      </varlistentry>
      <varlistentry>
        <term>s</term>
        <listitem>
          <para>
            resulting cell array
          </para>
        </listitem>
      </varlistentry>
    </variablelist>
  </refsection>
  <refsection>
    <title>Description</title>
    <para>
      <literal>s = makecell(dims,a1,a2,...an)</literal> creates a cell
      array of dimensions given by <literal>dims</literal> with the
      given input arguments. The <literal>ai</literal> are stored
      along the last dimension first.
    </para>
  </refsection>
  <refsection>
    <title>Examples</title>
    <programlisting role="example"><![CDATA[
        makecell([2,3],1,2,3,'x','y','z')
    ]]></programlisting>
  </refsection>
  <refsection>
    <title>See Also</title>
    <simplelist type="inline">
      <member>
        <link linkend="cell" >cell</link>
      </member>
    </simplelist>
  </refsection>
  <refsection>
    <title>Authors</title>
    <simplelist type="vert">
      <member>Farid Belhacen, INRIA</member>
    </simplelist>
  </refsection>

</refentry>
