<?xml version="1.0" encoding="ISO-8859-1"?>
<!--
    * Scilab ( http://www.scilab.org/ ) - This file is part of Scilab
    * Copyright (C) 2006 - INRIA - Farid BELAHCENE 
    * 
    * This file must be used under the terms of the CeCILL.
    * This source file is licensed as described in the file COPYING, which
    * you should have received as part of this distribution.  The terms
    * are also available at    
    * http://www.cecill.info/licences/Licence_CeCILL_V2-en.txt
    *
    -->
<refentry xmlns="http://docbook.org/ns/docbook" xmlns:xlink="http://www.w3.org/1999/xlink" xmlns:svg="http://www.w3.org/2000/svg" xmlns:mml="http://www.w3.org/1998/Math/MathML" xmlns:db="http://docbook.org/ns/docbook" version="5.0-subset Scilab" xml:lang="en" xml:id="mtlb_sort">
  <info>
    <pubdate>$LastChangedDate: 2006-08-08 16:57:13 +0200 (mar, 08 aoû 2006) $</pubdate>
  </info>
  <refnamediv>
    <refname>mtlb_sort</refname>
    <refpurpose>Matlab sort emulation
  function</refpurpose>
  </refnamediv>
  <refsynopsisdiv>
    <title>Calling Sequence</title>
    <synopsis>P = mtlb_sort(X)
P = mtlb_sort(X,dim[,mode])</synopsis>
  </refsynopsisdiv>
  <refsection>
    <title>Parameters</title>
    <variablelist>
      <varlistentry>
        <term>X</term>
        <listitem>
          <para>a scalar, vector, matrix of reals, booleans or a string</para>
        </listitem>
      </varlistentry>
    </variablelist>
    <variablelist>
      <varlistentry>
        <term>dim</term>
        <listitem>
          <para>a positive scalar integer</para>
        </listitem>
      </varlistentry>
      <varlistentry>
        <term>mode</term>
        <listitem>
          <para>a string ("ascend" or "descend")</para>
        </listitem>
      </varlistentry>
    </variablelist>
  </refsection>
  <refsection>
    <title>Description</title>
    <para>Matlab <literal>sort</literal> and Scilab <literal>gsort</literal> behave
    differently in some particular cases:</para>
    <itemizedlist>
      <listitem>
        <para>For a vector <literal>X</literal> the Matlab
            <literal>sort(X,'g','i')</literal> function call is equivalent to the
            Scilab <literal>gsort(X)</literal> function call.</para>
      </listitem>
      <listitem>
        <para>The value <literal>1</literal> (resp. <literal>2</literal>) of the Matlab
            dim is equivalent to the Scilab <literal>"r"</literal> flag (resp.
            <literal>"c"</literal>).</para>
      </listitem>
      <listitem>
        <para>The Matlab "<literal>ascend"</literal> (resp.
            <literal>"descend"</literal>) mode is equivalent to the Scilab
            <literal>"i"</literal> (resp. <literal>"d"</literal>) flag.</para>
      </listitem>
    </itemizedlist>
    <para>The function <literal>mtlb_sort(X[,dim[,mode]])</literal> is used by
    <literal>mfile2sci</literal> to replace <literal>sort(X[,dim[,mode]])</literal> when
    it was not possible to know what were the inputs while porting Matlab code
    to Scilab. This function will determine the correct semantic at run time.
    If you want to have a more efficient code it is possible to replace
    <literal>mtlb_sort</literal> call by <link linkend="gsort">gsort</link> call.</para>
    <para>Caution: <literal>mtlb_sort</literal> has not to be used for hand coded
    functions.</para>
  </refsection>
  <refsection>
    <title>Authors</title>
    <simplelist type="vert">
      <member>F.B.</member>
    </simplelist>
  </refsection>
</refentry>
