<?xml version="1.0" encoding="ISO-8859-1"?>
<!--
    * Scilab ( http://www.scilab.org/ ) - This file is part of Scilab
    * Copyright (C) 2004-2007 - INRIA - Vincent COUVERT 
    * 
    * This file must be used under the terms of the CeCILL.
    * This source file is licensed as described in the file COPYING, which
    * you should have received as part of this distribution.  The terms
    * are also available at    
    * http://www.cecill.info/licences/Licence_CeCILL_V2-en.txt
    *
    -->
<refentry xmlns="http://docbook.org/ns/docbook" xmlns:xlink="http://www.w3.org/1999/xlink" xmlns:svg="http://www.w3.org/2000/svg" xmlns:mml="http://www.w3.org/1998/Math/MathML" xmlns:db="http://docbook.org/ns/docbook" version="5.0-subset Scilab" xml:lang="en" xml:id="mtlb_more">
  <info>
    <pubdate>$LastChangedDate$</pubdate>
  </info>
  <refnamediv>
    <refname>mtlb_more</refname>
    <refpurpose>Matlab more emulation function</refpurpose>
  </refnamediv>
  <refsection>
    <title>Description</title>
    <para>Matlab <literal>more</literal> and Scilab <literal>lines</literal> behave differently in some particular cases:</para>
    <itemizedlist>
      <listitem>
        <para>
        With character strings as input: Matlab <literal>more</literal> can take "on" 
	and "off" as input but not Scilab <literal>lines</literal> but there are equivalents (0 and 60).
        </para>
      </listitem>
    </itemizedlist>
    <para>
    The function <literal>mtlb_more(in)</literal> is used by
    <literal>mfile2sci</literal> to replace <literal>more(in)</literal> when it was not
    possible to know what was the input while porting Matlab code to Scilab. This function will
    determine the correct semantic at run time. If you want to have a
    more efficient code it is possible to replace <literal>mtlb_more</literal> calls:
    </para>
    <itemizedlist>
      <listitem>
        <para>
        If <literal>in</literal> is equal to "on"
        <literal>mtlb_more(in)</literal> may be replaced by <literal>lines(60)</literal>
        </para>
      </listitem>
      <listitem>
        <para>
        If <literal>in</literal> is equal to "off"
        <literal>mtlb_more(in)</literal> may be replaced by <literal>lines(0)</literal>
        </para>
      </listitem>
      <listitem>
        <para>
        If <literal>in</literal> is a double value
        <literal>mtlb_more(in)</literal> may be replaced by <literal>lines(in)</literal>
        </para>
      </listitem>
    </itemizedlist>
    <para>Caution: <literal>mtlb_more</literal> has not to be used for hand coded functions.</para>
  </refsection>
  <refsection>
    <title>Authors</title>
    <simplelist type="vert">
      <member>V.C.</member>
    </simplelist>
  </refsection>
</refentry>
