<?xml version="1.0" encoding="ISO-8859-1"?>
<!--
    * Scilab ( http://www.scilab.org/ ) - This file is part of Scilab
    * Copyright (C) 2004-2007 - INRIA - Vincent COUVERT 
    * 
    * This file must be used under the terms of the CeCILL.
    * This source file is licensed as described in the file COPYING, which
    * you should have received as part of this distribution.  The terms
    * are also available at    
    * http://www.cecill.info/licences/Licence_CeCILL_V2-en.txt
    *
    -->
<refentry xmlns="http://docbook.org/ns/docbook" xmlns:xlink="http://www.w3.org/1999/xlink" xmlns:svg="http://www.w3.org/2000/svg" xmlns:mml="http://www.w3.org/1998/Math/MathML" xmlns:db="http://docbook.org/ns/docbook" version="5.0-subset Scilab" xml:lang="en" xml:id="mtlb_double">
  <info>
    <pubdate>$LastChangedDate$</pubdate>
  </info>
  <refnamediv>
    <refname>mtlb_double</refname>
    <refpurpose>Matlab double emulation function</refpurpose>
  </refnamediv>
  <refsection>
    <title>Description</title>
    <para>Matlab and Scilab <literal>double</literal> behave differently in some particular cases:</para>
    <itemizedlist>
      <listitem>
        <para>
        With character string input: Scilab <literal>double</literal> does not work with this type of input while Matlab <literal>double</literal> returns a matrix of ASCII codes.
        </para>
      </listitem>
      <listitem>
        <para>
        With boolean input: Scilab <literal>double</literal> does not work with this type of input while Matlab <literal>double</literal> returns a matrix of double values.
        </para>
      </listitem>
    </itemizedlist>
    <para>
    The function <literal>mtlb_double(A)</literal> is used by
    <literal>mfile2sci</literal> to replace <literal>double(A)</literal> when it was not
    possible to know what were theinput while porting Matlab code to Scilab. This function will
    determine the correct semantic at run time. If you want to have a
    more efficient code it is possible to replace <literal>mtlb_double</literal> calls:
    </para>
    <itemizedlist>
      <listitem>
        <para>
        If <literal>A</literal> is a character string, 
        <literal>mtlb_double(A)</literal> may be replaced by <literal>asciimat(A)</literal>
        </para>
      </listitem>
      <listitem>
        <para>
        If <literal>A</literal> is a boolean matrix,
        <literal>mtlb_double(A)</literal> may be replaced by <literal>bool2s(A)</literal>
        </para>
      </listitem>
      <listitem>
        <para>
        If <literal>A</literal> is a double matrix,
        <literal>mtlb_double(A)</literal> may be replaced by <literal>A</literal>
        </para>
      </listitem>
    </itemizedlist>
    <para>Caution: <literal>mtlb_double</literal> has not to be used for hand coded functions.</para>
  </refsection>
  <refsection>
    <title>See Also</title>
    <simplelist type="inline">
      <member>
        <link linkend="asciimat">asciimat</link>
      </member>
      <member>
        <link linkend="bool2s">bool2s</link>
      </member>
    </simplelist>
  </refsection>
  <refsection>
    <title>Authors</title>
    <simplelist type="vert">
      <member>V.C.</member>
    </simplelist>
  </refsection>
</refentry>
