<?xml version="1.0" encoding="ISO-8859-1"?>
<!--
    * Scilab ( http://www.scilab.org/ ) - This file is part of Scilab
    * Copyright (C) 2004-2007 - INRIA - Vincent COUVERT 
    * 
    * This file must be used under the terms of the CeCILL.
    * This source file is licensed as described in the file COPYING, which
    * you should have received as part of this distribution.  The terms
    * are also available at    
    * http://www.cecill.info/licences/Licence_CeCILL_V2-en.txt
    *
    -->
<refentry xmlns="http://docbook.org/ns/docbook" xmlns:xlink="http://www.w3.org/1999/xlink" xmlns:svg="http://www.w3.org/2000/svg" xmlns:mml="http://www.w3.org/1998/Math/MathML" xmlns:db="http://docbook.org/ns/docbook" version="5.0-subset Scilab" xml:lang="en" xml:id="mtlb_true">
  <info>
    <pubdate>$LastChangedDate$</pubdate>
  </info>
  <refnamediv>
    <refname>mtlb_true</refname>
    <refpurpose>Matlab true emulation function</refpurpose>
  </refnamediv>
  <refsection>
    <title>Description</title>
    <para>There is no Scilab equivalent for Matlab <literal>true</literal>. However, Scilab <literal>ones</literal>
    returns a result interpreted in an equivalent way for Scilab.</para>
    <para>Matlab <literal>true</literal> and Scilab <literal>ones</literal> behave differently in some particular cases:</para>
    <itemizedlist>
      <listitem>
        <para>
        With a scalar input: Matlab <literal>true</literal> returns a n x n matrix of ones
	while Scilab <literal>ones</literal> returns a 1.
        </para>
      </listitem>
    </itemizedlist>
    <para>
    The function <literal>mtlb_true(A)</literal> is used by
    <literal>mfile2sci</literal> to replace <literal>true(A)</literal> when it was not
    possible to know what was the input while porting Matlab code to Scilab. This function will
    determine the correct semantic at run time. If you want to have a
    more efficient code it is possible to replace <literal>mtlb_true</literal> calls:
    </para>
    <itemizedlist>
      <listitem>
        <para>
        If <literal>A</literal> is a scalar
        <literal>mtlb_true(A)</literal> may be replaced by <literal>ones(A,A)</literal>
        </para>
      </listitem>
      <listitem>
        <para>
        If <literal>A</literal> is not a scalar
        <literal>mtlb_true(A)</literal> may be replaced by <literal>ones(A)</literal>
        </para>
      </listitem>
    </itemizedlist>
    <para>Caution: <literal>mtlb_true</literal> has not to be used for hand coded functions.</para>
  </refsection>
  <refsection>
    <title>Authors</title>
    <simplelist type="vert">
      <member>V.C.</member>
    </simplelist>
  </refsection>
</refentry>
