<?xml version="1.0" encoding="ISO-8859-1"?>
<!--
    * Scilab ( http://www.scilab.org/ ) - This file is part of Scilab
    * Copyright (C) 2004-2007 - INRIA - Vincent COUVERT 
    * 
    * This file must be used under the terms of the CeCILL.
    * This source file is licensed as described in the file COPYING, which
    * you should have received as part of this distribution.  The terms
    * are also available at    
    * http://www.cecill.info/licences/Licence_CeCILL_V2-en.txt
    *
    -->
<refentry xmlns="http://docbook.org/ns/docbook" xmlns:xlink="http://www.w3.org/1999/xlink" xmlns:svg="http://www.w3.org/2000/svg" xmlns:mml="http://www.w3.org/1998/Math/MathML" xmlns:db="http://docbook.org/ns/docbook" version="5.0-subset Scilab" xml:lang="en" xml:id="mtlb_echo">
  <info>
    <pubdate>$LastChangedDate$</pubdate>
  </info>
  <refnamediv>
    <refname>mtlb_echo</refname>
    <refpurpose>Matlab echo emulation function</refpurpose>
  </refnamediv>
  <refsection>
    <title>Description</title>
    <para>There is no equivalent for Matlab <literal>echo</literal> in Scilab but some cases can be replaced by calls to Scilab <literal>mode</literal>:</para>
    <itemizedlist>
      <listitem>
        <para><literal>echo</literal>: is equivalent to Scilab <literal>mode(abs(mode()-1))</literal> for scripts and non-compiled functions
        </para>
      </listitem>
      <listitem>
        <para><literal>echo on</literal>: is equivalent to Scilab <literal>mode(1)</literal> for scripts and non-compiled functions
        </para>
      </listitem>
      <listitem>
        <para><literal>echo off</literal>: is equivalent to Scilab <literal>mode(0)</literal></para>
      </listitem>
    </itemizedlist>
    <para>
    The function <literal>mtlb_echo(arg1[,arg2])</literal> is used by
    <literal>mfile2sci</literal> to replace <literal>echo arg1 [arg2]</literal> when it was not
    possible to know what were the inputs while porting Matlab code to Scilab. This function will
    determine the correct semantic at run time. If you want to have a
    more efficient code it is possible to replace <literal>mtlb_echo</literal> calls:
    </para>
    <itemizedlist>
      <listitem>
        <para>
        If <literal>arg1</literal> is equal to "on"
        <literal>mtlb_echo(arg1)</literal> may be replaced by <literal>mode(1)</literal>
        </para>
      </listitem>
      <listitem>
        <para>
        If <literal>arg1</literal> is equal to "off"
        <literal>mtlb_echo(arg1)</literal> may be replaced by <literal>mode(0)</literal>
        </para>
      </listitem>
    </itemizedlist>
    <para>Caution: <literal>mtlb_echo</literal> has not to be used for hand coded functions.</para>
  </refsection>
  <refsection>
    <title>See Also</title>
    <simplelist type="inline">
      <member>
        <link linkend="mode">mode</link>
      </member>
    </simplelist>
  </refsection>
  <refsection>
    <title>Authors</title>
    <simplelist type="vert">
      <member>V.C.</member>
    </simplelist>
  </refsection>
</refentry>
