<?xml version="1.0" encoding="ISO-8859-1"?>
<!--
    * Scilab ( http://www.scilab.org/ ) - This file is part of Scilab
    * Copyright (C) 2006 - INRIA - Farid BELAHCENE 
    * 
    * This file must be used under the terms of the CeCILL.
    * This source file is licensed as described in the file COPYING, which
    * you should have received as part of this distribution.  The terms
    * are also available at    
    * http://www.cecill.info/licences/Licence_CeCILL_V2-en.txt
    *
    -->
<refentry xmlns="http://docbook.org/ns/docbook" xmlns:xlink="http://www.w3.org/1999/xlink" xmlns:svg="http://www.w3.org/2000/svg" xmlns:mml="http://www.w3.org/1998/Math/MathML" xmlns:db="http://docbook.org/ns/docbook" version="5.0-subset Scilab" xml:lang="en" xml:id="mtlb_axis">
  <info>
    <pubdate>$LastChangedDate: 2006-08-08 16:57:13 +0200 (mar, 08 aoû 2006) $</pubdate>
  </info>
  <refnamediv>
    <refname>mtlb_axis</refname>
    <refpurpose>Matlab axis emulation
  function</refpurpose>
  </refnamediv>
  <refsynopsisdiv>
    <title>Calling Sequence</title>
    <synopsis>mtlb_axis(X)
mtlb_axis(st)
mtlb_axis(axeshandle, ...)
[mode,visibility,direction]=mtlb_axis('state')</synopsis>
  </refsynopsisdiv>
  <refsection>
    <title>Parameters</title>
    <variablelist>
      <varlistentry>
        <term>X</term>
        <listitem>
          <para>a vector of reals ([xmin xmax ymin ymax] or [xmin xmax ymin
          ymax zmin zmax])</para>
        </listitem>
      </varlistentry>
    </variablelist>
    <variablelist>
      <varlistentry>
        <term>st</term>
        <listitem>
          <para>a string ('auto', 'manual', 'tight', 'ij', 'xy', 'equal',
          'square', 'vis3d', 'off', 'on')</para>
        </listitem>
      </varlistentry>
    </variablelist>
    <variablelist>
      <varlistentry>
        <term>axeshandle</term>
        <listitem>
          <para>handle of the current axes entity</para>
        </listitem>
      </varlistentry>
    </variablelist>
  </refsection>
  <refsection>
    <title>Description</title>
    <para>Matlab <literal>axis</literal> have not a Scilab equivalent function.</para>
    <para>The function <literal>mtlb_axis(...)</literal> is used by
    <literal>mfile2sci</literal> to replace <literal>axis(...)</literal> when it was not
    possible to know what were the inputs while porting Matlab code to Scilab.
    This function will determine the correct semantic at run time (axis
    <literal>fill</literal>, axis <literal>image</literal> and axis <literal>normal</literal>
    are not implemented). If you want to have a more efficient code it is
    possible to replace <literal>mtlb_axis</literal> call by <literal>get(axeshandle,
    prop)</literal> call (prop is a axes property, see
    <link linkend="axis_properties">axis_properties</link>)</para>
    <para>Caution: <literal>mtlb_axis</literal> has not to be used for hand coded
    functions.</para>
  </refsection>
  <refsection>
    <title>Authors</title>
    <simplelist type="vert">
      <member>F.B.</member>
    </simplelist>
  </refsection>
</refentry>
