<?xml version="1.0" encoding="ISO-8859-1"?>
<!--
    * Scilab ( http://www.scilab.org/ ) - This file is part of Scilab
    * Copyright (C) 2004-2007 - INRIA - Vincent COUVERT 
    * 
    * This file must be used under the terms of the CeCILL.
    * This source file is licensed as described in the file COPYING, which
    * you should have received as part of this distribution.  The terms
    * are also available at    
    * http://www.cecill.info/licences/Licence_CeCILL_V2-en.txt
    *
    -->
<refentry xmlns="http://docbook.org/ns/docbook" xmlns:xlink="http://www.w3.org/1999/xlink" xmlns:svg="http://www.w3.org/2000/svg" xmlns:mml="http://www.w3.org/1998/Math/MathML" xmlns:db="http://docbook.org/ns/docbook" version="5.0-subset Scilab" xml:lang="en" xml:id="mtlb_tril">
  <info>
    <pubdate>$LastChangedDate$</pubdate>
  </info>
  <refnamediv>
    <refname>mtlb_tril</refname>
    <refpurpose>Matlab tril emulation function</refpurpose>
  </refnamediv>
  <refsection>
    <title>Description</title>
    <para>Matlab and Scilab <literal>tril</literal> behave differently in some particular cases:</para>
    <itemizedlist>
      <listitem>
        <para>
        With complex input: Matlab <literal>tril</literal> can be used with complex data but not Scilab one.
        </para>
      </listitem>
      <listitem>
        <para>
        With character strings inputs: due to the fact the Matlab and Scilab do not consider character
	strings in the same way, Scilab and Matlab <literal>tril</literal> do not give the same results
	for this type of input.
        </para>
      </listitem>
      <listitem>
        <para>
        With boolean inputs: Matlab <literal>tril</literal> can be used with boobean data but not Scilab one.
        </para>
      </listitem>
    </itemizedlist>
    <para>
    The function <literal>mtlb_tril(x,k)</literal> is used by
    <literal>mfile2sci</literal> to replace <literal>tril(x,k)</literal> when it was not
    possible to know what were the inputs while porting Matlab code to Scilab. This function will
    determine the correct semantic at run time. If you want to have a
    more efficient code it is possible to replace <literal>mtlb_tril</literal> calls:
    </para>
    <itemizedlist>
      <listitem>
        <para>
        If <literal>X</literal> contains real double values
        <literal>mtlb_tril(x,k)</literal> may be replaced by <literal>tril(x,k)</literal>
        </para>
      </listitem>
      <listitem>
        <para>
        If <literal>X</literal> contains boolean values
        <literal>mtlb_tril(x,k)</literal> may be replaced by <literal>tril(bool2s(x),k)</literal>
        </para>
      </listitem>
    </itemizedlist>
    <para>Caution: <literal>mtlb_tril</literal> has not to be used for hand coded functions.</para>
  </refsection>
  <refsection>
    <title>See Also</title>
    <simplelist type="inline">
      <member>
        <link linkend="MatlabScilab_character_strings">Matlab-Scilab_character_strings</link>
      </member>
    </simplelist>
  </refsection>
  <refsection>
    <title>Authors</title>
    <simplelist type="vert">
      <member>V.C.</member>
    </simplelist>
  </refsection>
</refentry>
