<?xml version="1.0" encoding="ISO-8859-1"?>
<!--
    * Scilab ( http://www.scilab.org/ ) - This file is part of Scilab
    * Copyright (C) 2004-2007 - INRIA - Vincent COUVERT 
    * 
    * This file must be used under the terms of the CeCILL.
    * This source file is licensed as described in the file COPYING, which
    * you should have received as part of this distribution.  The terms
    * are also available at    
    * http://www.cecill.info/licences/Licence_CeCILL_V2-en.txt
    *
    -->
<refentry xmlns="http://docbook.org/ns/docbook" xmlns:xlink="http://www.w3.org/1999/xlink" xmlns:svg="http://www.w3.org/2000/svg" xmlns:mml="http://www.w3.org/1998/Math/MathML" xmlns:db="http://docbook.org/ns/docbook" version="5.0-subset Scilab" xml:lang="en" xml:id="mtlb_find">
  <info>
    <pubdate>$LastChangedDate$</pubdate>
  </info>
  <refnamediv>
    <refname>mtlb_find</refname>
    <refpurpose>Matlab find emulation function</refpurpose>
  </refnamediv>
  <refsection>
    <title>Description</title>
    <para>Matlab and Scilab <literal>find</literal> behave differently in some particular cases:</para>
    <itemizedlist>
      <listitem>
        <para>
        With column vectors and matrices as input: Matlab <literal>find</literal> returns column
	vectors while Scilab returns row vectors.
        </para>
      </listitem>
      <listitem>
        <para>
        When called with three outputs: Matlab <literal>find</literal> can have three outputs but Scilab not.
        </para>
      </listitem>
    </itemizedlist>
    <para>
    The function <literal>[i[,j[,v]]] = mtlb_find(B)</literal> is used by
    <literal>mfile2sci</literal> to replace <literal>[i[,j[,v]]] = find(B)</literal> when it was not
    possible to know what was the input while porting Matlab code to Scilab. This function will
    determine the correct semantic at run time. If you want to have a
    more efficient code it is possible to replace <literal>mtlb_find</literal> calls:
    </para>
    <itemizedlist>
      <listitem>
        <para>
        When called with one output, if <literal>B</literal> is a row vector 
        <literal>i = mtlb_find(B)</literal> may be replaced by <literal>i = find(B)</literal>
        </para>
      </listitem>
      <listitem>
        <para>
        When called with one output, if <literal>B</literal> is not a row vector 
        <literal>i = mtlb_find(B)</literal> may be replaced by <literal>i = matrix(find(B),-1,1)</literal>
        </para>
      </listitem>
      <listitem>
        <para>
        When called with two outputs, if <literal>B</literal> is a row vector 
        <literal>[i,j] = mtlb_find(B)</literal> may be replaced by <literal>[i,j] = find(B)</literal>
        </para>
      </listitem>
      <listitem>
        <para>
        When called with two outputs, if <literal>B</literal> is not a row vector 
        <literal>[i,j] = mtlb_find(B)</literal> may be replaced by
	<literal>[i,j] = find(B);i = matrix(i,-1,1);j = matrix(j,-1,1);</literal>
        </para>
      </listitem>
    </itemizedlist>
    <para>Caution: <literal>mtlb_find</literal> has not to be used for hand coded functions.</para>
  </refsection>
  <refsection>
    <title>Authors</title>
    <simplelist type="vert">
      <member>V.C.</member>
    </simplelist>
  </refsection>
</refentry>
