<?xml version="1.0" encoding="ISO-8859-1"?>
<!--
    * Scilab ( http://www.scilab.org/ ) - This file is part of Scilab
    * Copyright (C) 2004-2007 - INRIA - Vincent COUVERT 
    * 
    * This file must be used under the terms of the CeCILL.
    * This source file is licensed as described in the file COPYING, which
    * you should have received as part of this distribution.  The terms
    * are also available at    
    * http://www.cecill.info/licences/Licence_CeCILL_V2-en.txt
    *
    -->
<refentry xmlns="http://docbook.org/ns/docbook" xmlns:xlink="http://www.w3.org/1999/xlink" xmlns:svg="http://www.w3.org/2000/svg" xmlns:mml="http://www.w3.org/1998/Math/MathML" xmlns:db="http://docbook.org/ns/docbook" version="5.0-subset Scilab" xml:lang="en" xml:id="mtlb_a">
  <info>
    <pubdate>$LastChangedDate$</pubdate>
  </info>
  <refnamediv>
    <refname>mtlb_a</refname>
    <refpurpose>Matlab addition emulation function</refpurpose>
  </refnamediv>
  <refsection>
    <title>Description</title>
    <para>Matlab and Scilab addition behave differently in some particular cases:</para>
    <itemizedlist>
      <listitem>
        <para>
        With character string operands: The <literal>+</literal> 
        operator is used into Scilab to catenate character strings, while
        Matlab realizes the sum of the operands ASCII codes.
        </para>
      </listitem>
      <listitem>
        <para>
	With empty matrix: In Scilab, if one of the
      	operands is an empty matrix the result of the addition is the
      	other operand. In Matlab if one of the operand is an empty
      	matrix the result of the addition should be an error or an empty
      	matrix.
        </para>
      </listitem>
    </itemizedlist>
    <para>
    The function <literal>mtlb_a(A,B)</literal> is used by
    <literal>mfile2sci</literal> to replace <literal>A+B</literal> when it was not
    possible to know what were the operands while porting Matlab code to Scilab. This function will
    determine the correct semantic at run time. If you want to have a
    more efficient code it is possible to replace <literal>mtlb_a</literal> calls:
    </para>
    <itemizedlist>
      <listitem>
        <para>
	If <literal>A</literal> and <literal>B</literal> are character strings, 
	<literal>mtlb_a(A,B)</literal> may be replaced by <literal>asciimat(A)+asciimat(B)</literal>
        </para>
      </listitem>
      <listitem>
        <para>
	If both <literal>A</literal> and <literal>B</literal> are not empty matrices
	<literal>mtlb_a(A,B)</literal> may be replaced by <literal>A+B</literal>,
	else <literal>mtlb_a(A,B)</literal> may be replaced by
	<literal>[]</literal>.
        </para>
      </listitem>
      <listitem>
        <para>
	If mtlb_mode==%T, then <literal>mtlb_a(A,B)</literal>
	may be replaced by <literal>A+B</literal> in any case where
	<literal>A</literal> and <literal>B</literal> are not character string matrices.
         </para>
      </listitem>
    </itemizedlist>
    <para>Caution: <literal>mtlb_a</literal> has not to be used for hand coded functions.</para>
  </refsection>
  <refsection>
    <title>See Also</title>
    <simplelist type="inline">
      <member>
        <link linkend="mtlb_mode">mtlb_mode</link>
      </member>
    </simplelist>
  </refsection>
  <refsection>
    <title>Authors</title>
    <simplelist type="vert">
      <member>V.C.</member>
    </simplelist>
  </refsection>
</refentry>
