<?xml version="1.0" encoding="ISO-8859-1"?>
<!--
    * Scilab ( http://www.scilab.org/ ) - This file is part of Scilab
    * Copyright (C) 2004-2007 - INRIA - Vincent COUVERT 
    * 
    * This file must be used under the terms of the CeCILL.
    * This source file is licensed as described in the file COPYING, which
    * you should have received as part of this distribution.  The terms
    * are also available at    
    * http://www.cecill.info/licences/Licence_CeCILL_V2-en.txt
    *
    -->
<refentry xmlns="http://docbook.org/ns/docbook" xmlns:xlink="http://www.w3.org/1999/xlink" xmlns:svg="http://www.w3.org/2000/svg" xmlns:mml="http://www.w3.org/1998/Math/MathML" xmlns:db="http://docbook.org/ns/docbook" version="5.0-subset Scilab" xml:lang="en" xml:id="mtlb_max">
  <info>
    <pubdate>$LastChangedDate$</pubdate>
  </info>
  <refnamediv>
    <refname>mtlb_max</refname>
    <refpurpose>Matlab max emulation function</refpurpose>
  </refnamediv>
  <refsection>
    <title>Description</title>
    <para>Matlab and Scilab <literal>max</literal> behave differently in some particular cases:</para>
    <itemizedlist>
      <listitem>
        <para>
        With complex values: Matlab <literal>max</literal> can be used with complex values but not Scilab function.
        </para>
      </listitem>
      <listitem>
        <para>
        When called with one input: Matlab <literal>max</literal> threats values along the first
	non-singleton dimension but Scilab threats all input values.
        </para>
      </listitem>
      <listitem>
        <para>
        When called with two inputs: if one is an empty matrix, Scilab returns an error message but Matlab returns [].
        </para>
      </listitem>
      <listitem>
        <para>
        When called with three inputs: if <literal>dim</literal> parameter is greater than number of
	dimensions of first input, Scilab returns an error message and Matlab returns the first input.
        </para>
      </listitem>
    </itemizedlist>
    <para>
    The function <literal>[r[,k]] = mtlb_max(A[,B[,dim]])</literal> is used by
    <literal>mfile2sci</literal> to replace <literal>[r[,k]] = max(A[,B[,dim]])</literal> when it was not
    possible to know what were the inputs while porting Matlab code to Scilab. This function will
    determine the correct semantic at run time. If you want to have a
    more efficient code it is possible to replace <literal>mtlb_max</literal> calls:
    </para>
    <itemizedlist>
      <listitem>
        <para>
        When called with one input, if <literal>A</literal> is a vector or a scalar
        <literal>[r[,k]] = mtlb_max(A)</literal> may be replaced by <literal>max(A)</literal>
        </para>
      </listitem>
      <listitem>
        <para>
        When called with one input, if <literal>A</literal> is a matrix
        <literal>[r[,k]] = mtlb_max(A)</literal> may be replaced by <literal>max(A,"r")</literal>
        </para>
      </listitem>
      <listitem>
        <para>
        When called with two inputs, if <literal>A</literal> and <literal>B</literal> are real matrices and not empty matrices
        <literal>[r[,k]] = mtlb_max(A,B)</literal> may be replaced by <literal>max(A,B)</literal>
        </para>
      </listitem>
      <listitem>
        <para>
        When called with three inputs, if <literal>dim</literal> is lesser than the number of dimensions of <literal>A</literal>
        <literal>[r[,k]] = mtlb_max(A,[],dim)</literal> may be replaced by <literal>max(A,dim)</literal>
        </para>
      </listitem>
    </itemizedlist>
    <para>Caution: <literal>mtlb_max</literal> has not to be used for hand coded functions.</para>
  </refsection>
  <refsection>
    <title>See Also</title>
    <simplelist type="inline">
      <member>
        <link linkend="firstnonsingleton">firstnonsingleton</link>
      </member>
    </simplelist>
  </refsection>
  <refsection>
    <title>Authors</title>
    <simplelist type="vert">
      <member>V.C.</member>
    </simplelist>
  </refsection>
</refentry>
