<?xml version="1.0" encoding="ISO-8859-1"?>
<!--
    * Scilab ( http://www.scilab.org/ ) - This file is part of Scilab
    * Copyright (C) 2004-2007 - INRIA - Vincent COUVERT 
    * 
    * This file must be used under the terms of the CeCILL.
    * This source file is licensed as described in the file COPYING, which
    * you should have received as part of this distribution.  The terms
    * are also available at    
    * http://www.cecill.info/licences/Licence_CeCILL_V2-en.txt
    *
    -->
<refentry xmlns="http://docbook.org/ns/docbook" xmlns:xlink="http://www.w3.org/1999/xlink" xmlns:svg="http://www.w3.org/2000/svg" xmlns:mml="http://www.w3.org/1998/Math/MathML" xmlns:db="http://docbook.org/ns/docbook" version="5.0-subset Scilab" xml:lang="en" xml:id="mtlb_eig">
  <info>
    <pubdate>$LastChangedDate$</pubdate>
  </info>
  <refnamediv>
    <refname>mtlb_eig</refname>
    <refpurpose>Matlab eig emulation function</refpurpose>
  </refnamediv>
  <refsection>
    <title>Description</title>
    <para>Matlab <literal>eig</literal> and Scilab <literal>spec</literal> behave differently in some particular cases:</para>
    <itemizedlist>
      <listitem>
        <para>
	With one input (A) and two outputs (V,D), Matlab and Scilab returned eigen values have opposite signs.
         </para>
      </listitem>
    </itemizedlist>
    <para>
    The function <literal>[V,D] = mtlb_eig(A)</literal> is used by
    <literal>mfile2sci</literal> to replace <literal>&gt;[V,D] = eig(A)</literal>.
    This function will determine the correct semantic at run time. There is no replacement possibility for it.
    </para>
    <para>Caution: <literal>mtlb_eig</literal> has not to be used for hand coded functions.</para>
  </refsection>
  <refsection>
    <title>Authors</title>
    <simplelist type="vert">
      <member>V.C.</member>
    </simplelist>
  </refsection>
</refentry>
