<?xml version="1.0" encoding="ISO-8859-1"?>
<!--
    * Scilab ( http://www.scilab.org/ ) - This file is part of Scilab
    * Copyright (C) 2004-2007 - INRIA - Vincent COUVERT 
    * 
    * This file must be used under the terms of the CeCILL.
    * This source file is licensed as described in the file COPYING, which
    * you should have received as part of this distribution.  The terms
    * are also available at    
    * http://www.cecill.info/licences/Licence_CeCILL_V2-en.txt
    *
    -->
<refentry xmlns="http://docbook.org/ns/docbook" xmlns:xlink="http://www.w3.org/1999/xlink" xmlns:svg="http://www.w3.org/2000/svg" xmlns:mml="http://www.w3.org/1998/Math/MathML" xmlns:db="http://docbook.org/ns/docbook" version="5.0-subset Scilab" xml:lang="en" xml:id="mtlb_isfield">
  <info>
    <pubdate>$LastChangedDate$</pubdate>
  </info>
  <refnamediv>
    <refname>mtlb_isfield</refname>
    <refpurpose>Matlab isfield emulation function</refpurpose>
  </refnamediv>
  <refsection>
    <title>Description</title>
    <para>There is no Scilab equivalent function for Matlab <literal>isfield(st,f)</literal> and equivalent expressions behave differently in some particular cases:</para>
    <itemizedlist>
      <listitem>
        <para>
        If <literal>st</literal> is not a structure: Scilab equivalent returns an error message but Matlab returns <literal>0</literal>.
        </para>
      </listitem>
    </itemizedlist>
    <para>
    The function <literal>mtlb_isfield(st,f)</literal> is used by
    <literal>mfile2sci</literal> to replace <literal>isfield(st,f)</literal> when it was not
    possible to know what were the inputs while porting Matlab code to Scilab. This function will
    determine the correct semantic at run time. If you want to have a
    more efficient code it is possible to replace <literal>mtlb_isfield</literal> calls:
    </para>
    <itemizedlist>
      <listitem>
        <para>
        If <literal>st</literal> is a structure
        <literal>tf = mtlb_isfield(st,f)</literal> may be replaced by <literal>allf=getfield(1,st);tf=or(allf(3:$)==f);</literal>
        </para>
      </listitem>
      <listitem>
        <para>
        If <literal>st</literal> is not a structure
        <literal>tf = mtlb_isfield(st,f)</literal> may be replaced by <literal>tf=%F;</literal>
        </para>
      </listitem>
    </itemizedlist>
    <para>Caution: <literal>mtlb_isfield</literal> has not to be used for hand coded functions.</para>
  </refsection>
  <refsection>
    <title>See Also</title>
    <simplelist type="inline">
      <member>
        <link linkend="getfield">getfield</link>
      </member>
    </simplelist>
  </refsection>
  <refsection>
    <title>Authors</title>
    <simplelist type="vert">
      <member>V.C.</member>
    </simplelist>
  </refsection>
</refentry>
