<?xml version="1.0" encoding="ISO-8859-1"?>
<!--
    * Scilab ( http://www.scilab.org/ ) - This file is part of Scilab
    * Copyright (C) 2004-2007 - INRIA - Vincent COUVERT 
    * 
    * This file must be used under the terms of the CeCILL.
    * This source file is licensed as described in the file COPYING, which
    * you should have received as part of this distribution.  The terms
    * are also available at    
    * http://www.cecill.info/licences/Licence_CeCILL_V2-en.txt
    *
    -->
<refentry xmlns="http://docbook.org/ns/docbook" xmlns:xlink="http://www.w3.org/1999/xlink" xmlns:svg="http://www.w3.org/2000/svg" xmlns:mml="http://www.w3.org/1998/Math/MathML" xmlns:db="http://docbook.org/ns/docbook" version="5.0-subset Scilab" xml:lang="en" xml:id="mtlb_0">
  <info>
    <pubdate>$LastChangedDate$</pubdate>
  </info>
  <refnamediv>
    <refname>mtlb_0</refname>
    <refpurpose>Matlab non-conjugate transposition emulation function</refpurpose>
  </refnamediv>
  <refsection>
    <title>Description</title>
    <para>Matlab and Scilab non-conjugate transposition behave differently in some particular cases:</para>
    <itemizedlist>
      <listitem>
        <para>
	With character strings operands: The <literal>.'</literal> operator is used to transpose whole 
	character strings in Scilab while Matlab realizes the transposition of each character.
	</para>
      </listitem>
    </itemizedlist>
    <para>  
    The function <literal>mtlb_0(A)</literal> is used by
    <literal>mfile2sci</literal> to replace <literal>A.'</literal> when it was not
    possible to know what were the operands while porting Matlab code to Scilab. This function will
    determine the correct semantic at run time. If you want to have a
    more efficient code it is possible to replace <literal>mtlb_0</literal> calls:
    </para>
    <itemizedlist>
      <listitem>
        <para>
	If <literal>A</literal> is not a character string matrix
	<literal>mtlb_0(A)</literal> may be replaced by <literal>A.'</literal>
 	</para>
      </listitem>
    </itemizedlist>
    <para>Caution: <literal>mtlb_0</literal> has not to be used for hand coded functions.</para>
  </refsection>
  <refsection>
    <title>See Also</title>
    <simplelist type="inline">
      <member>
        <link linkend="MatlabScilab_character_strings">Matlab-Scilab_character_strings</link>
      </member>
    </simplelist>
  </refsection>
  <refsection>
    <title>Authors</title>
    <simplelist type="vert">
      <member>V.C.</member>
    </simplelist>
  </refsection>
</refentry>
