<?xml version="1.0" encoding="ISO-8859-1"?>
<!--
    * Scilab ( http://www.scilab.org/ ) - This file is part of Scilab
    * Copyright (C) 2004-2007 - INRIA - Vincent COUVERT 
    * 
    * This file must be used under the terms of the CeCILL.
    * This source file is licensed as described in the file COPYING, which
    * you should have received as part of this distribution.  The terms
    * are also available at    
    * http://www.cecill.info/licences/Licence_CeCILL_V2-en.txt
    *
    -->
<refentry xmlns="http://docbook.org/ns/docbook" xmlns:xlink="http://www.w3.org/1999/xlink" xmlns:svg="http://www.w3.org/2000/svg" xmlns:mml="http://www.w3.org/1998/Math/MathML" xmlns:db="http://docbook.org/ns/docbook" version="5.0-subset Scilab" xml:lang="en" xml:id="mtlb_logic">
  <info>
    <pubdate>$LastChangedDate$</pubdate>
  </info>
  <refnamediv>
    <refname>mtlb_logic</refname>
    <refpurpose>Matlab logical operators emulation function</refpurpose>
  </refnamediv>
  <refsection>
    <title>Description</title>
    <para>Matlab and Scilab logical operator behave differently in some particular cases:</para>
    <itemizedlist>
      <listitem>
        <para>
	With complex operands: The <literal>&lt;</literal>, <literal>&lt;=</literal>, <literal>&gt;</literal> and <literal>&gt;=</literal> 
	operators can not be used into Scilab with complex operands, while
	in Matlab they can. And in this case, only real part of complex operands is compared.
	</para>
      </listitem>
      <listitem>
        <para>
	With empty matrices: If both operands of <literal>&lt;</literal>, <literal>&lt;=</literal>,
	<literal>&gt;</literal> and <literal>&gt;=</literal> 
	operators are empty matrices, Scilab returns an error message, while
	Matlab returns an empty matrix. For operators <literal>==</literal> and <literal>~=</literal>,
	if at least one operand is an empty matrix, Matlab returns [] while Scilab returns a boolean value %T or %F.
	</para>
      </listitem>
    </itemizedlist>
    <para>
    The function <literal>mtlb_logic(A,symbol,B)</literal> (with "symbol" a character string
    containing the operator symbol) is used by
    <literal>mfile2sci</literal> to replace <literal>A symbol B</literal> when it was not
    possible to know what were the operands while porting Matlab code to Scilab. This function will
    determine the correct semantic at run time. If you want to have a
    more efficient code it is possible to replace <literal>mtlb_logic</literal> calls:
    </para>
    <itemizedlist>
      <listitem>
        <para>    
	If both <literal>A</literal> and <literal>B</literal> are not complex values nor empty matrices
	<literal>mtlb_logic(A,symbol,B)</literal> may be replaced by <literal>A symbol B</literal>.
	</para>
      </listitem>
    </itemizedlist>
    <para>Caution: <literal>mtlb_logic</literal> has not to be used for hand coded functions.</para>
  </refsection>
  <refsection>
    <title>Authors</title>
    <simplelist type="vert">
      <member>V.C.</member>
    </simplelist>
  </refsection>
</refentry>
