<?xml version="1.0" encoding="UTF-8"?>
<!--
 * Scilab ( http://www.scilab.org/ ) - This file is part of Scilab
 * Copyright (C) INRIA - 
 * 
 * This file must be used under the terms of the CeCILL.
 * This source file is licensed as described in the file COPYING, which
 * you should have received as part of this distribution.  The terms
 * are also available at    
 * http://www.cecill.info/licences/Licence_CeCILL_V2-en.txt
 *
 -->
<refentry xmlns="http://docbook.org/ns/docbook" xmlns:xlink="http://www.w3.org/1999/xlink" xmlns:svg="http://www.w3.org/2000/svg" xmlns:mml="http://www.w3.org/1998/Math/MathML" xmlns:db="http://docbook.org/ns/docbook" xmlns:scilab="http://www.scilab.org" xml:lang="en" xml:id="h2norm">
    <refnamediv>
        <refname>h2norm</refname>
        <refpurpose>H2 norm of a continuous time proper dynamical system</refpurpose>
    </refnamediv>
    <refsynopsisdiv>
        <title>Calling Sequence</title>
        <synopsis>[n]=h2norm(Sl [,tol])</synopsis>
    </refsynopsisdiv>
    <refsection>
        <title>Arguments</title>
        <variablelist>
            <varlistentry>
                <term>Sl</term>
                <listitem>
                    <para>continuous time proper linear dynamical system</para>
                </listitem>
            </varlistentry>
            <varlistentry>
                <term>n</term>
                <listitem>
                    <para>real scalar</para>
                </listitem>
            </varlistentry>
        </variablelist>
    </refsection>
    <refsection>
        <title>Description</title>
        <para>
            produces the H2 norm  of a linear continuous time system <literal>Sl</literal>.
        </para>
        <para>
            (For <literal>Sl</literal> in state-space form <literal>h2norm</literal> uses the observability
            gramian and for <literal>Sl</literal> in transfer form <literal>h2norm</literal> uses a residue method)
        </para>
    </refsection>
    <refsection>
        <title>Examples</title>
        <programlisting role="example"><![CDATA[
    h=syslin('c',(2*0.9*10*s+100)/(s^2+2*0.3*10.1*s+102.01));
    h2norm(h)
    ]]></programlisting>
    </refsection>
    <refsection>
        <title>History</title>
        <revhistory>
            <revision>
                <revnumber>5.4.0</revnumber>
                <revremark>
                    <literal>Sl</literal> is now checked for
                    continuous time linear dynamical system.  This modification
                    has been introduced by this <ulink url="http://gitweb.scilab.org/?p=scilab.git;a=commit;h=3d7083daae3339813ba747c8adcda1f9599bb80d">commit</ulink>
                </revremark>
            </revision>
        </revhistory>
    </refsection>
</refentry>
