<?xml version="1.0" encoding="UTF-8"?>
<!--
 * Scilab ( http://www.scilab.org/ ) - This file is part of Scilab
 * Copyright (C) INRIA - 
 * 
 * This file must be used under the terms of the CeCILL.
 * This source file is licensed as described in the file COPYING, which
 * you should have received as part of this distribution.  The terms
 * are also available at    
 * http://www.cecill.info/licences/Licence_CeCILL_V2-en.txt
 *
 -->
<refentry xmlns="http://docbook.org/ns/docbook" xmlns:xlink="http://www.w3.org/1999/xlink" xmlns:svg="http://www.w3.org/2000/svg" xmlns:mml="http://www.w3.org/1998/Math/MathML" xmlns:db="http://docbook.org/ns/docbook" xmlns:scilab="http://www.scilab.org" xml:lang="en" xml:id="hankelsv">
    <refnamediv>
        <refname>hankelsv</refname>
        <refpurpose>Hankel singular values</refpurpose>
    </refnamediv>
    <refsynopsisdiv>
        <title>Calling Sequence</title>
        <synopsis>[nk2,W]=hankelsv(sl [,tol])
            [nk2]=hankelsv(sl [,tol])
        </synopsis>
    </refsynopsisdiv>
    <refsection>
        <title>Arguments</title>
        <variablelist>
            <varlistentry>
                <term>sl</term>
                <listitem>
                    <para>
                        <literal>syslin</literal> list representing the linear system (state-space).
                    </para>
                </listitem>
            </varlistentry>
            <varlistentry>
                <term>tol</term>
                <listitem>
                    <para>
                        tolerance parameter for detecting imaginary axis modes (default value is <literal>1000*%eps</literal>).
                    </para>
                </listitem>
            </varlistentry>
        </variablelist>
    </refsection>
    <refsection>
        <title>Description</title>
        <para>
            returns <literal>nk2</literal>, the squared Hankel singular values of <literal>sl</literal>
            and <literal>W = P*Q</literal> = controllability gramian times observability
            gramian.
        </para>
        <para>
            <literal>nk2</literal> is the vector of eigenvalues of <literal>W</literal>.
        </para>
    </refsection>
    <refsection>
        <title>Examples</title>
        <programlisting role="example"><![CDATA[ 
A=diag([-1,-2,-3]);
sl=syslin('c',A,rand(3,2),rand(2,3));[nk2,W]=hankelsv(sl)
[Q,M]=pbig(W,nk2(2)-%eps,'c');
slr=projsl(sl,Q,M);hankelsv(slr)
 ]]></programlisting>
    </refsection>
    <refsection role="see also">
        <title>See Also</title>
        <simplelist type="inline">
            <member>
                <link linkend="balreal">balreal</link>
            </member>
            <member>
                <link linkend="equil">equil</link>
            </member>
            <member>
                <link linkend="equil1">equil1</link>
            </member>
        </simplelist>
    </refsection>
</refentry>
