<?xml version="1.0" encoding="UTF-8"?>
<!--
 * Scilab ( http://www.scilab.org/ ) - This file is part of Scilab
 * Copyright (C) INRIA - 
 * 
 * This file must be used under the terms of the CeCILL.
 * This source file is licensed as described in the file COPYING, which
 * you should have received as part of this distribution.  The terms
 * are also available at    
 * http://www.cecill.info/licences/Licence_CeCILL_V2-en.txt
 *
 -->
<refentry xmlns="http://docbook.org/ns/docbook" xmlns:xlink="http://www.w3.org/1999/xlink" xmlns:svg="http://www.w3.org/2000/svg" xmlns:mml="http://www.w3.org/1998/Math/MathML" xmlns:db="http://docbook.org/ns/docbook" xmlns:scilab="http://www.scilab.org" xml:lang="en" xml:id="krac2">
    <refnamediv>
        <refname>krac2</refname>
        <refpurpose>continuous SISO system limit feedback gain</refpurpose>
    </refnamediv>
    <refsynopsisdiv>
        <title>Calling Sequence</title>
        <synopsis>g=krac2(sys)</synopsis>
    </refsynopsisdiv>
    <refsection>
        <title>Arguments</title>
        <variablelist>
            <varlistentry>
                <term>sys</term>
                <listitem>
                    <para>SISO linear system (syslin)</para>
                </listitem>
            </varlistentry>
            <varlistentry>
                <term>g</term>
                <listitem>
                    <para>constant</para>
                </listitem>
            </varlistentry>
        </variablelist>
    </refsection>
    <refsection>
        <title>Description</title>
        <para>
            <literal>krac2(sys)</literal> computes the gains <literal>g</literal> such that the system
            <literal>sys</literal> fedback by g (<literal>sys/.g</literal>) has  2 real equal poles.
        </para>
    </refsection>
    <refsection>
        <title>Examples</title>
        <programlisting role="example"><![CDATA[ 
h=syslin('c',352*poly(-5,'s')/poly([0,0,2000,200,25,1],'s','c'));
clf();evans(h,100)
g=krac2(h)
hf1=h/.g(1);roots(denom(hf1))
hf2=h/.g(2);roots(denom(hf2))
 ]]></programlisting>
    </refsection>
    <refsection role="see also">
        <title>See Also</title>
        <simplelist type="inline">
            <member>
                <link linkend="evans">evans</link>
            </member>
            <member>
                <link linkend="kpure">kpure</link>
            </member>
        </simplelist>
    </refsection>
</refentry>
