<?xml version="1.0" encoding="UTF-8"?>
<!--
 * Scilab ( http://www.scilab.org/ ) - This file is part of Scilab
 * Copyright (C) INRIA - 
 * 
 * This file must be used under the terms of the CeCILL.
 * This source file is licensed as described in the file COPYING, which
 * you should have received as part of this distribution.  The terms
 * are also available at    
 * http://www.cecill.info/licences/Licence_CeCILL_V2-en.txt
 *
 -->
<refentry xmlns="http://docbook.org/ns/docbook" xmlns:xlink="http://www.w3.org/1999/xlink" xmlns:svg="http://www.w3.org/2000/svg" xmlns:mml="http://www.w3.org/1998/Math/MathML" xmlns:db="http://docbook.org/ns/docbook" xmlns:scilab="http://www.scilab.org" xml:lang="en" xml:id="linf">
    <refnamediv>
        <refname>linf</refname>
        <refpurpose>infinity norm</refpurpose>
    </refnamediv>
    <refsynopsisdiv>
        <title>Calling Sequence</title>
        <synopsis>linf(g [,eps],[tol])</synopsis>
    </refsynopsisdiv>
    <refsection>
        <title>Arguments</title>
        <variablelist>
            <varlistentry>
                <term>g</term>
                <listitem>
                    <para>
                        is a <literal>syslin</literal> linear system.
                    </para>
                </listitem>
            </varlistentry>
            <varlistentry>
                <term>eps</term>
                <listitem>
                    <para>is error tolerance on n.</para>
                </listitem>
            </varlistentry>
            <varlistentry>
                <term>tol</term>
                <listitem>
                    <para>threshold for imaginary axis poles.</para>
                </listitem>
            </varlistentry>
        </variablelist>
    </refsection>
    <refsection>
        <title>Description</title>
        <para>
            returns the L_infinity norm of <literal>g</literal>.
        </para>
        <programlisting role=""><![CDATA[
n=sup [sigmax(g(jw)] 
   w
 ]]></programlisting>
        <para>
            (sigmax largest singular value).
        </para>
    </refsection>
    <refsection role="see also">
        <title>See Also</title>
        <simplelist type="inline">
            <member>
                <link linkend="h_norm">h_norm</link>
            </member>
            <member>
                <link linkend="linfn">linfn</link>
            </member>
        </simplelist>
    </refsection>
</refentry>
