<?xml version="1.0" encoding="UTF-8"?>
<!--
 * Scilab ( http://www.scilab.org/ ) - This file is part of Scilab
 * Copyright (C) INRIA - 
 * 
 * This file must be used under the terms of the CeCILL.
 * This source file is licensed as described in the file COPYING, which
 * you should have received as part of this distribution.  The terms
 * are also available at    
 * http://www.cecill.info/licences/Licence_CeCILL_V2-en.txt
 *
 -->
<refentry xmlns="http://docbook.org/ns/docbook" xmlns:xlink="http://www.w3.org/1999/xlink" xmlns:svg="http://www.w3.org/2000/svg" xmlns:mml="http://www.w3.org/1998/Math/MathML" xmlns:db="http://docbook.org/ns/docbook" xmlns:scilab="http://www.scilab.org" xml:lang="en" xml:id="obsv_mat">
    <refnamediv>
        <refname>obsv_mat</refname>
        <refpurpose>observability matrix</refpurpose>
    </refnamediv>
    <refsynopsisdiv>
        <title>Calling Sequence</title>
        <synopsis>[O]=obsv_mat(A,C)
            [O]=obsv_mat(sl)
        </synopsis>
    </refsynopsisdiv>
    <refsection>
        <title>Arguments</title>
        <variablelist>
            <varlistentry>
                <term>A,C,O</term>
                <listitem>
                    <para>real matrices</para>
                </listitem>
            </varlistentry>
            <varlistentry>
                <term>sl</term>
                <listitem>
                    <para>
                        <literal>syslin</literal> list
                    </para>
                </listitem>
            </varlistentry>
        </variablelist>
    </refsection>
    <refsection>
        <title>Description</title>
        <para>
            <literal>obsv_mat</literal> returns the observability matrix:
        </para>
        <programlisting role=""><![CDATA[ 
O=[C; CA; CA^2;...; CA^(n-1) ]
 ]]></programlisting>
    </refsection>
    <refsection role="see also">
        <title>See Also</title>
        <simplelist type="inline">
            <member>
                <link linkend="contrss">contrss</link>
            </member>
            <member>
                <link linkend="obsvss">obsvss</link>
            </member>
            <member>
                <link linkend="obs_gram">obs_gram</link>
            </member>
        </simplelist>
    </refsection>
</refentry>
