<?xml version="1.0" encoding="UTF-8"?>
<!--
 * Scilab ( http://www.scilab.org/ ) - This file is part of Scilab
 * Copyright (C) INRIA - 
 * 
 * This file must be used under the terms of the CeCILL.
 * This source file is licensed as described in the file COPYING, which
 * you should have received as part of this distribution.  The terms
 * are also available at    
 * http://www.cecill.info/licences/Licence_CeCILL_V2-en.txt
 *
 -->
<refentry xmlns="http://docbook.org/ns/docbook" xmlns:xlink="http://www.w3.org/1999/xlink" xmlns:svg="http://www.w3.org/2000/svg" xmlns:mml="http://www.w3.org/1998/Math/MathML" xmlns:db="http://docbook.org/ns/docbook" xmlns:scilab="http://www.scilab.org" xml:lang="en" xml:id="parrot">
    <refnamediv>
        <refname>parrot</refname>
        <refpurpose>Parrot's problem</refpurpose>
    </refnamediv>
    <refsynopsisdiv>
        <title>Calling Sequence</title>
        <synopsis>K=parrot(D,r)</synopsis>
    </refsynopsisdiv>
    <refsection>
        <title>Arguments</title>
        <variablelist>
            <varlistentry>
                <term>D,K</term>
                <listitem>
                    <para>matrices</para>
                </listitem>
            </varlistentry>
            <varlistentry>
                <term>r</term>
                <listitem>
                    <para>
                        1X2 vector (dimension of the 2,2 part of <literal>D</literal>)
                    </para>
                </listitem>
            </varlistentry>
        </variablelist>
    </refsection>
    <refsection>
        <title>Description</title>
        <para>
            Given a matrix <literal>D</literal> partionned as <literal>[D11 D12; D21 D22]</literal>
            where <literal>size(D22)=r=[r1,r2]</literal>
            compute a matrix <literal>K</literal> such that
            largest singular value of <literal>[D11 D12; D21 D22+K]</literal>
            is minimal (Parrot's problem)
        </para>
    </refsection>
    <refsection role="see also">
        <title>See Also</title>
        <simplelist type="inline">
            <member>
                <link linkend="h_inf_st">h_inf_st</link>
            </member>
        </simplelist>
    </refsection>
</refentry>
