<?xml version="1.0" encoding="UTF-8"?>
<!--
 * Scilab ( http://www.scilab.org/ ) - This file is part of Scilab
 * Copyright (C) 2008 - INRIA
 * 
 * This file must be used under the terms of the CeCILL.
 * This source file is licensed as described in the file COPYING, which
 * you should have received as part of this distribution.  The terms
 * are also available at    
 * http://www.cecill.info/licences/Licence_CeCILL_V2-en.txt
 *
 -->
<refentry xmlns="http://docbook.org/ns/docbook" xmlns:xlink="http://www.w3.org/1999/xlink" xmlns:svg="http://www.w3.org/2000/svg" xmlns:ns5="http://www.w3.org/1999/xhtml" xmlns:mml="http://www.w3.org/1998/Math/MathML" xmlns:db="http://docbook.org/ns/docbook" xmlns:scilab="http://www.scilab.org" xml:id="ssprint" xml:lang="en">
    <refnamediv>
        <refname>ssprint</refname>
        <refpurpose>pretty print for linear system</refpurpose>
    </refnamediv>
    <refsynopsisdiv>
        <title>Calling Sequence</title>
        <synopsis>ssprint(sl)
            ssprint(sl, out)
        </synopsis>
    </refsynopsisdiv>
    <refsection>
        <title>Arguments</title>
        <variablelist>
            <varlistentry>
                <term>sl</term>
                <listitem>
                    <para>
                        list (<literal>syslin</literal> list)
                    </para>
                </listitem>
            </varlistentry>
            <varlistentry>
                <term>out</term>
                <listitem>
                    <para>
                        output (default value <literal>out=%io(2)</literal>)
                    </para>
                </listitem>
            </varlistentry>
        </variablelist>
    </refsection>
    <refsection>
        <title>Description</title>
        <para>pretty print of a linear system in state-space form
            <literal>sl=(A,B,C,D) syslin</literal> list.
        </para>
    </refsection>
    <refsection>
        <title>Examples</title>
        <programlisting role="example"><![CDATA[a = [1 1;0 1];
b = [0 1;1 0];
c = [1, 1];
d = [3, 2];
modelC = syslin('c', a, b, c, d)
modelD = syslin('d', a, b, c, d)
ssprint(modelC)
ssprint(modelD)]]></programlisting>
    </refsection>
    <refsection role="see also">
        <title>See Also</title>
        <simplelist type="inline">
            <member>
                <link linkend="math_rendering_features_in_graphic">math_rendering_features_in_graphic</link>
            </member>
            <member>
                <link linkend="prettyprint">prettyprint</link>
            </member>
        </simplelist>
    </refsection>
</refentry>
