<?xml version="1.0" encoding="UTF-8"?>
<!--
 * Scilab ( http://www.scilab.org/ ) - This file is part of Scilab
 * Copyright (C) INRIA - 
 * 
 * This file must be used under the terms of the CeCILL.
 * This source file is licensed as described in the file COPYING, which
 * you should have received as part of this distribution.  The terms
 * are also available at    
 * http://www.cecill.info/licences/Licence_CeCILL_V2-en.txt
 *
 -->
<refentry xmlns="http://docbook.org/ns/docbook" xmlns:xlink="http://www.w3.org/1999/xlink" xmlns:svg="http://www.w3.org/2000/svg" xmlns:mml="http://www.w3.org/1998/Math/MathML" xmlns:db="http://docbook.org/ns/docbook" version="5.0-subset Scilab" xml:lang="en" xml:id="blanks">
  <info>
    <pubdate>$LastChangedDate: 2006-08-08 16:57:13 +0200 (mar., 08 aoÃ»t 2006) $</pubdate>
  </info>
  <refnamediv>
    <refname>blanks</refname>
    <refpurpose>Create string of blank characters</refpurpose>
  </refnamediv>
  <refsynopsisdiv>
    <title>Calling Sequence</title>
    <synopsis>txt=blanks(n)</synopsis>
  </refsynopsisdiv>
  <refsection>
    <title>Parameters</title>
    <variablelist>
      <varlistentry>
        <term>txt</term>
        <listitem>
          <para>A single character string</para>
        </listitem>
      </varlistentry>
      <varlistentry>
        <term>n</term>
        <listitem>
          <para>number of blanks</para>
        </listitem>
      </varlistentry>
    </variablelist>
  </refsection>
  <refsection>
    <title>Description</title>
    <para>blanks(n) is a string of n blanks.</para>
  </refsection>
  <refsection>
    <title>Examples</title>
    <programlisting role="example"><![CDATA[ 
disp(['xxx' blanks(20) 'yyy'])
 ]]></programlisting>
  </refsection>
</refentry>
