<?xml version="1.0" encoding="UTF-8"?>
<!--
 * Scilab ( http://www.scilab.org/ ) - This file is part of Scilab
 * Copyright (C) INRIA - 
 * 
 * This file must be used under the terms of the CeCILL.
 * This source file is licensed as described in the file COPYING, which
 * you should have received as part of this distribution.  The terms
 * are also available at    
 * http://www.cecill.info/licences/Licence_CeCILL_V2-en.txt
 *
 -->
<refentry xmlns="http://docbook.org/ns/docbook" xmlns:xlink="http://www.w3.org/1999/xlink" xmlns:svg="http://www.w3.org/2000/svg" xmlns:mml="http://www.w3.org/1998/Math/MathML" xmlns:db="http://docbook.org/ns/docbook" version="5.0-subset Scilab" xml:lang="en" xml:id="isnum">
  <info>
    <pubdate>$LastChangedDate: 2006-08-08 16:57:13 +0200 (Tue, 08 Aug 2006) $</pubdate>
  </info>
  <refnamediv>
    <refname>isnum</refname>
    <refpurpose> tests if a string represents a number</refpurpose>
  </refnamediv>
  <refsynopsisdiv>
    <title>Calling Sequence</title>
    <synopsis>res = isnum(str)</synopsis>
  </refsynopsisdiv>
  <refsection>
    <title>Parameters</title>
    <variablelist>
      <varlistentry>
        <term>str</term>
        <listitem>
          <para>A character string or a matrix of character strings.</para>
        </listitem>
      </varlistentry>
      <varlistentry>
        <term>res</term>
        <listitem>
          <para>A boolean matrix.</para>
        </listitem>
      </varlistentry>
    </variablelist>
  </refsection>
  <refsection>
    <title>Description</title>
    <para><literal>res = isnum(str)</literal>returns %T if str represents a number
		</para>
  </refsection>
  <refsection>
    <title>Examples</title>
    <programlisting role="example"><![CDATA[ 
isnum(['1'     , ..
       '-1.23' , ..
       '+1e+23', .. 
       '1d+23' , ..
       '%pi'])
 ]]></programlisting>
  </refsection>
  <refsection>
    <title>See Also</title>
    <simplelist type="inline">
      <member>
        <link linkend="isletter">isletter</link>
      </member>
      <member>
        <link linkend="isdigit">isdigit</link>
      </member>
      <member>
        <link linkend="isalphanum">isalphanum</link>
      </member>
    </simplelist>
  </refsection>
  <refsection>
    <title>Authors</title>
    <simplelist type="vert">
      <member>P.M</member>
    </simplelist>
  </refsection>
</refentry>
