<?xml version="1.0" encoding="UTF-8"?>
<!--
 * Scilab ( http://www.scilab.org/ ) - This file is part of Scilab
 * Copyright (C) INRIA - 
 * 
 * This file must be used under the terms of the CeCILL.
 * This source file is licensed as described in the file COPYING, which
 * you should have received as part of this distribution.  The terms
 * are also available at    
 * http://www.cecill.info/licences/Licence_CeCILL_V2-en.txt
 *
 -->
<refentry xmlns="http://docbook.org/ns/docbook" xmlns:xlink="http://www.w3.org/1999/xlink" xmlns:svg="http://www.w3.org/2000/svg" xmlns:mml="http://www.w3.org/1998/Math/MathML" xmlns:db="http://docbook.org/ns/docbook" version="5.0-subset Scilab" xml:lang="en" xml:id="strcmpi">
  <info>
    <pubdate>$LastChangedDate: 2006-08-08 16:57:13 +0200 (Tue, 08 Aug 2006)$</pubdate>
  </info>
  <refnamediv>
    <refname>strcmpi</refname>
    <refpurpose>compare character strings (case
  independent)</refpurpose>
  </refnamediv>
  <refsynopsisdiv>
    <title>Calling Sequence</title>
    <synopsis>res = strcmpi(string_one,string_two)</synopsis>
  </refsynopsisdiv>
  <refsection>
    <title>Parameters</title>
    <variablelist>
      <varlistentry>
        <term>string_one</term>
        <listitem>
          <para>A character string or matrix of character strings</para>
        </listitem>
      </varlistentry>
      <varlistentry>
        <term>string_two</term>
        <listitem>
          <para>A character string or matrix of character strings</para>
        </listitem>
      </varlistentry>
      <varlistentry>
        <term>res</term>
        <listitem>
          <para>matrix.</para>
        </listitem>
      </varlistentry>
    </variablelist>
  </refsection>
  <refsection>
    <title>Description</title>
    <para><literal>res = strcmpi(string_one,string_two)</literal> returns an integral
    value indicating the relationship between the strings.</para>
    <para>A value greater than zero indicates that the first character that does
    not match has a greater value in <literal>string_one</literal> than in
    <literal>string_two</literal></para>
    <para>And a value less than zero indicates the opposite.</para>
  </refsection>
  <refsection>
    <title>Examples</title>
    <programlisting role="example"><![CDATA[ 
TXT1 = ['scilab','SciLab';'Strcmp','STRcmp'];
TXT2 = ['ScIlAb','sciLab';'sTrCmP','StrCMP'];
strcmpi(TXT1,TXT2)
strcmpi(TXT1,'scilab')
 ]]></programlisting>
  </refsection>
  <refsection>
    <title>See Also</title>
    <simplelist type="inline">
      <member>
        <link linkend="strcat">strcat</link>
      </member>
      <member>
        <link linkend="strcmp">strcmp</link>
      </member>
    </simplelist>
  </refsection>
</refentry>
