<?xml version="1.0" encoding="UTF-8"?>
<!--
 * Scilab ( http://www.scilab.org/ ) - This file is part of Scilab
 * Copyright (C) INRIA - 
 * 
 * This file must be used under the terms of the CeCILL.
 * This source file is licensed as described in the file COPYING, which
 * you should have received as part of this distribution.  The terms
 * are also available at    
 * http://www.cecill.info/licences/Licence_CeCILL_V2-en.txt
 *
 -->
<refentry xmlns="http://docbook.org/ns/docbook" xmlns:xlink="http://www.w3.org/1999/xlink" xmlns:svg="http://www.w3.org/2000/svg" xmlns:mml="http://www.w3.org/1998/Math/MathML" xmlns:db="http://docbook.org/ns/docbook" version="5.0-subset Scilab" xml:lang="en" xml:id="strings">
  <info>
    <pubdate>$LastChangedDate: 2006-08-08 16:57:13 +0200 (Tue, 08 Aug 2006) $</pubdate>
  </info>
  <refnamediv>
    <refname>strings</refname>
    <refpurpose> Scilab Object, character strings</refpurpose>
  </refnamediv>
  <refsection>
    <title>Description</title>
    <para>
    Strings are defined as <literal>'string'</literal> (between quotes) or 
    <literal>"string"</literal> (between doublequotes);
    matrices of strings are defined as usual constant matrices.</para>
    <para>
    Concatenation of two strings is made by a <literal>+</literal> : <literal>string1+string2</literal>.</para>
  </refsection>
  <refsection>
    <title>Examples</title>
    <programlisting role="example"><![CDATA[ 
['this','is'; 'a 2x2','matrix']
"matrix"=="mat"+"rix"
 ]]></programlisting>
  </refsection>
  <refsection>
    <title>See Also</title>
    <simplelist type="inline">
      <member>
        <link linkend="part">part</link>
      </member>
      <member>
        <link linkend="length">length</link>
      </member>
      <member>
        <link linkend="strcat">strcat</link>
      </member>
    </simplelist>
  </refsection>
</refentry>
