<?xml version="1.0" encoding="UTF-8"?>
<!--
 * Scilab ( http://www.scilab.org/ ) - This file is part of Scilab
 * Copyright (C) INRIA - 
 * 
 * This file must be used under the terms of the CeCILL.
 * This source file is licensed as described in the file COPYING, which
 * you should have received as part of this distribution.  The terms
 * are also available at    
 * http://www.cecill.info/licences/Licence_CeCILL_V2-en.txt
 *
 -->
<refentry version="5.0-subset Scilab" xml:id="strstr" xml:lang="en"
          xmlns="http://docbook.org/ns/docbook"
          xmlns:xlink="http://www.w3.org/1999/xlink"
          xmlns:svg="http://www.w3.org/2000/svg"
          xmlns:ns4="http://www.w3.org/1999/xhtml"
          xmlns:mml="http://www.w3.org/1998/Math/MathML"
          xmlns:db="http://docbook.org/ns/docbook">
  <info>
    <pubdate>$LastChangedDate: 2006-08-08 16:57:13 +0200 (Tue, 08 Aug
    2006)$</pubdate>
  </info>

  <refnamediv>
    <refname>strstr</refname>

    <refpurpose>Locate substring</refpurpose>
  </refnamediv>

  <refsynopsisdiv>
    <title>Calling Sequence</title>

    <synopsis>res = strstr(haystack,needle)</synopsis>
  </refsynopsisdiv>

  <refsection>
    <title>Parameters</title>

    <variablelist>
      <varlistentry>
        <term>haystack</term>

        <listitem>
          <para>A character string or matrix of character strings</para>
        </listitem>
      </varlistentry>

      <varlistentry>
        <term>needle</term>

        <listitem>
          <para>A character string or matrix of character strings</para>
        </listitem>
      </varlistentry>

      <varlistentry>
        <term>res</term>

        <listitem>
          <para>A character string or matrix of character strings</para>
        </listitem>
      </varlistentry>
    </variablelist>
  </refsection>

  <refsection>
    <title>Description</title>

    <para><literal>res = strstr(haystack,needle)</literal> Returns a string
    matrix starting from where the first occurrence of needle in haystack to
    the end of haystack, or '' if there needle is not part of haystack.</para>
  </refsection>

  <refsection>
    <title>Examples</title>

    <programlisting role="example"><![CDATA[ 
strstr('This is a simple string','simple')
strstr('This is a simple string','sample')
strstr(['This is a simple string','in scilab'],'is')
strstr(['This is a sample string','in scilab'],['a','scilab'])
 ]]></programlisting>
  </refsection>

  <refsection>
    <title>See Also</title>

    <simplelist type="inline">
      <member><link linkend="strrchr">strrchr</link></member>

      <member><link linkend="strchr">strchr</link></member>
    </simplelist>
  </refsection>
</refentry>
