<?xml version="1.0" encoding="UTF-8"?>
<!--
 * Scilab ( http://www.scilab.org/ ) - This file is part of Scilab
 * Copyright (C) INRIA - 
 * 
 * This file must be used under the terms of the CeCILL.
 * This source file is licensed as described in the file COPYING, which
 * you should have received as part of this distribution.  The terms
 * are also available at    
 * http://www.cecill.info/licences/Licence_CeCILL_V2-en.txt
 *
 -->
<refentry version="5.0-subset Scilab" xml:id="strspn" xml:lang="en"
          xmlns="http://docbook.org/ns/docbook"
          xmlns:xlink="http://www.w3.org/1999/xlink"
          xmlns:svg="http://www.w3.org/2000/svg"
          xmlns:ns4="http://www.w3.org/1999/xhtml"
          xmlns:mml="http://www.w3.org/1998/Math/MathML"
          xmlns:db="http://docbook.org/ns/docbook">
  <info>
    <pubdate>$LastChangedDate: 2006-08-08 16:57:13 +0200 (Tue, 08 Aug 2006)
    $</pubdate>
  </info>

  <refnamediv>
    <refname>strspn</refname>

    <refpurpose>Get span of character set in string</refpurpose>
  </refnamediv>

  <refsynopsisdiv>
    <title>Calling Sequence</title>

    <synopsis>res = strspn(str1,str2)</synopsis>
  </refsynopsisdiv>

  <refsection>
    <title>Parameters</title>

    <variablelist>
      <varlistentry>
        <term>str1</term>

        <listitem>
          <para>A character string or matrix of character strings</para>
        </listitem>
      </varlistentry>

      <varlistentry>
        <term>str2</term>

        <listitem>
          <para>A character string or matrix of character strings</para>
        </listitem>
      </varlistentry>

      <varlistentry>
        <term>res</term>

        <listitem>
          <para>matrix.</para>
        </listitem>
      </varlistentry>
    </variablelist>
  </refsection>

  <refsection>
    <title>Description</title>

    <para><literal>res = strspn(str1,str2)</literal> Returns the length of the
    initial portion of str1 which consists only of characters that are part of
    str2.</para>

    <para>str1 must have same dimensions than str2 or str1 must be a string. </para>
  </refsection>

  <refsection>
    <title>Examples</title>

    <programlisting role="example"><![CDATA[ 
i = strspn("129th","1234567890");
printf ("The length of initial number is %d.\n",i);
i = strspn(["129th","130th"],["1234567890","130t"])
 ]]>  </programlisting>
  </refsection>

  <refsection>
    <title>See Also</title>

    <simplelist type="inline">
      <member><link linkend="strcspn">strcspn</link></member>
    </simplelist>
  </refsection>
</refentry>
