<?xml version="1.0" encoding="UTF-8"?>
<refentry version="5.0-subset Scilab" xml:id="CheckDimProp" xml:lang="en"
          xmlns="http://docbook.org/ns/docbook"
          xmlns:xlink="http://www.w3.org/1999/xlink"
          xmlns:svg="http://www.w3.org/2000/svg"
          xmlns:mml="http://www.w3.org/1998/Math/MathML"
          xmlns:html="http://www.w3.org/1999/xhtml"
          xmlns:db="http://docbook.org/ns/docbook">
  <refnamediv>
    <refname>CheckDimProp</refname>

    <refpurpose>C interface function which checks the comatibility between 2
    arguments send to the C function</refpurpose>
  </refnamediv>

  <refsynopsisdiv>
    <title>Calling Sequence</title>

    <synopsis>CheckColumn(StackPos_var1,StackPos_var2,expression)</synopsis>
  </refsynopsisdiv>

  <refsection>
    <title>Parameters</title>

    <variablelist>
      <varlistentry>
        <term>StackPos_var1</term>

        <listitem>
          <para>the position in the Scilab memory of the first parameter for
          which we want to perform the check (input parameter)</para>
        </listitem>
      </varlistentry>

      <varlistentry>
        <term>StackPos_var2</term>

        <listitem>
          <para>the position in the Scilab memory of the second variable for
          which we want to perform the check (input parameter)</para>
        </listitem>
      </varlistentry>

      <varlistentry>
        <term>expression</term>

        <listitem>
          <para>a boolean expression which represent the size check we want to
          perform</para>
        </listitem>
      </varlistentry>
    </variablelist>
  </refsection>

  <refsection>
    <title>Description</title>

    <para>C interface function which checks the compatibility between 2
    arguments send to the C function. You must include stack-c.h to benefit
    from this function. If the test fails, we return from the C interface and
    an adequate error message is printed in the Scilab console.</para>
  </refsection>

  <refsection>
    <title>Examples</title>

    <programlisting role="example"><![CDATA[ 
#include <stack-c.h>

int sci_check_properties(char * fname)
{
  int m1, n1, l1;
  int m2, n2, l2;

  CheckRhs(2,2);

  GetRhsVar(1, "d", &m1, &n1, &l1);
  GetRhsVar(2, "d", &m2, &n2, &l2);

  // Check compatibility beetween arg 1 and arg 2. We want m1*n1 == n2 
  CheckDimProp(1,2, m1 * n1 != n2); 

  return 0;
}
 ]]></programlisting>
  </refsection>

  <refsection>
    <title>See Also</title>

    <simplelist type="inline">
      <member><link linkend="CheckColumn">CheckColumn</link></member>

      <member><link linkend="CheckDims">CheckDims</link></member>

      <member><link linkend="CheckRow">CheckRow</link></member>

      <member><link linkend="CheckScalar">CheckScalar</link></member>

      <member><link linkend="CheckVector">CheckVector</link></member>

      <member><link linkend="OverLoad">CheckOverLoad</link></member>

      <member><link linkend="CheckLength">CheckLength</link></member>

      <member><link linkend="CheckSameDims">CheckSameDims</link></member>

      <member><link linkend="CheckSquare">CheckSquare</link></member>

      <member><link linkend="HowToCheckParameters">How to check
      parameters</link></member>
    </simplelist>
  </refsection>
</refentry>
