<?xml version="1.0" encoding="UTF-8"?>
<refentry role="" version="5.0-subset Scilab" xml:id="ScilabCTypes"
          xmlns="http://docbook.org/ns/docbook"
          xmlns:xlink="http://www.w3.org/1999/xlink"
          xmlns:xi="http://www.w3.org/2001/XInclude"
          xmlns:svg="http://www.w3.org/2000/svg"
          xmlns:mml="http://www.w3.org/1998/Math/MathML"
          xmlns:html="http://www.w3.org/1999/xhtml"
          xmlns:db="http://docbook.org/ns/docbook">
  <refnamediv>
    <refname>Scilab C Types</refname>

    <refpurpose>the C types available in a C gateway</refpurpose>
  </refnamediv>

  <refsection>
    <title>Description</title>

    <para>WARNING: this API is deprecated. It will be removed in Scilab 6. Please use the new API instead.</para>

    <para>The string/char * datatype in the Scilab memory:</para>

    <itemizedlist>
      <listitem>
        <para>STRING_DATATYPE</para>
      </listitem>

      <listitem>
        <para>"c"</para>
      </listitem>
    </itemizedlist>

    <para>The string/char ** datatype in the Scilab memory:</para>

    <itemizedlist>
      <listitem>
        <para>MATRIX_OF_STRING_DATATYPE</para>
      </listitem>

      <listitem>
        <para>"S"</para>
      </listitem>
    </itemizedlist>

    <para>A matrix of double * if the size of the matrix is 1,1, it is a
    single value:</para>

    <itemizedlist>
      <listitem>
        <para>MATRIX_OF_DOUBLE_DATATYPE</para>
      </listitem>

      <listitem>
        <para>"d"</para>
      </listitem>
    </itemizedlist>

    <para>A matrix of rational * if the size of the matrix is 1,1, it is a
    single value</para>

    <itemizedlist>
      <listitem>
        <para>MATRIX_OF_RATIONAL_DATATYPE</para>
      </listitem>

      <listitem>
        <para>"r"</para>
      </listitem>
    </itemizedlist>

    <para>A matrix of integer * if the size of the matrix is 1,1, it is a
    single value:</para>

    <itemizedlist>
      <listitem>
        <para>MATRIX_OF_VARIABLE_SIZE_INTEGER_DATATYPE</para>
      </listitem>

      <listitem>
        <para>"I"</para>
      </listitem>
    </itemizedlist>

    <para>A matrix of 'little' integer * 'little' because in reality, this int
    is a complex with the imaginary * part set to 0 * if the size of the
    matrix is 1,1, it is a single value:</para>

    <itemizedlist>
      <listitem>
        <para>MATRIX_OF_INTEGER_DATATYPE</para>
      </listitem>

      <listitem>
        <para>"i"</para>
      </listitem>
    </itemizedlist>

    <para>A matrix of boolean * if the size of the matrix is 1,1, it is a
    single value:</para>

    <itemizedlist>
      <listitem>
        <para>MATRIX_OF_BOOLEAN_DATATYPE</para>
      </listitem>

      <listitem>
        <para>"b"</para>
      </listitem>
    </itemizedlist>

    <para>A matrix of complex * if the size of the matrix is 1,1, it is a
    single value:</para>

    <itemizedlist>
      <listitem>
        <para>MATRIX_OF_COMPLEX_DATATYPE</para>
      </listitem>

      <listitem>
        <para>"z"</para>
      </listitem>
    </itemizedlist>

    <para>A sparse matrix * if the size of the matrix is 1,1, it is a single
    value</para>

    <itemizedlist>
      <listitem>
        <para>SPARSE_MATRIX_DATATYPE</para>
      </listitem>

      <listitem>
        <para>"s"</para>
      </listitem>
    </itemizedlist>

    <para>A list:</para>

    <itemizedlist>
      <listitem>
        <para>LIST_DATATYPE</para>
      </listitem>

      <listitem>
        <para>"l"</para>
      </listitem>
    </itemizedlist>

    <para>A typed list:</para>

    <itemizedlist>
      <listitem>
        <para>TYPED_LIST_DATATYPE</para>
      </listitem>

      <listitem>
        <para>"t"</para>
      </listitem>
    </itemizedlist>

    <para>A Matrix oriented typed list * mlist object are very similar to
    tlist objects. But * if M is an mlist, for any index i which is not a
    field name, * M(i) is not the i th field of the list but is interpreted as
    * the i th entry of M seen as a vector. * This is the only difference
    between mlist and tlist:</para>

    <itemizedlist>
      <listitem>
        <para>MATRIX_ORIENTED_TYPED_LIST_DATATYPE</para>
      </listitem>

      <listitem>
        <para>"m"</para>
      </listitem>
    </itemizedlist>

    <para>The scilab pointer datatype in the Scilab memory:</para>

    <itemizedlist>
      <listitem>
        <para>SCILAB_POINTER_DATATYPE</para>
      </listitem>

      <listitem>
        <para>"p"</para>
      </listitem>
    </itemizedlist>

    <para>The scilab graphic handle datatype in the Scilab memory:</para>

    <itemizedlist>
      <listitem>
        <para>GRAPHICAL_HANDLE_DATATYPE</para>
      </listitem>

      <listitem>
        <para>"h"</para>
      </listitem>
    </itemizedlist>

    <para>An "external" is a function or routine which is used as an argument
    * of some high-level primitives (such as ode, optim, schur...):</para>

    <itemizedlist>
      <listitem>
        <para>EXTERNAL_DATATYPE</para>
      </listitem>

      <listitem>
        <para>"f"</para>
      </listitem>
    </itemizedlist>

    <para>A matrix of polynomial coeff * if the size of the matrix is 1,1, it
    is a single value:</para>

    <itemizedlist>
      <listitem>
        <para>MATRIX_OF_POLYNOMIAL_DATATYPE</para>
      </listitem>

      <listitem>
        <para>"x"</para>
      </listitem>
    </itemizedlist>
  </refsection>

  <refsection>
    <title>See Also</title>

    <simplelist type="inline">
      <member><link linkend="mlist">mlist</link></member>

      <member><link linkend="list">list</link></member>

      <member><link linkend="tlist">tlist</link></member>

      <member><link linkend="CreateVar">CreateVar</link></member>

      <member><link linkend="GetRhsVar">GetRhsVar</link></member>
    </simplelist>
  </refsection>
</refentry>
