<?xml version="1.0" encoding="UTF-8"?>
<!--
 * Scilab ( http://www.scilab.org/ ) - This file is part of Scilab
 * Copyright (C) DIGITEO - Pierre MARECHAL <pierre.marechal@scilab.org>
 * 
 * This file must be used under the terms of the CeCILL.
 * This source file is licensed as described in the file COPYING, which
 * you should have received as part of this distribution.  The terms
 * are also available at    
 * http://www.cecill.info/licences/Licence_CeCILL_V2-en.txt
 *
 -->
<refentry xmlns="http://docbook.org/ns/docbook" xmlns:xlink="http://www.w3.org/1999/xlink" xmlns:svg="http://www.w3.org/2000/svg" xmlns:mml="http://www.w3.org/1998/Math/MathML" xmlns:db="http://docbook.org/ns/docbook" version="5.0-subset Scilab" xml:lang="en" xml:id="atomsIsLoaded">
  <info>
    <pubdate>$LastChangedDate$</pubdate>
  </info>
  <refnamediv>
    <refname>atomsIsLoaded</refname>
    <refpurpose>determines whether a module is loaded or not</refpurpose>
  </refnamediv>
  <!-- ===================================================================== -->
  <!-- Calling Sequence -->
  <!-- ===================================================================== -->
  <refsynopsisdiv>
    <title>Calling Sequence</title>
    <synopsis>
	  result = atomsIsLoaded(modules)
	</synopsis>
  </refsynopsisdiv>
  <!-- ===================================================================== -->
  <!-- Parameters -->
  <!-- ===================================================================== -->
  <refsection>
    <title>Arguments</title>
    <variablelist>
			
			<!-- 1st input parameter -->
			
			<varlistentry>
        <term>modules</term>
        <listitem>
					
          <para>
						mx1, mx2 Matrix of strings:
					</para>
					
					<informaltable border="1">
						
						<!-- Technical name -->
						
						<tr>
							<td>
								<emphasis>1st Col.</emphasis>
							</td>
							<td>
								<emphasis role="strong">Technical name</emphasis>
							</td>
							<td>
								Mandatory
							</td>
							<td>
							</td>
						</tr>
						
						<!-- Version -->
						
						<tr>
							<td>
								<emphasis>2nd Col.</emphasis>
							</td>
							<td>
								<emphasis role="strong">Version</emphasis>
							</td>
							<td>
								Optionnal
							</td>
							<td>
								If this field is empty or is not present,
								module's version is ignored.
							</td>
						</tr>
						
						<!-- Section -->
						
						<tr>
							<td>
								<emphasis>3rd Col.</emphasis>
							</td>
							<td>
								<emphasis role="strong">Section</emphasis>
							</td>
							<td>
								Optionnal
							</td>
							<td>
								If this field is empty or is not present,
								module's section is ignored.
							</td>
						</tr>
						
					</informaltable>
				</listitem>
      </varlistentry>
			
			<!-- Output parameter -->
			
      <varlistentry>
        <term>result</term>
        <listitem>
          <para>
						mx1 boolean matrix
					</para>
        </listitem>
      </varlistentry>
    </variablelist>
  </refsection>
  <!-- ===================================================================== -->
  <!-- Description -->
  <!-- ===================================================================== -->
  <refsection>
    <title>Description</title>
    <para><literal>atomsIsLoaded</literal> determines whether a module is loaded or not.
	</para>
  </refsection>
  <!-- ===================================================================== -->
  <!-- Examples -->
  <!-- ===================================================================== -->
  <refsection>
    <title>Examples</title>
    <programlisting role="example"><![CDATA[

atomsSetConfig("Verbose","True");
atomsRepositoryAdd("http://scene2.test.atoms.scilab.org");

// Install toolbox_4, both 1.0 and 1.1 version
atomsInstall(["toolbox_4" "1.0"],"user");

// Load the version 1.0
atomsLoad(["toolbox_4" "1.0"]);


// Ignore the module's version
atomsIsLoaded("toolbox_4")

// With a specific version
atomsIsLoaded(["toolbox_4" "1.0"])

// Check several modules
atomsIsLoaded( ["toolbox_4" "1.0" ; "toolbox_4" "1.1" ; "toolbox_1" "1.0" ] )

// Some cleaning ...
atomsRepositoryDel("http://scene2.test.atoms.scilab.org");
atomsRemove("toolbox_2");

 ]]></programlisting>
  </refsection>
  <!-- ===================================================================== -->
  <!-- See also -->
  <!-- ===================================================================== -->
  <refsection role="see also">
<title>See Also</title>
    <simplelist type="inline">
      <member>
        <link linkend="atomsLoad">atomsLoad</link>
      </member>
      <member>
        <link linkend="atomsGetLoaded">atomsGetLoaded</link>
      </member>
    </simplelist>
  </refsection>
  <!-- ===================================================================== -->
  <!-- Authors -->
  <!-- ===================================================================== -->
  <refsection>
    <title>Authors</title>
    <simplelist type="vert">
      <member>Pierre MARECHAL - DIGITEO</member>
    </simplelist>
  </refsection>
</refentry>
