<?xml version="1.0" encoding="UTF-8"?>
<!--
 * Scilab ( http://www.scilab.org/ ) - This file is part of Scilab
 * Copyright (C) DIGITEO - Pierre MARECHAL <pierre.marechal@scilab.org>
 * 
 * This file must be used under the terms of the CeCILL.
 * This source file is licensed as described in the file COPYING, which
 * you should have received as part of this distribution.  The terms
 * are also available at    
 * http://www.cecill.info/licences/Licence_CeCILL_V2-en.txt
 *
 -->
<refentry xmlns="http://docbook.org/ns/docbook" xmlns:xlink="http://www.w3.org/1999/xlink" xmlns:svg="http://www.w3.org/2000/svg" xmlns:mml="http://www.w3.org/1998/Math/MathML" xmlns:db="http://docbook.org/ns/docbook" version="5.0-subset Scilab" xml:lang="en" xml:id="atomsRepositoryList">
  <refnamediv>
    <refname>atomsRepositoryList</refname>
    <refpurpose>Get the list of managed repositories</refpurpose>
  </refnamediv>
  <!-- ===================================================================== -->
  <!-- Calling Sequence -->
  <!-- ===================================================================== -->
  <refsynopsisdiv>
    <title>Calling Sequence</title>
    <synopsis>
			repositories = atomsRepositoryList([section])
		</synopsis>
  </refsynopsisdiv>
  <!-- ===================================================================== -->
  <!-- Parameters -->
  <!-- ===================================================================== -->
  <refsection>
    <title>Arguments</title>
    <variablelist>
			<varlistentry>
        <term>section</term>
        <listitem>
          <para>
						This argument controls the list of section where search URL(s).
					</para>
          <para>
						<literal>section</literal> is a single-string and its value should be :
					</para>
          <itemizedlist>
            <listitem>
              <para>
								<literal>"all"</literal>: URL(s) present in the "user", "allusers"
								and "official" section are listed.
							</para>
            </listitem>
            <listitem>
              <para>
								<literal>"allusers"</literal>: only URL(s) present in the "allusers"
								section are listed.
							</para>
            </listitem>
            <listitem>
              <para>
								<literal>"user"</literal>: only URL(s) present in the "user"
								section are listed.
							</para>
            </listitem>
            <listitem>
              <para>
								<literal>"official"</literal>: only URL(s) present in the "official"
								section are listed.
							</para>
            </listitem>
          </itemizedlist>
					<para>
						The default value is "all".
					</para>
        </listitem>
			</varlistentry>
      <varlistentry>
        <term>repositories</term>
        <listitem>
          <para>
						Matrix of strings : the first column give the list of repositories
						managed by ATOMS and the second column indicate if the repository is
						a official repository, if the repository has been added for all users
						or only for the current user.
					</para>
        </listitem>
      </varlistentry>
    </variablelist>
  </refsection>
  <!-- ===================================================================== -->
  <!-- Description -->
  <!-- ===================================================================== -->
  <refsection>
    <title>Description</title>
    <para><literal>atomsRepositoryList</literal> return a matrix that give the list of
    available repositories.
	</para>
  </refsection>
  <!-- ===================================================================== -->
  <!-- Examples -->
  <!-- ===================================================================== -->
  <refsection>
    <title>Examples</title>
    <programlisting role="example"><![CDATA[
atomsRepositoryAdd('http://scene1.atoms.scilab.org');
atomsRepositoryList()
atomsRepositoryList('all')
atomsRepositoryList('official')
atomsRepositoryList('allusers')
atomsRepositoryList('user')
atomsRepositoryDel('http://scene1.atoms.scilab.org');
 ]]></programlisting>
  </refsection>
  <!-- ===================================================================== -->
  <!-- See also -->
  <!-- ===================================================================== -->
  <refsection role="see also">
<title>See Also</title>
    <simplelist type="inline">
      <member>
        <link linkend="atomsRepositoryAdd">atomsRepositoryAdd</link>
      </member>
      <member>
        <link linkend="atomsRepositoryDel">atomsRepositoryDel</link>
      </member>
    </simplelist>
  </refsection>
  <!-- ===================================================================== -->
  <!-- Authors -->
  <!-- ===================================================================== -->
  <refsection>
    <title>Authors</title>
    <simplelist type="vert">
      <member>Pierre MARECHAL - DIGITEO</member>
    </simplelist>
  </refsection>
</refentry>
