<?xml version="1.0" encoding="UTF-8"?>
<!--
 * Scilab ( http://www.scilab.org/ ) - This file is part of Scilab
 * Copyright (C) 2011 DIGITEO - Simon GARESTE <simon.gareste@scilab.org>
 *
 * This file must be used under the terms of the CeCILL.
 * This source file is licensed as described in the file COPYING, which
 * you should have received as part of this distribution.  The terms
 * are also available at
 * http://www.cecill.info/licences/Licence_CeCILL_V2.1-en.txt
 *
 -->
<refentry xmlns="http://docbook.org/ns/docbook" xmlns:xlink="http://www.w3.org/1999/xlink" xmlns:svg="http://www.w3.org/2000/svg" xmlns:mml="http://www.w3.org/1998/Math/MathML" xmlns:db="http://docbook.org/ns/docbook" xmlns:scilab="http://www.scilab.org" xml:lang="en" xml:id="atomsAutoload">
    <refnamediv>
        <refname>atomsAutoload</refname>
        <refpurpose>Load the modules marked as "autoload"</refpurpose>
    </refnamediv>
    <!-- ===================================================================== -->
    <!-- Calling Sequence -->
    <!-- ===================================================================== -->
    <refsynopsisdiv>
        <title>Calling Sequence</title>
        <synopsis>
            modules = atomsAutoload()
        </synopsis>
    </refsynopsisdiv>
    <!-- ===================================================================== -->
    <!-- Parameters -->
    <!-- ===================================================================== -->
    <refsection>
        <title>Arguments</title>
        <variablelist>
            <varlistentry>
                <term>modules</term>
                <listitem>
                    <para>
                        4xn character string matrix:
                    </para>
                    <informaltable border="1">
                        <!-- Module's technical name -->
                        <tr>
                            <td>
                                <emphasis>1st Col.</emphasis>
                            </td>
                            <td>
                                <emphasis role="strong">Module's technical name</emphasis>
                            </td>
                        </tr>
                        <!-- Module's version -->
                        <tr>
                            <td>
                                <emphasis>2nd Col.</emphasis>
                            </td>
                            <td>
                                <emphasis role="strong">Module's version</emphasis>
                            </td>
                        </tr>
                        <!-- Module's Installed Section -->
                        <tr>
                            <td>
                                <emphasis>3rd Col.</emphasis>
                            </td>
                            <td>
                                <emphasis role="strong">Module's installed section</emphasis>
                            </td>
                        </tr>
                        <!-- Autoload Installation Path -->
                        <tr>
                            <td>
                                <emphasis>4th Col.</emphasis>
                            </td>
                            <td>
                                <emphasis role="strong">Module's installation path</emphasis>
                            </td>
                        </tr>
                    </informaltable>
                </listitem>
            </varlistentry>
        </variablelist>
    </refsection>
    <!-- ===================================================================== -->
    <!-- Description -->
    <!-- ===================================================================== -->
    <refsection>
        <title>Description</title>
        <para>
            <literal>atomsAutoload</literal> returns the list of modules registered to autoload
        </para>
    </refsection>
    <!-- ===================================================================== -->
    <!-- Examples -->
    <!-- ===================================================================== -->
    <refsection>
        <title>Examples</title>
        <programlisting role="example"><![CDATA[
atomsRepositoryAdd('http://scene1.test.atoms.scilab.org');
atomsInstall("toolbox_1");

atomsAutoload()
 ]]></programlisting>
    </refsection>
    <!-- ===================================================================== -->
    <!-- See also -->
    <!-- ===================================================================== -->
    <refsection role="see also">
        <title>See Also</title>
        <simplelist type="inline">
            <member>
                <link linkend="atomsAutoloadAdd">atomsAutoloadAdd</link>
            </member>
            <member>
                <link linkend="atomsAutoloadDel">atomsAutoloadDel</link>
            </member>
        </simplelist>
    </refsection>
    <!-- ===================================================================== -->
    <!-- Authors -->
    <!-- ===================================================================== -->
</refentry>
