<?xml version="1.0" encoding="UTF-8"?>
<!--
 * Scilab ( http://www.scilab.org/ ) - This file is part of Scilab
 * Copyright (C) ENPC - JPC
 * 
 * This file must be used under the terms of the CeCILL.
 * This source file is licensed as described in the file COPYING, which
 * you should have received as part of this distribution.  The terms
 * are also available at    
 * http://www.cecill.info/licences/Licence_CeCILL_V2-en.txt
 *
 -->
<refentry xmlns="http://docbook.org/ns/docbook" xmlns:xlink="http://www.w3.org/1999/xlink" xmlns:svg="http://www.w3.org/2000/svg" xmlns:mml="http://www.w3.org/1998/Math/MathML" xmlns:db="http://docbook.org/ns/docbook" version="5.0-subset Scilab" xml:lang="en" xml:id="arsimul">
  <info>
    <pubdate>$LastChangedDate$</pubdate>
  </info>
  <refnamediv>
    <refname>arsimul</refname>
    <refpurpose> armax simulation</refpurpose>
  </refnamediv>
  <refsynopsisdiv>
    <title>Calling Sequence</title>
    <synopsis>[z]=arsimul(a,b,d,sig,u,[up,yp,ep])
[z]=arsimul(ar,u,[up,yp,ep])</synopsis>
  </refsynopsisdiv>
  <refsection>
    <title>Parameters</title>
    <variablelist>
      <varlistentry>
        <term>ar</term>
        <listitem>
          <para>an armax process. See armac.</para>
        </listitem>
      </varlistentry>
      <varlistentry>
        <term>a</term>
        <listitem>
          <para>is the matrix  <literal>[Id,a1,...,a_r]</literal>     of dimension (n,(r+1)*n)</para>
        </listitem>
      </varlistentry>
      <varlistentry>
        <term>b</term>
        <listitem>
          <para>is the matrix <literal>[b0,......,b_s]</literal>      of dimension (n,(s+1)*m)</para>
        </listitem>
      </varlistentry>
      <varlistentry>
        <term>d</term>
        <listitem>
          <para>is the matrix <literal>[Id,d_1,......,d_t]</literal>  of dimension (n,(t+1)*n)</para>
        </listitem>
      </varlistentry>
      <varlistentry>
        <term>u</term>
        <listitem>
          <para>is a matrix  (m,N), which gives the entry u(:,j)=u_j</para>
        </listitem>
      </varlistentry>
      <varlistentry>
        <term>sig</term>
        <listitem>
          <para>is a  (n,n) matrix  e_{k} is an n-dimensional Gaussian process with variance I</para>
        </listitem>
      </varlistentry>
      <varlistentry>
        <term>up, yp</term>
        <listitem>
          <para>optional parameter which describe the past.  <literal>up=[ u_0,u_{-1},...,u_{s-1}]</literal>; 
          <literal>yp=[ y_0,y_{-1},...,y_{r-1}];</literal>   <literal>ep=[ e_0,e_{-1},...,e_{r-1}]</literal>; 
          if they are omitted, the past value are supposed to be zero</para>
        </listitem>
      </varlistentry>
      <varlistentry>
        <term>z</term>
        <listitem>
          <para> <literal>z=[y(1),....,y(N)]</literal></para>
        </listitem>
      </varlistentry>
    </variablelist>
  </refsection>
  <refsection>
    <title>Description</title>
    <para>
    simulation of an n-dimensional armax process 
    <literal>A(z^-1) z(k)= B(z^-1)u(k) + D(z^-1)*sig*e(k)</literal>
    </para>
    <programlisting role = ""><![CDATA[ 
A(z)= Id+a1*z+...+a_r*z^r;  ( r=0  => A(z)=Id)
B(z)= b0+b1*z+...+b_s z^s;  ( s=-1 => B(z)=[])
D(z)= Id+d1*z+...+d_t z^t;  ( t=0  => D(z)=Id)
 ]]></programlisting>
    <para>
    z et e are in  <literal>R^n</literal> et u in <literal>R^m</literal></para>
  </refsection>
  <refsection>
    <title>Method</title>
    <para>
    a state-space representation is constructed and ode with the option  "discr" is used to compute z</para>
  </refsection>
  <refsection>
    <title>Authors</title>
    <para>J-Ph.C.</para>
  </refsection>
</refentry>
