<?xml version="1.0" encoding="UTF-8"?>
<!--
 * Scilab ( http://www.scilab.org/ ) - This file is part of Scilab
 * Copyright (C) INRIA - 
 * 
 * This file must be used under the terms of the CeCILL.
 * This source file is licensed as described in the file COPYING, which
 * you should have received as part of this distribution.  The terms
 * are also available at    
 * http://www.cecill.info/licences/Licence_CeCILL_V2-en.txt
 *
 -->
<refentry xmlns="http://docbook.org/ns/docbook" xmlns:xlink="http://www.w3.org/1999/xlink" xmlns:svg="http://www.w3.org/2000/svg" xmlns:mml="http://www.w3.org/1998/Math/MathML" xmlns:db="http://docbook.org/ns/docbook" version="5.0-subset Scilab" xml:lang="en" xml:id="minss">
  <info>
    <pubdate>$LastChangedDate$</pubdate>
  </info>
  <refnamediv>
    <refname>minss</refname>
    <refpurpose> minimal realization</refpurpose>
  </refnamediv>
  <refsynopsisdiv>
    <title>Calling Sequence</title>
    <synopsis>[slc]=minss( sl [,tol])</synopsis>
  </refsynopsisdiv>
  <refsection>
    <title>Parameters</title>
    <variablelist>
      <varlistentry>
        <term>sl,slc</term>
        <listitem>
          <para> <literal>syslin</literal> lists (linear systems in state-space form)</para>
        </listitem>
      </varlistentry>
      <varlistentry>
        <term>tol</term>
        <listitem>
          <para>real (threshold for rank determination (see <literal>contr</literal>))</para>
        </listitem>
      </varlistentry>
    </variablelist>
  </refsection>
  <refsection>
    <title>Description</title>
    <para><literal>minss</literal> returns in <literal>slc</literal> a minimal realization of <literal>sl</literal>.</para>
  </refsection>
  <refsection>
    <title>Examples</title>
    <programlisting role="example"><![CDATA[ 
sl=syslin('c',[1 0;0 2],[1;0],[2 1]);
ssprint(sl);
ssprint(minss(sl))
 ]]></programlisting>
  </refsection>
  <refsection>
    <title>See Also</title>
    <simplelist type="inline">
      <member>
        <link linkend="contr">contr</link>
      </member>
      <member>
        <link linkend="minreal">minreal</link>
      </member>
      <member>
        <link linkend="arhnk">arhnk</link>
      </member>
      <member>
        <link linkend="contrss">contrss</link>
      </member>
      <member>
        <link linkend="obsvss">obsvss</link>
      </member>
      <member>
        <link linkend="balreal">balreal</link>
      </member>
    </simplelist>
  </refsection>
</refentry>
