<?xml version="1.0" encoding="UTF-8"?>
<!--
 * Scilab ( http://www.scilab.org/ ) - This file is part of Scilab
 * Copyright (C) INRIA
 *
 * This file must be used under the terms of the CeCILL.
 * This source file is licensed as described in the file COPYING, which
 * you should have received as part of this distribution.  The terms
 * are also available at
 * http://www.cecill.info/licences/Licence_CeCILL_V2-en.txt
 *
 -->
<refentry xmlns="http://docbook.org/ns/docbook" xmlns:xlink="http://www.w3.org/1999/xlink" xmlns:svg="http://www.w3.org/2000/svg" xmlns:mml="http://www.w3.org/1998/Math/MathML" xmlns:db="http://docbook.org/ns/docbook" version="5.0-subset Scilab" xml:lang="en" xml:id="nicholschart">
  <info>
    <pubdate>$LastChangedDate: 2008-06-19 18:44:44 +0200 (jeu, 19 jun 2008) $</pubdate>
  </info>
  <refnamediv>
    <refname>nicholschart</refname>
    <refpurpose> Nichols chart</refpurpose>
  </refnamediv>
  <refsynopsisdiv>
    <title>Calling Sequence</title>
    <synopsis>nicholschart([ modules [,args [,colors]]])</synopsis>
   <synopsis></synopsis>
  </refsynopsisdiv>
  <refsection>
    <title>Parameters</title>
    <variablelist>
      <varlistentry>
        <term>modules</term>
        <listitem>
          <para>real vector ( modules (in dB))</para>
        </listitem>
      </varlistentry>
      <varlistentry>
        <term>args</term>
        <listitem>
          <para>real vector (phases (in degree))</para>
        </listitem>
      </varlistentry>
      <varlistentry>
        <term>colorss</term>
        <listitem>
          <para>a scalar or a vector, the color indices for isogain and iso phase curves</para>
        </listitem>
      </varlistentry>
    </variablelist>
  </refsection>
  <refsection>
    <title>Description</title>
    <para> plot the Nichols'chart: iso-module and iso-argument  contours of
    <literal>y/(1+y)</literal> in <literal>y</literal> phase/gain plane</para>
    <para><literal>nicholschart</literal> may be used in cunjunction with
    <link linkend="black">black</link>. </para>
    <para>The default values for <literal>modules</literal> and
    <literal>args</literal> are respectively :</para>
    <para>
      <literal>[-12 -8 -6 -5 -4 -3 -2 -1.4 -1 -.5 0.25 0.5 0.7 1 1.4 2 2.3 3 4 5 6 8 12]</literal>
    </para>
    <para><literal>[-(1:10) , -(20:10:160)]</literal></para>
  </refsection>
  <refsection>
    <title>Examples</title>
    <programlisting role="example"><![CDATA[
    //Nichols chart
    clf()
    nicholschart(modules=[-6 -3 -1 1 3 6], args=[-1 -20 20 40 80 160 180]);
    ]]></programlisting>
    <para>
      <inlinemediaobject>
	<imageobject>
	  <imagedata fileref="../images/nicholschart.svg"/>
	</imageobject>
      </inlinemediaobject>
    </para>
   <programlisting role="example"><![CDATA[
    //Black diagram with Nichols chart as a grid
    s=poly(0,'s');
    Plant=syslin('c',16000/((s+1)*(s+10)*(s+100)));
    //two degree of freedom PID
    tau=0.2;xsi=1.2;
    PID=syslin('c',(1/(2*xsi*tau*s))*(1+2*xsi*tau*s+tau^2*s^2));
    clf();
    black([Plant;Plant*PID ],0.01,100,["Plant";"Plant and PID corrector"]);
    //move the caption in the lower rigth corner
    ax=gca();Leg=ax.children(1);
    Leg.legend_location="in_lower_right";
    nicholschart(colors=color('light gray')*[1 1])
    ]]></programlisting>
    <para>
      <inlinemediaobject>
	<imageobject>
	  <imagedata fileref="../images/black2.svg"/>
	</imageobject>
      </inlinemediaobject>
    </para>
  </refsection>
  <refsection>
    <title>See Also</title>
    <simplelist type="inline">
      <member>
        <link linkend="black">black</link>
      </member>
      <member>
        <link linkend="nyquist">nyquist</link>
      </member>
      <member>
        <link linkend="hallchart">hallchart</link>
      </member>
    </simplelist>
  </refsection>
</refentry>
