<?xml version="1.0" encoding="UTF-8"?>
<!--
 * Scilab ( http://www.scilab.org/ ) - This file is part of Scilab
 * Copyright (C) INRIA - 
 * 
 * This file must be used under the terms of the CeCILL.
 * This source file is licensed as described in the file COPYING, which
 * you should have received as part of this distribution.  The terms
 * are also available at    
 * http://www.cecill.info/licences/Licence_CeCILL_V2-en.txt
 *
 -->
<refentry xmlns="http://docbook.org/ns/docbook" xmlns:xlink="http://www.w3.org/1999/xlink" xmlns:svg="http://www.w3.org/2000/svg" xmlns:mml="http://www.w3.org/1998/Math/MathML" xmlns:db="http://docbook.org/ns/docbook" version="5.0-subset Scilab" xml:lang="en" xml:id="syssize">
  <info>
    <pubdate>$LastChangedDate$</pubdate>
  </info>
  <refnamediv>
    <refname>syssize</refname>
    <refpurpose> size of state-space system</refpurpose>
  </refnamediv>
  <refsynopsisdiv>
    <title>Calling Sequence</title>
    <synopsis>[r,nx]=syssize(Sl)</synopsis>
  </refsynopsisdiv>
  <refsection>
    <title>Parameters</title>
    <variablelist>
      <varlistentry>
        <term>Sl</term>
        <listitem>
          <para>linear system (<literal>syslin</literal> list) in state-space</para>
        </listitem>
      </varlistentry>
      <varlistentry>
        <term>r</term>
        <listitem>
          <para>1 x 2 real vector</para>
        </listitem>
      </varlistentry>
      <varlistentry>
        <term>nx</term>
        <listitem>
          <para>integer</para>
        </listitem>
      </varlistentry>
    </variablelist>
  </refsection>
  <refsection>
    <title>Description</title>
    <para>
    returns in <literal>r</literal> the vector [number of outputs, number of inputs]
    of the linear system <literal>Sl</literal>. <literal>nx</literal> is the number of states of <literal>Sl</literal>.</para>
  </refsection>
  <refsection>
    <title>See Also</title>
    <simplelist type="inline">
      <member>
        <link linkend="size">size</link>
      </member>
    </simplelist>
  </refsection>
</refentry>
