<?xml version="1.0" encoding="UTF-8"?>
<!--
 * Scilab ( http://www.scilab.org/ ) - This file is part of Scilab
 * Copyright (C) INRIA
 * 
 * This file must be used under the terms of the CeCILL.
 * This source file is licensed as described in the file COPYING, which
 * you should have received as part of this distribution.  The terms
 * are also available at    
 * http://www.cecill.info/licences/Licence_CeCILL_V2-en.txt
 *
 -->
<refentry xmlns="http://docbook.org/ns/docbook" xmlns:xlink="http://www.w3.org/1999/xlink" xmlns:svg="http://www.w3.org/2000/svg" xmlns:mml="http://www.w3.org/1998/Math/MathML" xmlns:db="http://docbook.org/ns/docbook" version="5.0-subset Scilab" xml:lang="en" xml:id="zgrid">
  <info>
    <pubdate>$LastChangedDate$</pubdate>
  </info>
  <refnamediv>
    <refname>zgrid</refname>
    <refpurpose> zgrid plot</refpurpose>
  </refnamediv>
  <refsynopsisdiv>
    <title>Calling Sequence</title>
    <synopsis>zgrid()</synopsis>
  </refsynopsisdiv>
  <refsection>
    <title>Description</title>
    <para>
    plots z-plane grid lines: lines of constant 
    damping factor (zeta) and natural frequency (Wn) are 
    drawn in within the unit Z-plane circle.</para>
    <para>
    Iso-frequency curves are shown in frequency*step on the
    interval [0,0.5]. Upper limit corresponds to Shannon
    frequency <literal>( 1/dt &gt; 2*f )</literal>.</para>
  </refsection>
  <refsection>
    <title>See Also</title>
    <simplelist type="inline">
      <member>
        <link linkend="frep2tf">frep2tf</link>
      </member>
      <member>
        <link linkend="freson">freson</link>
      </member>
    </simplelist>
  </refsection>
</refentry>
