<?xml version="1.0" encoding="ISO-8859-1" standalone="no"?> 
<!DOCTYPE MAN SYSTEM "../../man.dtd">
<MAN>
  <LANGUAGE>eng</LANGUAGE>
  <TITLE>arma  </TITLE>
  <TYPE>Scilab Function  </TYPE>
  <DATE>April 1993  </DATE>
  <SHORT_DESCRIPTION name="arma"> Scilab arma library  </SHORT_DESCRIPTION>
  <DESCRIPTION>
  <P>
    Armax processes can be coded with Scilab tlist of type <VERB>&apos;ar&apos;</VERB>. 
    <VERB>armac</VERB> is used to build <VERB>Armax</VERB> scilab object. An <VERB>&apos;ar&apos;</VERB> 
    tlist contains the fields <VERB>[&apos;a&apos;,&apos;b&apos;,&apos;d&apos;,&apos;ny&apos;,&apos;nu&apos;,&apos;sig&apos;]</VERB>. 
  </P>
 

  <DESCRIPTION_ITEM  label='armac'> 
    : this function creates a Scilab tlist which code an  Armax process     A(z^-1)y= B(z^-1)u + D(z^-1)sig*e(t)
  </DESCRIPTION_ITEM>
  <VERBATIM><![CDATA[
-->ar=armac([1,2],[3,4],1,1,1,sig);
 
-->ar('a')   
 ans  =
 
!   1.    2. !
-->ar('sig')
 ans  =
 
    1.  
   ]]></VERBATIM>

  <DESCRIPTION_ITEM  label='armap(ar [,out])'> 
    : Display the armax equation associated with <VERB>ar</VERB>
  </DESCRIPTION_ITEM>

  <DESCRIPTION_ITEM  label='armap_p(ar [,out])'> 
    : Display the armax equation associated with <VERB>ar</VERB>  using polynomial matrix display.
  </DESCRIPTION_ITEM>

  <DESCRIPTION_ITEM  label='[A,B,D]=armap2p(ar)'> 
    : extract polynomial matrices from ar representation 
  </DESCRIPTION_ITEM>

  <DESCRIPTION_ITEM  label='armax'> 
    : is used to identify the coefficients of a n-dimensional  ARX process    A(z^-1)y= B(z^-1)u + sig*e(t)
  </DESCRIPTION_ITEM>

  <DESCRIPTION_ITEM  label='armax1'> 
    : armax1 is used to identify the coefficients of a 1-dimensional  ARX process    A(z^-1)y= B(z^-1)u + D(z^-1)sig*e(t)
  </DESCRIPTION_ITEM>

  <DESCRIPTION_ITEM  label='arsimul'> 
    : armax trajectory simulation.
  </DESCRIPTION_ITEM>

  <DESCRIPTION_ITEM  label='arspec'> 
    : Spectral power estimation of armax processes.  Test of  mese and arsimul
  </DESCRIPTION_ITEM>

  <DESCRIPTION_ITEM  label='exar1'> 
    : An  Example of ARMAX identification ( K.J. Astrom) The armax process is described by :     a=[1,-2.851,2.717,-0.865]     b=[0,1,1,1]     d=[1,0.7,0.2]
  </DESCRIPTION_ITEM>

  <DESCRIPTION_ITEM  label='exar2'> 
    : ARMAX example ( K.J. Astrom). A simulation of a bi dimensional version of the example of exar1.
  </DESCRIPTION_ITEM>

  <DESCRIPTION_ITEM  label='exar3'> 
    : Spectral power estimation of arma processes from Sawaragi et all where a value of m=18 is used. Test of  mese and arsimul
  </DESCRIPTION_ITEM>

  <DESCRIPTION_ITEM  label='gbruit'> 
    : noise generation 
  </DESCRIPTION_ITEM>

  <DESCRIPTION_ITEM  label='narsimul'> 
    : armax simulation ( using rtitr) 
  </DESCRIPTION_ITEM>

  <DESCRIPTION_ITEM  label='odedi'> 
    : Simple tests of ode and arsimul. Tests the option &apos;discret&apos; of ode 
  </DESCRIPTION_ITEM>

  <DESCRIPTION_ITEM  label='prbs_a'> 
    : pseudo random binary sequences generation 
  </DESCRIPTION_ITEM>

  <DESCRIPTION_ITEM  label='reglin'> 
    : Linear regression 
  </DESCRIPTION_ITEM>
 
  </DESCRIPTION>
  <AUTHOR>J.P.C ; ;   </AUTHOR>
</MAN>
