<?xml version="1.0" encoding="ISO-8859-1" standalone="no"?> 
<!DOCTYPE MAN SYSTEM "../../man.dtd">
<MAN>
  <LANGUAGE>eng</LANGUAGE>
  <TITLE>arma2p  </TITLE>
  <TYPE>Scilab Function  </TYPE>
  <DATE>April 1993  </DATE>
  <SHORT_DESCRIPTION name="arma2p"> extract polynomial matrices from ar representation   </SHORT_DESCRIPTION>
  <CALLING_SEQUENCE>
  <CALLING_SEQUENCE_ITEM>[A,B,D]=arma2p(ar)  </CALLING_SEQUENCE_ITEM>
  </CALLING_SEQUENCE>
  <PARAM>
 <PARAM_INDENT>
  <PARAM_ITEM>
  <PARAM_NAME>A,B,D  </PARAM_NAME>
  <PARAM_DESCRIPTION>
    : three polynomial matrices 
  </PARAM_DESCRIPTION> 
  </PARAM_ITEM>
  <PARAM_ITEM>
  <PARAM_NAME>ar  </PARAM_NAME>
  <PARAM_DESCRIPTION>
    : Scilab &apos;ar&apos; tlist for arma storage (see <VERB>armac</VERB>).
  </PARAM_DESCRIPTION> 
  </PARAM_ITEM>
 </PARAM_INDENT>
  </PARAM>
  <DESCRIPTION>
  <P>
    this function extract polynomial matrices <VERB>(A,B,D)</VERB> from an armax
    description.
  </P>
  </DESCRIPTION>
  <EXAMPLE><![CDATA[
a=[1,-2.851,2.717,-0.865].*.eye(2,2)
b=[0,1,1,1].*.[1;1];
d=[1,0.7,0.2].*.eye(2,2);
sig=eye(2,2);
ar=armac(a,b,d,2,1,sig)
// extract polynomial matrices from ar representation 
[A,B,D]=arma2p(ar);
 ]]></EXAMPLE>
  <SEE_ALSO>
    <SEE_ALSO_ITEM> <LINK>arma</LINK> </SEE_ALSO_ITEM>     <SEE_ALSO_ITEM> <LINK>armax</LINK> </SEE_ALSO_ITEM>     <SEE_ALSO_ITEM> <LINK>armax1</LINK> </SEE_ALSO_ITEM>     <SEE_ALSO_ITEM> <LINK>arsimul</LINK> </SEE_ALSO_ITEM>     <SEE_ALSO_ITEM> <LINK>armac</LINK> </SEE_ALSO_ITEM>
  </SEE_ALSO>
</MAN>
