<?xml version="1.0" encoding="UTF-8"?>
<!--
 * Scilab ( http://www.scilab.org/ ) - This file is part of Scilab
 * Copyright (C) 2006-2008 - INRIA
 *
 * This file must be used under the terms of the CeCILL.
 * This source file is licensed as described in the file COPYING, which
 * you should have received as part of this distribution.  The terms
 * are also available at
 * http://www.cecill.info/licences/Licence_CeCILL_V2-en.txt
 *
 -->
<refentry xmlns="http://docbook.org/ns/docbook" xmlns:xlink="http://www.w3.org/1999/xlink" xmlns:svg="http://www.w3.org/2000/svg" xmlns:mml="http://www.w3.org/1998/Math/MathML" xmlns:db="http://docbook.org/ns/docbook" xmlns:scilab="http://www.scilab.org" xml:lang="en" xml:id="lsslist">
    <refnamediv>
        <refname>lsslist</refname>
        <refpurpose> Scilab linear state space function definition</refpurpose>
    </refnamediv>
    <refsynopsisdiv>
        <title>Calling Sequence</title>
        <synopsis>lsslist()
            lsslist(A, B, C, X0, dt)
        </synopsis>
    </refsynopsisdiv>
    <refsection>
        <title>Description</title>
        <para>
            <literal>lsslist(A, B, C, X0, dt)</literal> is a shortcut to
            <literal>tlist(['lss','A';'B';'C';'X0','dt'], A, B, C, X0, dt)</literal>.
        </para>
        <para>
            Creates a <literal>tlist</literal> with  <literal>['lss','A';'B';'C';'X0','dt']</literal> as
            first entry and  <varname>A</varname>, <varname>B</varname>, <varname>C</varname>,<varname>X0</varname>,<varname>dt</varname> 
            as next entries if any. No type nor size
            checking is done on input variables.
        </para>
    </refsection>
    <refsection role="see also">
        <title>See Also</title>
        <simplelist type="inline">
            <member>
                <link linkend="abcd">abcd</link>
            </member>
            <member>
                <link linkend="syslin">syslin</link>
            </member>
            <member>
                <link linkend="tlist">tlist</link>
            </member>
        </simplelist>
    </refsection>
</refentry>
