<?xml version="1.0" encoding="utf-8"?>
<!--
 * Scilab ( http://www.scilab.org/ ) - This file is part of Scilab
 * Copyright (C) 2009  - DIGITEO - Antoine ELIAS
 *
 * Copyright (C) 2012 - 2016 - Scilab Enterprises
 *
 * This file is hereby licensed under the terms of the GNU GPL v2.0,
 * pursuant to article 5.3.4 of the CeCILL v.2.1.
 * This file was originally licensed under the terms of the CeCILL v2.1,
 * and continues to be available under such terms.
 * For more information, see the COPYING file which you should have received
 * along with this program.
 *
 -->
<refentry xmlns="http://docbook.org/ns/docbook" xmlns:xlink="http://www.w3.org/1999/xlink" xmlns:svg="http://www.w3.org/2000/svg" xmlns:ns5="http://www.w3.org/1999/xhtml" xmlns:mml="http://www.w3.org/1998/Math/MathML" xmlns:db="http://docbook.org/ns/docbook" xmlns:scilab="http://www.scilab.org" xml:id="booleanExample" xml:lang="en">
    <refnamediv>
        <refname>boolean example</refname>
        <refpurpose>
            Boolean use case.
        </refpurpose>
    </refnamediv>
    <refsection>
        <title>Description</title>
        <para>This example shows how to get a boolean variable and return it to Scilab.</para>
    </refsection>
    <refsection>
        <!--File_gateway: SCI/modules/api_scilab/tests/unit_tests/booleanExample.c-->
        <!--File_scilab: SCI/modules/api_scilab/tests/unit_tests/booleanExample.tst-->
        <!--Lib_name: booleanExample-->
        <!--Func_list: booleanExample-->
        <title>Gateway Source</title>
        <programlisting role="code_gateway">
            <![CDATA[
#include "api_scilab.h"

int booleanExample(char *fname,void* pvApiCtx)
{
    SciErr sciErr;
    int* piAddr = NULL;
    int iType   = 0;
    int iRet    = 0;

    CheckInputArgument(pvApiCtx, 1, 1);
    CheckOutputArgument(pvApiCtx, 0, 1);

    sciErr = getVarAddressFromPosition(pvApiCtx, 1, &piAddr);
    if(sciErr.iErr)
    {
        printError(&sciErr, 0);
        return 0;
    }
    if(isBooleanType(pvApiCtx, piAddr))
    {
        if(isScalar(pvApiCtx, piAddr))
        {
            int iBool = 0;
            iRet = getScalarBoolean(pvApiCtx, piAddr, &iBool);
            if(iRet)
            {
                return 0;
            }
            iRet = createScalarBoolean(pvApiCtx, nbInputArgument(pvApiCtx) + 1, iBool);
            if(iRet)
            {
                return 0;
            }
        }
        else
        {
            int iRows	= 0;
            int iCols	= 0;
            int *piBool	= NULL;

            sciErr = getMatrixOfBoolean(pvApiCtx, piAddr, &iRows, &iCols, &piBool);
            if(sciErr.iErr)
            {
                printError(&sciErr, 0);
                return 0;
            }

            sciErr = createMatrixOfBoolean(pvApiCtx, nbInputArgument(pvApiCtx) + 1, iRows, iCols, piBool);
            if(sciErr.iErr)
            {
                printError(&sciErr, 0);
                return 0;
            }
        }
        AssignOutputVariable(pvApiCtx, 1) = nbInputArgument(pvApiCtx) + 1;
    }
    else
    {
        AssignOutputVariable(pvApiCtx, 1) = 0;
    }
    return 0;
}
 ]]>
        </programlisting>
    </refsection>
    <refsection>
        <title>Scilab test script</title>
        <programlisting role="code_scilab"><![CDATA[
a = %t;
b = %f;
c = [a,b;b,a;a,b;b,a];
d = c';

booleanExample(a) == a
booleanExample(b) == b
booleanExample(c) == c
booleanExample(d) == d
 ]]></programlisting>
    </refsection>
</refentry>
