<?xml version="1.0" encoding="UTF-8"?>
<!--
 * Scilab ( http://www.scilab.org/ ) - This file is part of Scilab
 * Copyright (C) DIGITEO - Pierre MARECHAL <pierre.marechal@scilab.org>
 * Copyright (C) DIGITEO - 2012 - Allan CORNET
 *
 * This file must be used under the terms of the CeCILL.
 * This source file is licensed as described in the file COPYING, which
 * you should have received as part of this distribution.  The terms
 * are also available at
 * http://www.cecill.info/licences/Licence_CeCILL_V2-en.txt
 *
 -->
<refentry xmlns="http://docbook.org/ns/docbook" xmlns:xlink="http://www.w3.org/1999/xlink" xmlns:svg="http://www.w3.org/2000/svg" xmlns:ns3="http://www.w3.org/1999/xhtml" xmlns:mml="http://www.w3.org/1998/Math/MathML" xmlns:db="http://docbook.org/ns/docbook" xmlns:scilab="http://www.scilab.org" xml:id="atomsLoad" xml:lang="en">
    <refnamediv>
        <refname>atomsLoad</refname>
        <refpurpose>Load one or several external modules</refpurpose>
    </refnamediv>
    <refsynopsisdiv>
        <title>Calling Sequence</title>
        <synopsis>
            result = atomsLoad(name)
            result = atomsLoad(name, version)
        </synopsis>
    </refsynopsisdiv>
    <refsection>
        <title>Arguments</title>
        <variablelist>
            <varlistentry>
                <term>name</term>
                <listitem>
                    <para>Matrix of strings: External module name</para>
                </listitem>
            </varlistentry>
            <varlistentry>
                <term>version</term>
                <listitem>
                    <para>Matrix of strings: External module version. This is an
                        optional parameter. If it's not defined, the most recent version of
                        the module is used.
                    </para>
                </listitem>
            </varlistentry>
            <varlistentry>
                <term>result</term>
                <listitem>
                    <para>4xn character string matrix:</para>
                    <informaltable border="1">
                        <!-- Technical name -->
                        <tr>
                            <td>
                                <emphasis>1st Col.</emphasis>
                            </td>
                            <td>
                                <emphasis role="strong">Technical name</emphasis>
                            </td>
                            <td/>
                        </tr>
                        <!-- Version -->
                        <tr>
                            <td>
                                <emphasis>2nd Col.</emphasis>
                            </td>
                            <td>
                                <emphasis role="strong">Version</emphasis>
                            </td>
                            <td/>
                        </tr>
                        <!-- Section -->
                        <tr>
                            <td>
                                <emphasis>3rd Col.</emphasis>
                            </td>
                            <td>
                                <emphasis role="strong">Installation section</emphasis>
                            </td>
                            <td>this parameter determines whether the module has been
                                installed for all users or only for the current user.
                            </td>
                        </tr>
                        <!-- Installation path -->
                        <tr>
                            <td>
                                <emphasis>4th Col.</emphasis>
                            </td>
                            <td>
                                <emphasis role="strong">Installation path</emphasis>
                            </td>
                            <td/>
                        </tr>
                    </informaltable>
                </listitem>
            </varlistentry>
        </variablelist>
    </refsection>
    <refsection>
        <title>Description</title>
        <para>
            <literal>atomsLoad</literal> load one or more external
            modules.
        </para>
    </refsection>
    <refsection>
        <title>Examples</title>
        <programlisting role="example">atomsSetConfig("Verbose","True");
            atomsRepositoryAdd("http://scene1.test.atoms.scilab.org");
            atomsInstall(["toolbox_2" "1.0"]);
            atomsInstall(["toolbox_2" "2.0"]);
            
            atomsLoad(["toolbox_2" "1.0"]);
            t2_version()
            t2_function1()
            
            atomsRemove("toolbox_2"); 
        </programlisting>
    </refsection>
    <refsection role="see also">
        <title>See Also</title>
        <simplelist type="inline">
            <member>
                <link linkend="atomsIsLoaded">atomsIsLoaded</link>
            </member>
            <member>
                <link linkend="atomsGetLoaded">atomsGetLoaded</link>
            </member>
            <member>
                <link linkend="atomsGetLoaded">atomsInstall</link>
            </member>
        </simplelist>
    </refsection>
</refentry>
