<?xml version="1.0" encoding="ISO-8859-1" standalone="no"?> 
<!DOCTYPE MAN SYSTEM "../../man.dtd">
<MAN>
  <LANGUAGE>eng</LANGUAGE>
  <TITLE>cont_mat  </TITLE>
  <TYPE>Scilab Function  </TYPE>
  <DATE>April 1993  </DATE>
  <SHORT_DESCRIPTION name="cont_mat"> controllability matrix  </SHORT_DESCRIPTION>
  <CALLING_SEQUENCE>
  <CALLING_SEQUENCE_ITEM>Cc=cont_mat(A,B)   </CALLING_SEQUENCE_ITEM>
  <CALLING_SEQUENCE_ITEM>Cc=cont_mat(sl)  </CALLING_SEQUENCE_ITEM>
  </CALLING_SEQUENCE>
  <PARAM>
 <PARAM_INDENT>
  <PARAM_ITEM>
  <PARAM_NAME>a,b  </PARAM_NAME>
  <PARAM_DESCRIPTION>
    : two real matrices of appropriate dimensions
  </PARAM_DESCRIPTION> 
  </PARAM_ITEM>
  <PARAM_ITEM>
  <PARAM_NAME>sl  </PARAM_NAME>
  <PARAM_DESCRIPTION>
    : linear system (<VERB>syslin</VERB> list)
  </PARAM_DESCRIPTION> 
  </PARAM_ITEM>
 </PARAM_INDENT>
  </PARAM>
  <DESCRIPTION>
  <P>
    <VERB>cont_mat</VERB> returns the controllability 
    matrix of the pair <VERB>A,B</VERB> (resp. of the system <VERB>sl=[A,B,C,D]</VERB>).
  </P>
  <VERBATIM><![CDATA[
Cc=[B, AB, A^2 B,..., A^(n-1) B]  
   ]]></VERBATIM>
  </DESCRIPTION>
  <SEE_ALSO>
    <SEE_ALSO_ITEM> <LINK>ctr_gram</LINK> </SEE_ALSO_ITEM>     <SEE_ALSO_ITEM> <LINK>contr</LINK> </SEE_ALSO_ITEM>     <SEE_ALSO_ITEM> <LINK>canon</LINK> </SEE_ALSO_ITEM>     <SEE_ALSO_ITEM> <LINK>st_ility</LINK> </SEE_ALSO_ITEM>
  </SEE_ALSO>
</MAN>
