<?xml version="1.0" encoding="ISO-8859-1" standalone="no"?> 
<!DOCTYPE MAN SYSTEM "../../man.dtd">
<MAN>
  <LANGUAGE>eng</LANGUAGE>
  <TITLE>cont_frm  </TITLE>
  <TYPE>Scilab Function  </TYPE>
  <DATE>April 1993  </DATE>
  <SHORT_DESCRIPTION name="cont_frm"> transfer to controllable state-space  </SHORT_DESCRIPTION>
  <CALLING_SEQUENCE>
  <CALLING_SEQUENCE_ITEM>[sl]=cont_frm(NUM,den)  </CALLING_SEQUENCE_ITEM>
  </CALLING_SEQUENCE>
  <PARAM>
 <PARAM_INDENT>
  <PARAM_ITEM>
  <PARAM_NAME>NUM  </PARAM_NAME>
  <PARAM_DESCRIPTION>
    : polynomial matrix
  </PARAM_DESCRIPTION> 
  </PARAM_ITEM>
  <PARAM_ITEM>
  <PARAM_NAME>den  </PARAM_NAME>
  <PARAM_DESCRIPTION>
    : polynomial
  </PARAM_DESCRIPTION> 
  </PARAM_ITEM>
  <PARAM_ITEM>
  <PARAM_NAME>sl  </PARAM_NAME>
  <PARAM_DESCRIPTION>
    : <VERB>syslin</VERB> list, <VERB>sl=[A,B,C,D]</VERB>.
  </PARAM_DESCRIPTION> 
  </PARAM_ITEM>
 </PARAM_INDENT>
  </PARAM>
  <DESCRIPTION>
  <P>
    controllable state-space form of the transfer <VERB>NUM/den</VERB>.
  </P>
  </DESCRIPTION>
  <EXAMPLE><![CDATA[
s=poly(0,'s');NUM=[1+s,s];den=s^2-5*s+1;
sl=cont_frm(NUM,den); 
slss=ss2tf(sl);       //Compare with NUM/den
 ]]></EXAMPLE>
  <SEE_ALSO>
    <SEE_ALSO_ITEM> <LINK>tf2ss</LINK> </SEE_ALSO_ITEM>     <SEE_ALSO_ITEM> <LINK>canon</LINK> </SEE_ALSO_ITEM>     <SEE_ALSO_ITEM> <LINK>contr</LINK> </SEE_ALSO_ITEM>
  </SEE_ALSO>
</MAN>
