<?xml version="1.0" encoding="ISO-8859-1" standalone="no"?> 
<!DOCTYPE MAN SYSTEM "../../man.dtd">
<MAN>
  <LANGUAGE>eng</LANGUAGE>
  <TITLE>dbphi  </TITLE>
  <TYPE>Scilab Function  </TYPE>
  <DATE>April 1997  </DATE>
  <SHORT_DESCRIPTION name="dbphi"> frequency response to phase and magnitude representation   </SHORT_DESCRIPTION>
  <CALLING_SEQUENCE>
  <CALLING_SEQUENCE_ITEM>[db,phi] =dbphi(repf)  </CALLING_SEQUENCE_ITEM>
  </CALLING_SEQUENCE>
  <PARAM>
 <PARAM_INDENT>
  <PARAM_ITEM>
  <PARAM_NAME>db,phi  </PARAM_NAME>
  <PARAM_DESCRIPTION>
    : vector of gains (db) and phases (degrees)
  </PARAM_DESCRIPTION> 
  </PARAM_ITEM>
  <PARAM_ITEM>
  <PARAM_NAME>repf  </PARAM_NAME>
  <PARAM_DESCRIPTION>
    : vector of complex frequency response
  </PARAM_DESCRIPTION> 
  </PARAM_ITEM>
 </PARAM_INDENT>
  </PARAM>
  <DESCRIPTION>
  <P>
    <VERB>db(k)</VERB> is the magnitude of <VERB>repf(k)</VERB> expressed in dB i.e.
    <VERB>db(k)=20*log(abs(repf(k)))/log(10)</VERB> and <VERB>phi(k)</VERB> is the phase
    of <VERB>repf(k)</VERB> expressed in degrees.
  </P>
  </DESCRIPTION>
  <SEE_ALSO>
    <SEE_ALSO_ITEM> <LINK>repfreq</LINK> </SEE_ALSO_ITEM>     <SEE_ALSO_ITEM> <LINK>bode</LINK> </SEE_ALSO_ITEM>
  </SEE_ALSO>
</MAN>
