<?xml version="1.0" encoding="ISO-8859-1" standalone="no"?> 
<!DOCTYPE MAN SYSTEM "../../man.dtd">
<MAN>
  <LANGUAGE>eng</LANGUAGE>
  <TITLE>dscr  </TITLE>
  <TYPE>Scilab Function  </TYPE>
  <DATE>April 1993  </DATE>
  <SHORT_DESCRIPTION name="dsimul">  state space discrete time simulation   </SHORT_DESCRIPTION>
  <CALLING_SEQUENCE>
  <CALLING_SEQUENCE_ITEM>y=dsimul(sl,u)  </CALLING_SEQUENCE_ITEM>
  </CALLING_SEQUENCE>
  <PARAM>
 <PARAM_INDENT>
  <PARAM_ITEM>
  <PARAM_NAME>sl  </PARAM_NAME>
  <PARAM_DESCRIPTION>
    : <VERB>syslin</VERB> list describing a discrete time linear system
  </PARAM_DESCRIPTION> 
  </PARAM_ITEM>
  <PARAM_ITEM>
  <PARAM_NAME>u  </PARAM_NAME>
  <PARAM_DESCRIPTION>
    : real matrix of appropriate dimension
  </PARAM_DESCRIPTION> 
  </PARAM_ITEM>
  <PARAM_ITEM>
  <PARAM_NAME>y  </PARAM_NAME>
  <PARAM_DESCRIPTION>
    : output of <VERB>sl</VERB>
  </PARAM_DESCRIPTION> 
  </PARAM_ITEM>
 </PARAM_INDENT>
  </PARAM>
  <DESCRIPTION>
  <P>
    Utility function. 
    If <VERB>[A,B,C,D]=abcd(sl)</VERB> and <VERB>x0=sl(&apos;X0&apos;)</VERB>, <VERB>dsimul</VERB> returns <VERB>y=C*ltitr(A,B,u,x0)+D*u</VERB> i.e.
    the time response of <VERB>sl</VERB> to the input <VERB>u</VERB>.
    <VERB>sl</VERB> is assumed to be in state space form (<VERB>syslin</VERB> list).
  </P>
  </DESCRIPTION>
  <EXAMPLE><![CDATA[
z=poly(0,'z');
h=(1-2*z)/(z^2-0.2*z+1);
sl=tf2ss(h);
u=zeros(1,20);u(1)=1;
x1=dsimul(sl,u)   //Impulse response
u=ones(1,20);
x2=dsimul(sl,u);  //Step response
 ]]></EXAMPLE>
  <SEE_ALSO>
    <SEE_ALSO_ITEM> <LINK>syslin</LINK> </SEE_ALSO_ITEM>     <SEE_ALSO_ITEM> <LINK>flts</LINK> </SEE_ALSO_ITEM>     <SEE_ALSO_ITEM> <LINK>ltitr</LINK> </SEE_ALSO_ITEM>
  </SEE_ALSO>
</MAN>
