<?xml version="1.0" encoding="ISO-8859-1" standalone="no"?> 
<!DOCTYPE MAN SYSTEM "../../man.dtd">
<MAN>
  <LANGUAGE>eng</LANGUAGE>
  <TITLE>lqg  </TITLE>
  <TYPE>Scilab Function  </TYPE>
  <DATE>April 1993  </DATE>
  <SHORT_DESCRIPTION name="lqg"> LQG compensator  </SHORT_DESCRIPTION>
  <CALLING_SEQUENCE>
  <CALLING_SEQUENCE_ITEM>[K]=lqg(P,r)  </CALLING_SEQUENCE_ITEM>
  </CALLING_SEQUENCE>
  <PARAM>
 <PARAM_INDENT>
  <PARAM_ITEM>
  <PARAM_NAME>P  </PARAM_NAME>
  <PARAM_DESCRIPTION>
    : <VERB>syslin</VERB> list (augmented plant) in state-space form
  </PARAM_DESCRIPTION> 
  </PARAM_ITEM>
  <PARAM_ITEM>
  <PARAM_NAME>r  </PARAM_NAME>
  <PARAM_DESCRIPTION>
    : 1x2 row vector = (number of measurements, number of inputs)  (dimension of  the 2,2 part of <VERB>P</VERB>)
  </PARAM_DESCRIPTION> 
  </PARAM_ITEM>
  <PARAM_ITEM>
  <PARAM_NAME>K  </PARAM_NAME>
  <PARAM_DESCRIPTION>
    : <VERB>syslin</VERB> list (controller)
  </PARAM_DESCRIPTION> 
  </PARAM_ITEM>
 </PARAM_INDENT>
  </PARAM>
  <DESCRIPTION>
  <P>
    <VERB>lqg</VERB>  computes the linear optimal LQG (H2) controller for the 
    &quot;augmented&quot; plant <VERB>P=syslin(&apos;c&apos;,A,B,C,D)</VERB> (continuous time) or 
    <VERB>P=syslin(&apos;d&apos;,A,B,C,D)</VERB> (discrete time).
  </P>
  <P>
    The function <VERB>lqg2stan</VERB> returns <VERB>P</VERB> and <VERB>r</VERB> given the
    nominal plant, weighting terms and variances of noises.
  </P>
  <P>
    <VERB>K</VERB> is given by the following ABCD matrices: 
    <VERB>[A+B*Kc+Kf*C+Kf*D*Kc,-Kf,Kc,0]</VERB> where <VERB>Kc=lqr(P12)</VERB>
    is the controller gain and <VERB>Kf=lqe(P21)</VERB> is the filter gain.
    See example in <VERB>lqg2stan</VERB>.
  </P>
  </DESCRIPTION>
  <SEE_ALSO>
    <SEE_ALSO_ITEM> <LINK>lqg2stan</LINK> </SEE_ALSO_ITEM>     <SEE_ALSO_ITEM> <LINK>lqr</LINK> </SEE_ALSO_ITEM>     <SEE_ALSO_ITEM> <LINK>lqe</LINK> </SEE_ALSO_ITEM>     <SEE_ALSO_ITEM> <LINK>h_inf</LINK> </SEE_ALSO_ITEM>     <SEE_ALSO_ITEM> <LINK>obscont</LINK> </SEE_ALSO_ITEM>
  </SEE_ALSO>
  <AUTHOR>F.D.  </AUTHOR>
</MAN>
