<?xml version="1.0" encoding="ISO-8859-1" standalone="no"?> 
<!DOCTYPE MAN SYSTEM "../../man.dtd">
<MAN>
  <LANGUAGE>eng</LANGUAGE>
  <TITLE>minreal  </TITLE>
  <TYPE>Scilab Function  </TYPE>
  <DATE>April 1993  </DATE>
  <SHORT_DESCRIPTION name="minreal"> minimal balanced realization  </SHORT_DESCRIPTION>
  <CALLING_SEQUENCE>
  <CALLING_SEQUENCE_ITEM>slb=minreal(sl [,tol])  </CALLING_SEQUENCE_ITEM>
  </CALLING_SEQUENCE>
  <PARAM>
 <PARAM_INDENT>
  <PARAM_ITEM>
  <PARAM_NAME>sl,slb  </PARAM_NAME>
  <PARAM_DESCRIPTION>
    : <VERB>syslin</VERB> lists
  </PARAM_DESCRIPTION> 
  </PARAM_ITEM>
  <PARAM_ITEM>
  <PARAM_NAME>tol  </PARAM_NAME>
  <PARAM_DESCRIPTION>
    : real (threshold)
  </PARAM_DESCRIPTION> 
  </PARAM_ITEM>
 </PARAM_INDENT>
  </PARAM>
  <DESCRIPTION>
  <P>
    <VERB>[ae,be,ce]=minreal(a,b,c,domain [,tol]) </VERB>
    returns the balanced realization of linear 
    system <VERB>sl</VERB> (<VERB>syslin</VERB> list). 
  </P>
  <P>
    <VERB>sl</VERB> is assumed stable.
  </P>
  <P>
    <VERB>tol</VERB> threshold used in <VERB>equil1</VERB>.
  </P>
  </DESCRIPTION>
  <EXAMPLE><![CDATA[
A=[-eye(2,2),rand(2,2);zeros(2,2),-2*eye(2,2)];
B=[rand(2,2);zeros(2,2)];C=rand(2,4);
sl=syslin('c',A,B,C);
slb=minreal(sl);
ss2tf(sl)
ss2tf(slb)
ctr_gram(sl)
clean(ctr_gram(slb))
clean(obs_gram(slb))
 ]]></EXAMPLE>
  <SEE_ALSO>
    <SEE_ALSO_ITEM> <LINK>minss</LINK> </SEE_ALSO_ITEM>     <SEE_ALSO_ITEM> <LINK>balreal</LINK> </SEE_ALSO_ITEM>     <SEE_ALSO_ITEM> <LINK>arhnk</LINK> </SEE_ALSO_ITEM>     <SEE_ALSO_ITEM> <LINK>equil</LINK> </SEE_ALSO_ITEM>     <SEE_ALSO_ITEM> <LINK>equil1</LINK> </SEE_ALSO_ITEM>
  </SEE_ALSO>
  <AUTHOR>S. Steer INRIA 1987  </AUTHOR>
</MAN>
