<?xml version="1.0" encoding="ISO-8859-1" standalone="no"?> 
<!DOCTYPE MAN SYSTEM "../../man.dtd">
<MAN>
  <LANGUAGE>eng</LANGUAGE>
  <TITLE>tf2ss  </TITLE>
  <TYPE>Scilab Function  </TYPE>
  <DATE>April 1993  </DATE>
  <SHORT_DESCRIPTION name="tf2ss"> transfer to state-space  </SHORT_DESCRIPTION>
  <CALLING_SEQUENCE>
  <CALLING_SEQUENCE_ITEM>sl=tf2ss(h [,tol])  </CALLING_SEQUENCE_ITEM>
  </CALLING_SEQUENCE>
  <PARAM>
 <PARAM_INDENT>
  <PARAM_ITEM>
  <PARAM_NAME>h  </PARAM_NAME>
  <PARAM_DESCRIPTION>
    : rational matrix
  </PARAM_DESCRIPTION> 
  </PARAM_ITEM>
  <PARAM_ITEM>
  <PARAM_NAME>tol  </PARAM_NAME>
  <PARAM_DESCRIPTION>
    : may be the constant rtol or the 2 vector <VERB>[rtol atol]</VERB>
  </PARAM_DESCRIPTION> 
  </PARAM_ITEM>
 <PARAM_INDENT>
  <PARAM_ITEM>
  <PARAM_NAME>rtol  </PARAM_NAME>
  <PARAM_DESCRIPTION>
    :tolerance used when evaluating observability.
  </PARAM_DESCRIPTION> 
  </PARAM_ITEM>
  <PARAM_ITEM>
  <PARAM_NAME>atol  </PARAM_NAME>
  <PARAM_DESCRIPTION>
    :absolute tolerance used when evaluating observability.
  </PARAM_DESCRIPTION> 
  </PARAM_ITEM>
 </PARAM_INDENT>
  <PARAM_ITEM>
  <PARAM_NAME>sl  </PARAM_NAME>
  <PARAM_DESCRIPTION>
    : linear system (<VERB>syslin</VERB> list <VERB>sl=[A,B,C,D(s)]</VERB>)
  </PARAM_DESCRIPTION> 
  </PARAM_ITEM>
 </PARAM_INDENT>
  </PARAM>
  <DESCRIPTION>
  <P>
    transfer to state-space conversion: 
  </P>
  <P>
    <VERB>h=C*(s*eye()-A)^-1*B+D(s)</VERB>
  </P>
  </DESCRIPTION>
  <EXAMPLE><![CDATA[
s=poly(0,'s');
H=[2/s,(s+1)/(s^2-5)];
Sys=tf2ss(H)
clean(ss2tf(Sys))
 ]]></EXAMPLE>
  <SEE_ALSO>
    <SEE_ALSO_ITEM> <LINK>ss2tf</LINK> </SEE_ALSO_ITEM>     <SEE_ALSO_ITEM> <LINK>tf2des</LINK> </SEE_ALSO_ITEM>     <SEE_ALSO_ITEM> <LINK>des2tf</LINK> </SEE_ALSO_ITEM>
  </SEE_ALSO>
</MAN>
