<?xml version="1.0" encoding="ISO-8859-1" standalone="no"?>
<!DOCTYPE MAN SYSTEM "../../manrev.dtd">
<MAN>
  <LANGUAGE>eng</LANGUAGE>
  <TITLE>amell</TITLE>
  <TYPE>Scilab Function</TYPE>
  <DATE>April 1993</DATE>
  <SHORT_DESCRIPTION name="amell"> Jacobi's am function</SHORT_DESCRIPTION>
  <CALLING_SEQUENCE>
    <CALLING_SEQUENCE_ITEM>[sn]=amell(u,k)   </CALLING_SEQUENCE_ITEM>
  </CALLING_SEQUENCE>
  <PARAM>
    <PARAM_INDENT>
      <PARAM_ITEM>
        <PARAM_NAME>u</PARAM_NAME>
        <PARAM_DESCRIPTION>
          <SP>: real scalar or vector</SP>
        </PARAM_DESCRIPTION>
      </PARAM_ITEM>
      <PARAM_ITEM>
        <PARAM_NAME>k</PARAM_NAME>
        <PARAM_DESCRIPTION>
          <SP>: scalar</SP>
        </PARAM_DESCRIPTION>
      </PARAM_ITEM>
      <PARAM_ITEM>
        <PARAM_NAME>sn</PARAM_NAME>
        <PARAM_DESCRIPTION>
          <SP>: real scalar or vector</SP>
        </PARAM_DESCRIPTION>
      </PARAM_ITEM>
    </PARAM_INDENT>
  </PARAM>
  <DESCRIPTION>
    <P>
    Computes Jacobi's elliptic function <VERB>am(u,k)</VERB>
    where <VERB>k</VERB> is the parameter and <VERB>u</VERB> is the argument. If <VERB>u</VERB> 
    is a vector <VERB>sn</VERB> is the vector of the (element wise) computed values.
    Used in function <VERB>%sn</VERB>.</P>
  </DESCRIPTION>
  <SEE_ALSO>
    <SEE_ALSO_ITEM>
      <LINK>delip</LINK>
    </SEE_ALSO_ITEM>
    <SEE_ALSO_ITEM>
      <LINK>%sn</LINK>
    </SEE_ALSO_ITEM>
    <SEE_ALSO_ITEM>
      <LINK>%asn</LINK>
    </SEE_ALSO_ITEM>
  </SEE_ALSO>
</MAN>
