<?xml version="1.0" encoding="ISO-8859-1" standalone="no"?>
<!DOCTYPE MAN SYSTEM "../../manrev.dtd">
<MAN>
  <LANGUAGE>eng</LANGUAGE>
  <TITLE>delip</TITLE>
  <TYPE>Scilab Function</TYPE>
  <DATE>April 1993</DATE>
  <SHORT_DESCRIPTION name="delip"> elliptic integral</SHORT_DESCRIPTION>
  <CALLING_SEQUENCE>
    <CALLING_SEQUENCE_ITEM>[r]=delip(x,ck)   </CALLING_SEQUENCE_ITEM>
  </CALLING_SEQUENCE>
  <PARAM>
    <PARAM_INDENT>
      <PARAM_ITEM>
        <PARAM_NAME>x</PARAM_NAME>
        <PARAM_DESCRIPTION>
          <SP>: real number (or real vector)</SP>
        </PARAM_DESCRIPTION>
      </PARAM_ITEM>
      <PARAM_ITEM>
        <PARAM_NAME>ck</PARAM_NAME>
        <PARAM_DESCRIPTION>
          <SP>: real number between -1 and 1</SP>
        </PARAM_DESCRIPTION>
      </PARAM_ITEM>
      <PARAM_ITEM>
        <PARAM_NAME>r</PARAM_NAME>
        <PARAM_DESCRIPTION>
          <SP>: real or complex number (or vector)</SP>
        </PARAM_DESCRIPTION>
      </PARAM_ITEM>
    </PARAM_INDENT>
  </PARAM>
  <DESCRIPTION>
    <P>
    returns the value of the elliptic integral
    with parameter <VERB>ck</VERB> :</P>
    <P><VERB>x</VERB> real and positive.
    When called with <VERB>x</VERB> a real vector <VERB>r</VERB> is evaluated for each
    entry of <VERB>x</VERB>.</P>
  </DESCRIPTION>
  <EXAMPLE>
<![CDATA[
ck=0.5;
delip([1,2],ck)
deff('y=f(t)','y=1/sqrt((1-t^2)*(1-ck^2*t^2))')
intg(0,1,f)    //OK since real solution!
 ]]>
  </EXAMPLE>
  <SEE_ALSO>
    <SEE_ALSO_ITEM>
      <LINK>amell</LINK>
    </SEE_ALSO_ITEM>
    <SEE_ALSO_ITEM>
      <LINK>%asn</LINK>
    </SEE_ALSO_ITEM>
    <SEE_ALSO_ITEM>
      <LINK>%sn</LINK>
    </SEE_ALSO_ITEM>
  </SEE_ALSO>
</MAN>
