<?xml version="1.0" encoding="ISO-8859-1" standalone="no"?>
<!DOCTYPE MAN SYSTEM "../../manrev.dtd">
<MAN>
  <LANGUAGE>eng</LANGUAGE>
  <TITLE>lstsize</TITLE>
  <TYPE>Scilab Function</TYPE>
  <DATE>2002</DATE>
  <SHORT_DESCRIPTION name="lstsize"> list, tlist, mlist numbers of entries</SHORT_DESCRIPTION>
  <CALLING_SEQUENCE>
    <CALLING_SEQUENCE_ITEM>n=lstsize(x)  </CALLING_SEQUENCE_ITEM>
  </CALLING_SEQUENCE>
  <PARAM>
    <PARAM_INDENT>
      <PARAM_ITEM>
        <PARAM_NAME>l</PARAM_NAME>
        <PARAM_DESCRIPTION>
          <SP>: a  list, tlist or mlist object</SP>
        </PARAM_DESCRIPTION>
      </PARAM_ITEM>
      <PARAM_ITEM>
        <PARAM_NAME>n</PARAM_NAME>
        <PARAM_DESCRIPTION>
          <SP>: an integer, the number of entries</SP>
        </PARAM_DESCRIPTION>
      </PARAM_ITEM>
    </PARAM_INDENT>
  </PARAM>
  <DESCRIPTION>
    <P><VERB>lstsize(x)</VERB> returns the number of entries for list,
   list, mlist objects. This function is more efficient than the
   <VERB>size</VERB> function and works similarily with all list
   types while <VERB>size</VERB> is overloaded for <VERB>mlist</VERB> objects.</P>
  </DESCRIPTION>
  <EXAMPLE>
<![CDATA[
lstsize(list(1,'aqsdf'))
x=ssrand(3,2,4);
[ny,nu]=size(x)
lstsize(x)
 ]]>
  </EXAMPLE>
  <SEE_ALSO>
    <SEE_ALSO_ITEM>
      <LINK>length</LINK>
    </SEE_ALSO_ITEM>
    <SEE_ALSO_ITEM>
      <LINK>size</LINK>
    </SEE_ALSO_ITEM>
    <SEE_ALSO_ITEM>
      <LINK>list</LINK>
    </SEE_ALSO_ITEM>
    <SEE_ALSO_ITEM>
      <LINK>tlist</LINK>
    </SEE_ALSO_ITEM>
    <SEE_ALSO_ITEM>
      <LINK>mlist</LINK>
    </SEE_ALSO_ITEM>
  </SEE_ALSO>
</MAN>
