<?xml version="1.0" encoding="ISO-8859-1" standalone="no"?>
<!DOCTYPE MAN SYSTEM "../../manrev.dtd">
<MAN>
  <LANGUAGE>eng</LANGUAGE>
  <TITLE>sprand</TITLE>
  <TYPE>Scilab Function</TYPE>
  <DATE>January 1995</DATE>
  <SHORT_DESCRIPTION name="sprand">  sparse random matrix</SHORT_DESCRIPTION>
  <CALLING_SEQUENCE>
    <CALLING_SEQUENCE_ITEM>sp=sprand(nrows,ncols,fill [,typ])  </CALLING_SEQUENCE_ITEM>
  </CALLING_SEQUENCE>
  <PARAM>
    <PARAM_INDENT>
      <PARAM_ITEM>
        <PARAM_NAME>nrows</PARAM_NAME>
        <PARAM_DESCRIPTION>
          <SP>: integer (number of rows)</SP>
        </PARAM_DESCRIPTION>
      </PARAM_ITEM>
      <PARAM_ITEM>
        <PARAM_NAME>ncols</PARAM_NAME>
        <PARAM_DESCRIPTION>
          <SP>: integer (number of columns)</SP>
        </PARAM_DESCRIPTION>
      </PARAM_ITEM>
      <PARAM_ITEM>
        <PARAM_NAME>fill</PARAM_NAME>
        <PARAM_DESCRIPTION>
          <SP>: filling coefficient (density)</SP>
        </PARAM_DESCRIPTION>
      </PARAM_ITEM>
      <PARAM_ITEM>
        <PARAM_NAME>typ</PARAM_NAME>
        <PARAM_DESCRIPTION>
          <SP>: character string (<VERB>'uniform'</VERB> (default) or <VERB>'normal'</VERB>)</SP>
        </PARAM_DESCRIPTION>
      </PARAM_ITEM>
      <PARAM_ITEM>
        <PARAM_NAME>sp</PARAM_NAME>
        <PARAM_DESCRIPTION>
          <SP>: sparse matrix</SP>
        </PARAM_DESCRIPTION>
      </PARAM_ITEM>
    </PARAM_INDENT>
  </PARAM>
  <DESCRIPTION>
    <P><VERB>sp=sprand(nrows,ncols,fill)</VERB> returns a sparse matrix <VERB>sp</VERB> 
    with <VERB>nrows</VERB> rows, <VERB>ncols</VERB> columns and approximately
    <VERB>fill*nrows*ncols</VERB> non-zero entries.</P>
    <P>
    If <VERB>typ='uniform'</VERB> uniformly distributed values on [0,1] are generated.
    If <VERB>typ='normal'</VERB> normally distributed values are generated (mean=0 and standard deviation=1).</P>
  </DESCRIPTION>
  <EXAMPLE>
<![CDATA[
W=sprand(100,1000,0.001);
 ]]>
  </EXAMPLE>
  <SEE_ALSO>
    <SEE_ALSO_ITEM>
      <LINK>sparse</LINK>
    </SEE_ALSO_ITEM>
    <SEE_ALSO_ITEM>
      <LINK>full</LINK>
    </SEE_ALSO_ITEM>
    <SEE_ALSO_ITEM>
      <LINK>rand</LINK>
    </SEE_ALSO_ITEM>
    <SEE_ALSO_ITEM>
      <LINK>speye</LINK>
    </SEE_ALSO_ITEM>
  </SEE_ALSO>
</MAN>
