<?xml version="1.0" encoding="ISO-8859-1" standalone="no"?>
<!DOCTYPE MAN SYSTEM "../../manrev.dtd">
<MAN>
  <LANGUAGE>eng</LANGUAGE>
  <TITLE>sum</TITLE>
  <TYPE>Scilab Function</TYPE>
  <DATE>April 1993</DATE>
  <SHORT_DESCRIPTION name="sum"> sum (row sum, column sum) of vector/matrix entries</SHORT_DESCRIPTION>
  <CALLING_SEQUENCE>
    <CALLING_SEQUENCE_ITEM>y=sum(x)  </CALLING_SEQUENCE_ITEM>
    <CALLING_SEQUENCE_ITEM>y=sum(x,'r') or y=sum(x,1)  </CALLING_SEQUENCE_ITEM>
    <CALLING_SEQUENCE_ITEM>  </CALLING_SEQUENCE_ITEM>
    <CALLING_SEQUENCE_ITEM>y=sum(x,'c') or y=sum(x,2)  </CALLING_SEQUENCE_ITEM>
  </CALLING_SEQUENCE>
  <PARAM>
    <PARAM_INDENT>
      <PARAM_ITEM>
        <PARAM_NAME>x</PARAM_NAME>
        <PARAM_DESCRIPTION>
          <SP>: vector or matrix (real, complex, sparse or polynomial)</SP>
        </PARAM_DESCRIPTION>
      </PARAM_ITEM>
      <PARAM_ITEM>
        <PARAM_NAME>y</PARAM_NAME>
        <PARAM_DESCRIPTION>
          <SP>: scalar or vector</SP>
        </PARAM_DESCRIPTION>
      </PARAM_ITEM>
    </PARAM_INDENT>
  </PARAM>
  <DESCRIPTION>
    <P>
    For a vector or a matrix <VERB>x</VERB>, <VERB>y=sum(x)</VERB>  returns in the scalar <VERB>y</VERB> the sum of all the entries
    of <VERB>x</VERB>.</P>
    <P><VERB>y=sum(x,'r')</VERB> (or, equivalently, <VERB>y=sum(x,1)</VERB>) is the rowwise
    sum: <VERB>y(j)= sum(x(:,j))</VERB>. <VERB>y</VERB> is a row vector</P>
    <P><VERB>y=sum(x,'c')</VERB> (or, equivalently, <VERB>y=sum(x,2)</VERB>) is the columnwise sum. It returns 
    in each entry of the column vector <VERB>y</VERB> the sum :  <VERB>y(i)= sum(x(i,:))</VERB>)).</P>
  </DESCRIPTION>
  <EXAMPLE>
<![CDATA[
A=[1,2;3,4];
trace(A)-sum(diag(A))
sum(A,'c')-A*ones(2,1)
sum(A+%i)
A=sparse(A);sum(A,'c')-A*ones(2,1)
s=poly(0,'s');
M=[s,%i+s;s^2,1];
sum(M),sum(M,2)
 ]]>
  </EXAMPLE>
  <SEE_ALSO>
    <SEE_ALSO_ITEM>
      <LINK>cumsum</LINK>
    </SEE_ALSO_ITEM>
    <SEE_ALSO_ITEM>
      <LINK>prod</LINK>
    </SEE_ALSO_ITEM>
  </SEE_ALSO>
</MAN>
