<?xml version="1.0" encoding="UTF-8"?>
<body>
    <Form text="_(toolbox_skeleton, Rectangle)">
        <Entry text="_(toolbox_skeleton, My Title)" value="exemple"/>
        <Select text="_(toolbox_skeleton, Height)" value="18">
            <Option value="12"/>
            <Option value="18"/>
            <Option value="24"/>
        </Select>
        <Select text="_(toolbox_skeleton, Width)" value="18">
            <Option value="12"/>
            <Option value="18"/>
            <Option value="24"/>
        </Select>
        <Color text="_(toolbox_skeleton, Color)" value="#0000ff"/>
        <Checkbox text="_(toolbox_skeleton, Outline)" value="yes"/>
    </Form>
</body>
