<?xml version="1.0" encoding="utf-8"?>
<!--
 * Scilab ( http://www.scilab.org/ ) - This file is part of Scilab
 * Copyright (C) 2009  - DIGITEO - Antoine ELIAS
 * 
 * This file must be used under the terms of the CeCILL.
 * This source file is licensed as described in the file COPYING, which
 * you should have received as part of this distribution.  The terms
 * are also available at    
 * http://www.cecill.info/licences/Licence_CeCILL_V2-en.txt
 *
 -->
<refentry xmlns="http://docbook.org/ns/docbook" xmlns:xlink="http://www.w3.org/1999/xlink" xmlns:svg="http://www.w3.org/2000/svg" xmlns:ns5="http://www.w3.org/1999/xhtml" xmlns:mml="http://www.w3.org/1998/Math/MathML" xmlns:db="http://docbook.org/ns/docbook" xmlns:scilab="http://www.scilab.org" xml:id="doubleExample" xml:lang="en">
    <refnamediv>
        <refname>double example</refname>
        <refpurpose>
            Double use case.
        </refpurpose>
    </refnamediv>
    <refsection>
        <title>Description</title>
        <para>This example shows how to get a double variable and return it to Scilab.</para>
    </refsection>
    <refsection>
        <!--File_gateway: SCI/modules/api_scilab/tests/unit_tests/doubleExample.c-->
        <!--File_scilab: SCI/modules/api_scilab/tests/unit_tests/doubleExample.tst-->
        <!--Lib_name: doubleExample-->
        <!--Func_list: doubleExample-->
        <title>Gateway Source</title>
        <programlisting role="code_gateway">
            <![CDATA[ 
#include "api_scilab.h"

int doubleExample(char *fname,unsigned long fname_len)
{
	SciErr sciErr;
	int* piAddr = NULL;
	int iType   = 0;
	int iRet    = 0;

    CheckInputArgument(pvApiCtx, 1, 1);
    CheckOutputArgument(pvApiCtx, 0, 1);

    sciErr = getVarAddressFromPosition(pvApiCtx, 1, &piAddr);
	if(sciErr.iErr)
	{
		printError(&sciErr, 0);
		return 0;
	}

	if(isEmptyMatrix(pvApiCtx, piAddr))
	{
		iRet = createEmptyMatrix(pvApiCtx, nbInputArgument(pvApiCtx) + 1);
		if(iRet)
		{
			return iRet;
		}

		AssignOutputVariable(pvApiCtx, 1) = 0;
	}
	else if(isDoubleType(pvApiCtx, piAddr))
	{
		if(isScalar(pvApiCtx, piAddr))
		{
			double dblReal	= 0;
			double dblImg   = 0;

			if(isVarComplex(pvApiCtx, piAddr))
			{
				iRet = getScalarComplexDouble(pvApiCtx, piAddr, &dblReal, &dblImg);
				if(iRet)
				{
					return iRet;
				}

				iRet = createScalarComplexDouble(pvApiCtx, nbInputArgument(pvApiCtx) + 1, dblReal, dblImg);
				if(iRet)
				{
					return iRet;
				}
			}
			else
			{
				iRet = getScalarDouble(pvApiCtx, piAddr, &dblReal);
				if(iRet)
				{
					return iRet;
				}

				iRet = createScalarDouble(pvApiCtx, nbInputArgument(pvApiCtx) + 1, dblReal);
				if(iRet)
				{
					return iRet;
				}
			}
		}
		else
		{
			int iRows			= 0;
			int iCols			= 0;
			double* pdblReal	= NULL;
			double* pdblImg		= NULL;

			if(isVarComplex(pvApiCtx, piAddr))
			{
				sciErr = getComplexMatrixOfDouble(pvApiCtx, piAddr, &iRows, &iCols, &pdblReal, &pdblImg);
				if(sciErr.iErr)
				{
					printError(&sciErr, 0);
					return sciErr.iErr;
				}

				sciErr = createComplexMatrixOfDouble(pvApiCtx, nbInputArgument(pvApiCtx) + 1, iRows, iCols, pdblReal, pdblImg);
				if(sciErr.iErr)
				{
					printError(&sciErr, 0);
					return sciErr.iErr;
				}
			}
			else
			{
				sciErr = getMatrixOfDouble(pvApiCtx, piAddr, &iRows, &iCols, &pdblReal);
				if(sciErr.iErr)
				{
					printError(&sciErr, 0);
					return sciErr.iErr;
				}

				sciErr = createMatrixOfDouble(pvApiCtx, nbInputArgument(pvApiCtx) + 1, iRows, iCols, pdblReal);
				if(sciErr.iErr)
				{
					printError(&sciErr, 0);
					return sciErr.iErr;
				}
			}
		}

        AssignOutputVariable(pvApiCtx, 1) = nbInputArgument(pvApiCtx) + 1;
	}

	return 0;
}
 ]]>
        </programlisting>
    </refsection>
    <refsection>
        <title>Scilab test script</title>
        <programlisting role="code_scilab"><![CDATA[ 
a = 1;
b = %i;
c = [1,2,3;4,5,6];
d = c(1:$) + c($:-1:1) * %i;

doubleExample(a) == a
doubleExample(b) == b
doubleExample(c) == c
doubleExample(d) == d
 ]]></programlisting>
    </refsection>
</refentry>
