<?xml version="1.0" encoding="UTF-8"?>
<!--
 * Scilab ( http://www.scilab.org/ ) - This file is part of Scilab
 * Copyright (C) INRIA - 
 * 
 * This file must be used under the terms of the CeCILL.
 * This source file is licensed as described in the file COPYING, which
 * you should have received as part of this distribution.  The terms
 * are also available at    
 * http://www.cecill.info/licences/Licence_CeCILL_V2-en.txt
 *
 -->
<refentry version="5.0-subset Scilab" xml:id="code2str" xml:lang="en"
          xmlns="http://docbook.org/ns/docbook"
          xmlns:xlink="http://www.w3.org/1999/xlink"
          xmlns:svg="http://www.w3.org/2000/svg"
          xmlns:ns3="http://www.w3.org/1999/xhtml"
          xmlns:mml="http://www.w3.org/1998/Math/MathML"
          xmlns:db="http://docbook.org/ns/docbook">
  <info>
    <pubdate>$LastChangedDate: 2006-08-08 16:57:13 +0200 (Tue, 08 Aug 2006)
    $</pubdate>
  </info>

  <refnamediv>
    <refname>code2str</refname>

    <refpurpose>retorna o string associado ao código Scilab
    inteiro</refpurpose>
  </refnamediv>

  <refsynopsisdiv>
    <title>Seqüência de Chamamento</title>

    <synopsis>str=code2str(c)</synopsis>
  </refsynopsisdiv>

  <refsection>
    <title>Parâmetros</title>

    <variablelist>
      <varlistentry>
        <term>str</term>

        <listitem>
          <para>string</para>
        </listitem>
      </varlistentry>

      <varlistentry>
        <term>c</term>

        <listitem>
          <para>vetor de códigos de caracteres inteiros</para>
        </listitem>
      </varlistentry>
    </variablelist>
  </refsection>

  <refsection>
    <title>Descrição</title>

    <para>Retorna o string associado ao código Scilab inteiro. str é tal que
    c(i) é o código Scilab inteiro de part(str,i))</para>
  </refsection>

  <refsection>
    <title>Exemplos</title>

    <programlisting role="example"><![CDATA[ 
code2str([-28 12 18 21 10 11])
str2code('Scilab')' 
 ]]></programlisting>
  </refsection>

  <refsection>
    <title>Ver também</title>

    <simplelist type="inline">
      <member><link linkend="str2code">str2code</link></member>

      <member><link linkend="ascii">ascii</link></member>
    </simplelist>
  </refsection>
</refentry>
