<?xml version="1.0" encoding="utf-8"?>
<!--
 * Scilab ( http://www.scilab.org/ ) - This file is part of Scilab
 * Copyright (C) 2009  - DIGITEO - Antoine ELIAS
 *
 * Copyright (C) 2012 - 2016 - Scilab Enterprises
 *
 * This file is hereby licensed under the terms of the GNU GPL v2.0,
 * pursuant to article 5.3.4 of the CeCILL v.2.1.
 * This file was originally licensed under the terms of the CeCILL v2.1,
 * and continues to be available under such terms.
 * For more information, see the COPYING file which you should have received
 * along with this program.
 *
 -->
<refentry xmlns="http://docbook.org/ns/docbook" xmlns:xlink="http://www.w3.org/1999/xlink" xmlns:svg="http://www.w3.org/2000/svg" xmlns:ns5="http://www.w3.org/1999/xhtml" xmlns:mml="http://www.w3.org/1998/Math/MathML" xmlns:db="http://docbook.org/ns/docbook" xmlns:scilab="http://www.scilab.org" xml:id="getAllocatedSparseMatrix" xml:lang="ja">
    <refnamediv>
        <refname>getAllocatedSparseMatrix</refname>
        <refpurpose>
            疎行列変数を取得.
        </refpurpose>
    </refnamediv>
    <refsynopsisdiv>
        <title>呼び出し手順</title>
        <synopsis>int getAllocatedSparseMatrix(void* _pvCtx, int* _piAddress, int* _piRows, int* _piCols, int* _piNbItem, int** _piNbItemRow, int** _piColPos, double** _pdblReal)</synopsis>
        <synopsis>int getNamedAllocatedSparseMatrix(void* _pvCtx, const char* _pstName, int* _piRows, int* _piCols, int* _piNbItem, int** _piNbItemRow, int** _piColPos, double** _pdblReal)</synopsis>
    </refsynopsisdiv>
    <refsection>
        <title>引数</title>
        <variablelist>
            <varlistentry>
                <term>_pvCtx</term>
                <listitem>
                    <para>
                        Scilab環境ポインタ, api_scilab.hで定義された"pvApiCtx"で指定.
                    </para>
                </listitem>
            </varlistentry>
            <varlistentry>
                <term>_piAddress</term>
                <listitem>
                    <para>
                        Scilab変数のアドレス.
                    </para>
                </listitem>
            </varlistentry>
            <varlistentry>
                <term>_pstName</term>
                <listitem>
                    <para>
                        "名前指定" 関数の変数名.
                    </para>
                </listitem>
            </varlistentry>
            <varlistentry>
                <term>_piRows</term>
                <listitem>
                    <para>
                        返される行の数.
                    </para>
                </listitem>
            </varlistentry>
            <varlistentry>
                <term>_piCols</term>
                <listitem>
                    <para>
                        返される列の数.
                    </para>
                </listitem>
            </varlistentry>
            <varlistentry>
                <term>_piNbItem</term>
                <listitem>
                    <para>
                        返される非ゼロ値の数.
                    </para>
                </listitem>
            </varlistentry>
            <varlistentry>
                <term>_piNbItemRow</term>
                <listitem>
                    <para>
                        返される各行の要素の数.
                    </para>
                </listitem>
            </varlistentry>
            <varlistentry>
                <term>_piColPos</term>
                <listitem>
                    <para>
                        返される各要素の列方向位置.
                    </para>
                </listitem>
            </varlistentry>
            <varlistentry>
                <term>_pdblReal</term>
                <listitem>
                    <para>
                        返される実数データ配列のアドレス.
                    </para>
                </listitem>
            </varlistentry>
        </variablelist>
    </refsection>
    <refsection>
        <title>戻り値</title>
        <para>成功した場合に 0, それ以外の場合, Scilabコンソールにエラーメッセージを出力し,
            最初のエラー番号を返します.
        </para>
    </refsection>
</refentry>
