<?xml version="1.0" encoding="utf-8"?>
<!--
 * Scilab ( http://www.scilab.org/ ) - This file is part of Scilab
 * Copyright (C) 2009  - DIGITEO - Antoine ELIAS
 *
 * Copyright (C) 2012 - 2016 - Scilab Enterprises
 *
 * This file is hereby licensed under the terms of the GNU GPL v2.0,
 * pursuant to article 5.3.4 of the CeCILL v.2.1.
 * This file was originally licensed under the terms of the CeCILL v2.1,
 * and continues to be available under such terms.
 * For more information, see the COPYING file which you should have received
 * along with this program.
 *
 -->
<refentry xmlns="http://docbook.org/ns/docbook" xmlns:xlink="http://www.w3.org/1999/xlink" xmlns:svg="http://www.w3.org/2000/svg" xmlns:ns5="http://www.w3.org/1999/xhtml" xmlns:mml="http://www.w3.org/1998/Math/MathML" xmlns:db="http://docbook.org/ns/docbook" xmlns:scilab="http://www.scilab.org" xml:id="bsparse_writing_API" xml:lang="en">
    <refnamediv>
        <refname>Boolean sparse writing (Scilab gateway)</refname>
        <refpurpose>
            How to add boolean sparse matrix in a gateway.
        </refpurpose>
    </refnamediv>
    <refsynopsisdiv>
        <title>Syntax</title>
        <para>Input argument profile:</para>
        <synopsis>SciErr createBooleanSparseMatrix(void* _pvCtx, int _iVar, int _iRows, int _iCols, int _iNbItem, const int* _piNbItemRow, const int* _piColPos)</synopsis>
        <para>Named variable profile:</para>
        <synopsis>SciErr createNamedBooleanSparseMatrix(void* _pvCtx, const char* _pstName, int _iRows, int _iCols, int _iNbItem, const int* _piNbItemRow, const int* _piColPos)</synopsis>
    </refsynopsisdiv>
    <refsection>
        <title>Arguments</title>
        <variablelist>
            <varlistentry>
                <term>_pvCtx</term>
                <listitem>
                    <para>
                        Scilab environment pointer, pass in "pvApiCtx" provided by api_scilab.h.
                    </para>
                </listitem>
            </varlistentry>
            <varlistentry>
                <term>_iVar</term>
                <listitem>
                    <para>
                        Position in the Scilab memory where you want to put the variable.
                    </para>
                </listitem>
            </varlistentry>
            <varlistentry>
                <term>_pstName</term>
                <listitem>
                    <para>
                        Name of the variable for "named" functions.
                    </para>
                </listitem>
            </varlistentry>
            <varlistentry>
                <term>_iRows</term>
                <listitem>
                    <para>
                        Number of rows of the new variable.
                    </para>
                </listitem>
            </varlistentry>
            <varlistentry>
                <term>_iCols</term>
                <listitem>
                    <para>
                        Number of columns of the new variable.
                    </para>
                </listitem>
            </varlistentry>
            <varlistentry>
                <term>_iNbItem</term>
                <listitem>
                    <para>
                        Number of non zero itmes in the sparse.
                    </para>
                </listitem>
            </varlistentry>
            <varlistentry>
                <term>_piNbItemRow</term>
                <listitem>
                    <para>
                        Number of item in each rows (size: _iRows).
                    </para>
                </listitem>
            </varlistentry>
            <varlistentry>
                <term>_piColPos</term>
                <listitem>
                    <para>
                        Column position for each item (size: _iNbItem).
                    </para>
                </listitem>
            </varlistentry>
            <varlistentry>
                <term>SciErr</term>
                <listitem>
                    <para>
                        Error structure where is stored errors messages history and first error number.
                    </para>
                </listitem>
            </varlistentry>
        </variablelist>
    </refsection>
    <refsynopsisdiv>
        <refsection>
            Write directly in Scilab memory.
        </refsection>
        <title>Syntax</title>
        <para>Input argument profile:</para>
        <synopsis>SciErr allocBooleanSparseMatrix(void* _pvCtx, int _iVar, int _iRows, int _iCols, int _iNbItem, int** _piNbItemRow, int** _piColPos)</synopsis>
    </refsynopsisdiv>
    <refsection>
        <title>Arguments</title>
        <variablelist>
            <varlistentry>
                <term>_pvCtx</term>
                <listitem>
                    <para>
                        Scilab environment pointer, pass in "pvApiCtx" provided by api_scilab.h.
                    </para>
                </listitem>
            </varlistentry>
            <varlistentry>
                <term>_iVar</term>
                <listitem>
                    <para>
                        Position in the Scilab memory where you want to put the variable.
                    </para>
                </listitem>
            </varlistentry>
            <varlistentry>
                <term>_iRows</term>
                <listitem>
                    <para>
                        Number of rows of the new variable.
                    </para>
                </listitem>
            </varlistentry>
            <varlistentry>
                <term>_iCols</term>
                <listitem>
                    <para>
                        Number of columns of the new variable.
                    </para>
                </listitem>
            </varlistentry>
            <varlistentry>
                <term>_iNbItem</term>
                <listitem>
                    <para>
                        Number of non zero itmes in the sparse.
                    </para>
                </listitem>
            </varlistentry>
            <varlistentry>
                <term>_piNbItemRow</term>
                <listitem>
                    <para>
                        Number of item in each rows (size: _iRows).
                    </para>
                </listitem>
            </varlistentry>
            <varlistentry>
                <term>_piColPos</term>
                <listitem>
                    <para>
                        Column position for each item (size: _iNbItem).
                    </para>
                </listitem>
            </varlistentry>
            <varlistentry>
                <term>SciErr</term>
                <listitem>
                    <para>
                        Error structure where is stored errors messages history and first error number.
                    </para>
                </listitem>
            </varlistentry>
        </variablelist>
    </refsection>
    <refsection>
        <title>Description</title>
        <para>This help describes how to add boolean sparse matrix in a list.</para>
    </refsection>
    <refsection>
        <!--File_gateway: SCI/modules/api_scilab/tests/unit_tests/read_write_bsparse_api.c-->
        <!--File_scilab: SCI/modules/api_scilab/tests/unit_tests/read_write_bsparse_api.tst-->
        <!--Lib_name: read_write_bsparse-->
        <!--Func_list: read_write_bsparse-->
        <title>Gateway Source</title>
        <programlisting role="code_gateway"><![CDATA[
#include "api_scilab.h"
int read_write_bsparse(char *fname,void* pvApiCtx)
{
    SciErr sciErr;
    int i                   = 0;
    int j                   = 0;
    int k                   = 0;
    //first variable info : real matrix of double
    int iRows               = 0;
    int iCols               = 0;
    int *piAddr             = NULL;
    int iNbItem             = 0;
    int* piNbItemRow        = NULL;
    int* piColPos           = NULL;
    int iCol                = 0;
    int iNewCol             = 0;
    int iNewItem            = 0;
    int* piNewRow           = NULL;
    int* piNewCol           = NULL;

    //check input and output arguments
    CheckInputArgument(pvApiCtx, 1, 1);
    CheckOutputArgument(pvApiCtx, 1, 1);

    //get variable address of the first input argument
    sciErr = getVarAddressFromPosition(pvApiCtx, 1, &piAddr);
    if(sciErr.iErr)
    {
        printError(&sciErr, 0);
        return 0;
    }

    //get size and data from Scilab memory
    sciErr = getBooleanSparseMatrix(pvApiCtx, piAddr, &iRows, &iCols, &iNbItem, &piNbItemRow, &piColPos);
    if(sciErr.iErr)
    {
        printError(&sciErr, 0);
        return 0;
    }

    //Do something with data
    //convert %T -> %F and %F -> %T
    iNewItem = (iRows * iCols) - iNbItem;
    piNewRow = (int*)MALLOC(sizeof(int) * iRows);
    piNewCol = (int*)MALLOC(sizeof(int) * iNewItem);

    for(i = 0 ; i < iRows ; i++)
    {
        piNewRow[i] = iCols - piNbItemRow[i];
        for(j = 0 ; j < iCols ; j++)
        {
            int iFind = 0;
            for(k = 0 ; k < piNbItemRow[i] ; k++)
            {
                if(piColPos[iCol + k] == (j + 1))
                {
                    iFind = 1;
                    break;
                }
            }

            if(iFind == 0)
            {
                piNewCol[iNewCol++] = (j + 1);
            }
        }

        iCol += piNbItemRow[i];
    }

    sciErr = createBooleanSparseMatrix(pvApiCtx, nbInputArgument(pvApiCtx) + 1, iRows, iCols, iNewItem, piNewRow, piNewCol);
    if(sciErr.iErr)
    {
        printError(&sciErr, 0);
        return 0;
    }

    AssignOutputVariable(pvApiCtx, 1) = nbInputArgument(pvApiCtx) + 1;
    return 0;
}
 ]]></programlisting>
    </refsection>
    <refsection>
        <title>Scilab test script</title>
        <programlisting role="code_scilab"><![CDATA[
a = sparse([%t, %f, %t ; %f, %t, %f ; %t, %f, %t]);
a_ref = sparse([%f, %t, %f ; %t, %f, %t ; %f, %t, %f]);

b = read_write_bsparse(a);
if or(b <> a_ref) then error("failed");end
 ]]></programlisting>
    </refsection>
</refentry>
