<?xml version="1.0" encoding="UTF-8"?>
<refentry xmlns="http://docbook.org/ns/docbook" xmlns:xlink="http://www.w3.org/1999/xlink" xmlns:xi="http://www.w3.org/2001/XInclude" xmlns:svg="http://www.w3.org/2000/svg" xmlns:mml="http://www.w3.org/1998/Math/MathML" xmlns:html="http://www.w3.org/1999/xhtml" xmlns:db="http://docbook.org/ns/docbook" xmlns:scilab="http://www.scilab.org" xml:id="deleteNamedVariable">
    <refnamediv>
        <refname>deleteNamedVariable</refname>
        <refpurpose>
            a C gateway function uses to delete a variable from name
        </refpurpose>
    </refnamediv>
    <refsynopsisdiv>
        <title>Syntax</title>
        <synopsis>int deleteNamedVariable(void* _pvCtx, const char* _pstName)</synopsis>
    </refsynopsisdiv>
    <refsection>
        <title>Arguments</title>
        <variablelist>
            <varlistentry>
                <term>_pvCtx</term>
                <listitem>
                    <para>
                        Scilab environment pointer, pass in "pvApiCtx" provided by api_scilab.h.
                    </para>
                </listitem>
            </varlistentry>
            <varlistentry>
                <term>_pstName</term>
                <listitem>
                    <para>
                        Name of the variable.
                    </para>
                </listitem>
            </varlistentry>
        </variablelist>
    </refsection>
    <refsection>
        <title>Description</title>
        <para>
            a C gateway function uses to delete a variable from name
        </para>
    </refsection>
    <refsection>
        <title>Examples</title>
    </refsection>
    <refsection>
        <title>Scilab test script</title>
        <programlisting role="code_scilab"><![CDATA[
fileData = ['#include ""api_scilab.h""'
'#include ""MALLOC.h""'
''
'int sci_deleteNamedVariable(char *fname, void* pvApiCtx)'
'{'
'    SciErr sciErr;'
'    int iRet = 0;'
'    int* piAddr = NULL;'
'    char* pstVarName = NULL;'
''
'    CheckRhs(1,1);'
'    CheckLhs(1,1);'
''
'    sciErr = getVarAddressFromPosition(pvApiCtx, 1, &piAddr);'
'    if(sciErr.iErr)'
'    {'
'        printError(&sciErr, 0);'
'        return 1;'
'    }'
''
'    if(getAllocatedSingleString(pvApiCtx, piAddr, &pstVarName))'
'    {'
'        //error'
'        return 1;'
'    }'
''
'    if(isNamedVarExist(pvApiCtx, pstVarName))'
'    {'
'        iRet = deleteNamedVariable(pvApiCtx, pstVarName);'
'    }'
''
'    createScalarBoolean(pvApiCtx, Rhs + 1, iRet);'
'    AssignOutputVariable(pvApiCtx, 1) = Rhs + 1;'
'    return 0;'
'}'];

currentPath = pwd();
mkdir(TMPDIR + "/deleteNamedVariable");
cd(TMPDIR + "/deleteNamedVariable");
mputl(fileData, "deleteNamedVariable.c");

ilib_verbose(0);
files = ['deleteNamedVariable.c'];
ilib_build('libdeleteNamedVariable', ['deleteNamedVariable', 'sci_deleteNamedVariable'], files, []);
exec loader.sce;

function test()
    assert_checkequal(exists("a"), 1);
    assert_checkequal(a, 1);
    a = 2;
    assert_checkequal(a, 2);
    assert_checktrue(deleteNamedVariable("a"));
    assert_checkequal(exists("a"), 1);
    assert_checkequal(a, 1);
endfunction

a = 1;
test();
assert_checkequal(a, 1);
deleteNamedVariable("a");
assert_checkequal(exists("a"), 0);
 ]]></programlisting>
    </refsection>
</refentry>
