<?xml version="1.0" encoding="utf-8"?>
<!--
 * Scilab ( http://www.scilab.org/ ) - This file is part of Scilab
 * Copyright (C) 2009  - DIGITEO - Antoine ELIAS
 *
 * Copyright (C) 2012 - 2016 - Scilab Enterprises
 *
 * This file is hereby licensed under the terms of the GNU GPL v2.0,
 * pursuant to article 5.3.4 of the CeCILL v.2.1.
 * This file was originally licensed under the terms of the CeCILL v2.1,
 * and continues to be available under such terms.
 * For more information, see the COPYING file which you should have received
 * along with this program.
 *
 -->
<refentry xmlns="http://docbook.org/ns/docbook" xmlns:xlink="http://www.w3.org/1999/xlink" xmlns:svg="http://www.w3.org/2000/svg" xmlns:ns5="http://www.w3.org/1999/xhtml" xmlns:mml="http://www.w3.org/1998/Math/MathML" xmlns:db="http://docbook.org/ns/docbook" xmlns:scilab="http://www.scilab.org" xml:id="Double_management_reading_API" xml:lang="en">
    <refnamediv>
        <refname>Double reading (Scilab gateway)</refname>
        <refpurpose>
            How to read matrices of double in a gateway.
        </refpurpose>
    </refnamediv>
    <refsynopsisdiv>
        <title>Syntax</title>
        <para>Input argument profile:</para>
        <synopsis>SciErr getMatrixOfDouble(void* _pvCtx, int* _piAddress, int* _piRows, int* _piCols, double** _pdblReal)</synopsis>
        <synopsis>SciErr getComplexMatrixOfDouble(void* _pvCtx, int* _piAddress, int* _piRows, int* _piCols, double** _pdblReal, double** _pdblImg)</synopsis>
        <para>Named variable profile:</para>
        <synopsis>SciErr readNamedMatrixOfDouble(void* _pvCtx, const char* _pstName, int* _piRows, int* _piCols, double* _pdblReal)</synopsis>
        <synopsis>SciErr readNamedComplexMatrixOfDouble(void* _pvCtx, const char* _pstName, int* _piRows, int* _piCols, double* _pdblReal, double* _pdblImg)</synopsis>
    </refsynopsisdiv>
    <refsection>
        <title>Arguments</title>
        <variablelist>
            <varlistentry>
                <term>_pvCtx</term>
                <listitem>
                    <para>
                        Scilab environment pointer, pass in "pvApiCtx" provided by api_scilab.h
                    </para>
                </listitem>
            </varlistentry>
            <varlistentry>
                <term>_piAddress</term>
                <listitem>
                    <para>
                        Address of the Scilab variable.
                    </para>
                </listitem>
            </varlistentry>
            <varlistentry>
                <term>_pstName</term>
                <listitem>
                    <para>
                        Name of the variable for "named" functions.
                    </para>
                </listitem>
            </varlistentry>
            <varlistentry>
                <term>_piRows</term>
                <listitem>
                    <para>
                        Return number of rows.
                    </para>
                </listitem>
            </varlistentry>
            <varlistentry>
                <term>_piCols</term>
                <listitem>
                    <para>
                        Return number of columns.
                    </para>
                </listitem>
            </varlistentry>
            <varlistentry>
                <term>_pdblReal</term>
                <listitem>
                    <para>
                        Return address of real data array (size: _iCols * _iRows).
                        For "Named" function, _pdblReal must be allocated before calling function.
                    </para>
                </listitem>
            </varlistentry>
            <varlistentry>
                <term>_pdblImg</term>
                <listitem>
                    Return address of imaginary data array (size: _iCols * _iRows).
                    For "Named" function, _pdblImg must be allocated before calling function.
                </listitem>
            </varlistentry>
            <varlistentry>
                <term>SciErr</term>
                <listitem>
                    <para>
                        Error structure where is stored errors messages history and first error number.
                    </para>
                </listitem>
            </varlistentry>
        </variablelist>
    </refsection>
    <refsection>
        <title>Description</title>
        <para>This help describes how matrix of doubles can be handled through the Scilab API.</para>
    </refsection>
    <refsection>
        <!--File_gateway: SCI/modules/api_scilab/tests/unit_tests/double_reading_api.c-->
        <!--File_scilab: SCI/modules/api_scilab/tests/unit_tests/double_reading_api.tst-->
        <!--Lib_name: double_reading-->
        <!--Func_list: read_double-->
        <title>Gateway Source</title>
        <programlisting role="code_gateway"><![CDATA[
#include "api_scilab.h"
int read_double(char *fname,void* pvApiCtx)
{
	SciErr sciErr;
	int i;
	//first variable info : real matrix of double
	int iType			= 0;
	int iRows			= 0;
	int iCols			= 0;
	int iComplex		= 0;
	int *piAddr			= NULL;
	double* pdblReal	= NULL;
	double* pdblImg		= NULL;

	//check input and output arguments
    CheckInputArgument(pvApiCtx, 1, 1);
    CheckOutputArgument(pvApiCtx, 1, 1);

    /************************
	*    First variable    *
	************************/

	//get variable address of the first input argument
	sciErr = getVarAddressFromPosition(pvApiCtx, 1, &piAddr);
	if(sciErr.iErr)
	{
		printError(&sciErr, 0);
		return 0;
	}

	//check type
	sciErr = getVarType(pvApiCtx, piAddr, &iType);
	if(sciErr.iErr || iType != sci_matrix)
	{
		printError(&sciErr, 0);
		return 0;
	}

	//get complexity
	iComplex	= isVarComplex(pvApiCtx, piAddr);

	//check complexity
	if(iComplex)
	{
		//get size and data from Scilab memory
		sciErr = getComplexMatrixOfDouble(pvApiCtx, piAddr, &iRows, &iCols, &pdblReal, &pdblImg);
	}
	else
	{
		//get size and data from Scilab memory
		sciErr = getMatrixOfDouble(pvApiCtx, piAddr, &iRows, &iCols, &pdblReal);
	}

	if(sciErr.iErr)
	{
		printError(&sciErr, 0);
		return 0;
	}

	//Do something with data
	//if variable is complex, switch real part and imaginary part otherwise multiply by -1
	if(iComplex)
	{
		sciErr = createComplexMatrixOfDouble(pvApiCtx, nbInputArgument(pvApiCtx) + 1, iRows, iCols, pdblImg, pdblReal);
	}
	else
	{
		for(i = 0 ; i < iRows * iCols ; i++)
		{
			pdblReal[i] = pdblReal[i] * -1;
		}
		sciErr = createMatrixOfDouble(pvApiCtx, nbInputArgument(pvApiCtx) + 1, iRows, iCols, pdblReal);
	}

	if(sciErr.iErr)
	{
		printError(&sciErr, 0);
		return 0;
	}

    AssignOutputVariable(pvApiCtx, 1) = nbInputArgument(pvApiCtx) + 1;
	return 0;
}
 ]]></programlisting>
    </refsection>
    <refsection>
        <title>Scilab test script</title>
        <programlisting role="code_scilab"><![CDATA[
a = [   0 1 2 3; ..
        4 5 6 7; ..
        8 9 10 11];
b = [   23*%i,      1+22*%i,    2+21*%i,    3+20*%i,    4+19*%i,    5+18*%i; ..
        6+17*%i,    7+16*%i,    8+15*%i,    9+14*%i,     10+13*%i,  11+12*%i; ..
        12+11*%i,   13+10*%i,   14+9*%i,    15+8*%i,    16+7*%i,    17+6*%i; ..
        18+5*%i,    19+4*%i,    20+3*%i,    21+2*%i,    22+1*%i,    23];

a2 = read_double(a);
b2 = read_double(b);

if or(a2 <> a * -1) then error("failed"), end
if or(b2 <> (imag(b) + real(b) * %i)) then error("failed"), end
 ]]></programlisting>
    </refsection>
</refentry>
