<?xml version="1.0" encoding="utf-8"?>
<!--
 * Scilab ( http://www.scilab.org/ ) - This file is part of Scilab
 * Copyright (C) 2009  - DIGITEO - Antoine ELIAS
 * 
 * This file must be used under the terms of the CeCILL.
 * This source file is licensed as described in the file COPYING, which
 * you should have received as part of this distribution.  The terms
 * are also available at    
 * http://www.cecill.info/licences/Licence_CeCILL_V2-en.txt
 *
 -->
<refentry version="5.0-subset Scilab" xml:id="getScalarBoolean"
          xml:lang="en" xmlns="http://docbook.org/ns/docbook"
          xmlns:xlink="http://www.w3.org/1999/xlink"
          xmlns:svg="http://www.w3.org/2000/svg"
          xmlns:ns5="http://www.w3.org/1999/xhtml"
          xmlns:mml="http://www.w3.org/1998/Math/MathML"
          xmlns:db="http://docbook.org/ns/docbook">

	<refnamediv>
		<refname>getScalarBoolean</refname>

		<refpurpose>
			Read scalar boolean data from a gateway argument.
		</refpurpose>
	</refnamediv>
	<refsynopsisdiv>
		<title>Calling Sequence</title>
		<synopsis>int getScalarBoolean(void* _pvCtx, int* _piAddress, int* _piBool)</synopsis>
	</refsynopsisdiv>
	<refsection>
		<title>Arguments</title>
		<variablelist>
			<varlistentry>
				<term>_pvCtx</term>
				<listitem>
					<para>
						Scilab environment pointer, pass in "pvApiCtx" provided by api_scilab.h.
					</para>
				</listitem>
			</varlistentry>
			<varlistentry>
				<term>_piAddress</term>
				<listitem>
					<para>
						Address of the Scilab variable.
					</para>
				</listitem>
			</varlistentry>
			<varlistentry>
				<term>_piBool</term>
				<listitem>
					<para>
						Return boolean value.
					</para>
				</listitem>
			</varlistentry>
		</variablelist>
	</refsection>
	<refsection>
		<title>Return value</title>
		<para>if successful 0, otherwise print error(s) message(s) in the Scilab console and returns first error number.</para>
	</refsection>
</refentry>
