<?xml version="1.0" encoding="UTF-8"?>
<!DOCTYPE MAN SYSTEM "../../manrev.dtd">
<MAN>
  <LANGUAGE>eng</LANGUAGE>

  <TITLE>cat</TITLE>

  <TYPE>Scilab Function</TYPE>

  <DATE>2005</DATE>

  <SHORT_DESCRIPTION name="cat">concatenate several arrays</SHORT_DESCRIPTION>

  <CALLING_SEQUENCE>
    <CALLING_SEQUENCE_ITEM>y=cat(dims,A1,A2,...,An)</CALLING_SEQUENCE_ITEM>
  </CALLING_SEQUENCE>

  <PARAM>
    <PARAM_INDENT>
      <PARAM_ITEM>
        <PARAM_NAME>dims</PARAM_NAME>

        <PARAM_DESCRIPTION>
          <SP>: a positive real scalar.</SP>
        </PARAM_DESCRIPTION>
      </PARAM_ITEM>

      <PARAM_ITEM>
        <PARAM_NAME>A1,A2,..An</PARAM_NAME>

        <PARAM_DESCRIPTION>
          <SP>: scalars, vectors, matrices or mutlti-arrays, or cells arrays.
          A1,A2,...,An must have the same size (excluding the dimension number
          dims). size(A1,i)=size(A2,i)=...=size(An,i) for i different of dims
          and size(A1,dims), size(A2,dims),...,size(An,dims) can be
          different.</SP>
        </PARAM_DESCRIPTION>
      </PARAM_ITEM>

      <PARAM_ITEM>
        <PARAM_NAME>y</PARAM_NAME>

        <PARAM_DESCRIPTION>
          <SP>: a scalar, vector, matrix or mutlti-array, y has the same type
          than A1,A2,...,An.</SP>
        </PARAM_DESCRIPTION>
      </PARAM_ITEM>
    </PARAM_INDENT>
  </PARAM>

  <DESCRIPTION>
    <P><VERB>y=cat(dims,A1,A2,...,An) :</VERB> y is the result of the
    concatenation of the input arguments A1,A2,...,An. if dims=1then the
    concatenation is done according to the rows : if dims=2 then concatenation
    is done according to the columns of the input arguments,...</P>

    <P>if dims=1, then the concatenation is done according to the rows</P>

    <P>A1=[1 2 3 ; 4 5 6]; A2=[7 8 9 ; 10 11 12]; y=cat(1,A1,A2) =&gt; y=[1 2
    3 ; 4 5 61 ;7 8 9; 10 11 12]</P>

    <P>if dims=2, then the concatenation is done according to the columns of
    the input arguments</P>

    <P>A1=[1 2 3;4 5 6]; A2=[7 8 9 ;10 11 12]; y=cat(2,A1,A2) =&gt; y=[1 2 3 7
    8 9 ; 4 5 6 10 11 12]</P>
  </DESCRIPTION>

  <EXAMPLE><![CDATA[// first example : concatenation according to the rows 
dims=1; A1=[1 2 3]; A2=[4 5 6 ; 7 8 9]; A3=[10 11 12]; y=cat(dims,A1,A2,A3)
// second example :  concatenation according to the columns
dims=2; A1=[1 2 3]'; A2=[4 5;7 8;9 10]; y=cat(dims,A1,A2)
// third example : concatenation according to the 3th dimension 
dims=3; A1=matrix(1:12,[2,2,3]); A2=[13 14;15 16]; A3=matrix(21:36,[2,2,4]); y=cat(dims,A1,A2,A3)
]]></EXAMPLE>

  <SEE_ALSO>
    <SEE_ALSO_ITEM>
      <LINK>permute</LINK>
    </SEE_ALSO_ITEM>

    <SEE_ALSO_ITEM>
      <LINK>matrix</LINK>
    </SEE_ALSO_ITEM>
  </SEE_ALSO>

  <AUTHOR>Farid Belahcene</AUTHOR>
</MAN>