<?xml version="1.0" encoding="ISO-8859-1" standalone="no"?>
<!DOCTYPE MAN SYSTEM "../../manrev.dtd">
<MAN>
  <LANGUAGE>eng</LANGUAGE>
  <TITLE>cumprod</TITLE>
  <TYPE>Scilab Function</TYPE>
  <DATE>April 1993</DATE>
  <SHORT_DESCRIPTION name="cumprod"> cumulative product</SHORT_DESCRIPTION>
  <CALLING_SEQUENCE>
    <CALLING_SEQUENCE_ITEM>y=cumprod(x)  </CALLING_SEQUENCE_ITEM>
    <CALLING_SEQUENCE_ITEM>y=cumprod(x,'r') or y=cumprod(x,1)   </CALLING_SEQUENCE_ITEM>
    <CALLING_SEQUENCE_ITEM>y=cumprod(x,'c') or y=cumprod(x,2)   </CALLING_SEQUENCE_ITEM>
    <CALLING_SEQUENCE_ITEM>y=cumprod(x,'m') </CALLING_SEQUENCE_ITEM>
  </CALLING_SEQUENCE>
  <PARAM>
    <PARAM_INDENT>
      <PARAM_ITEM>
        <PARAM_NAME>x</PARAM_NAME>
        <PARAM_DESCRIPTION>
          <SP>: vector or matrix (real or complex)</SP>
        </PARAM_DESCRIPTION>
      </PARAM_ITEM>
      <PARAM_ITEM>
        <PARAM_NAME>y</PARAM_NAME>
        <PARAM_DESCRIPTION>
          <SP>: vector or matrix (real or complex)</SP>
        </PARAM_DESCRIPTION>
      </PARAM_ITEM>
    </PARAM_INDENT>
  </PARAM>
  <DESCRIPTION>
    <P> For a vector or a matrix <VERB>x</VERB>, <VERB>y=cumprod(x)</VERB>
      returns in <VERB>y</VERB> the cumulative product of all the entries of
      <VERB>x</VERB> taken columnwise.</P>

    <P><VERB>y=cumprod(x,'c')</VERB> (or, equivalently,
      <VERB>y=cumprod(x,2)</VERB>) returns in <VERB>y</VERB> the cumulative
      elementwise product of the columns of <VERB>x</VERB>: <VERB>
	y(i,:)=cumprod(x(i,:))</VERB></P>

    <P><VERB>y=cumprod(x,'r')</VERB> (or, equivalently,
      <VERB>y=cumprod(x,2)</VERB>) returns in <VERB>y</VERB> the cumulative
      elementwise product of the rows of <VERB>x</VERB>: <VERB>
	y(:,i)=cumprod(x(:,i))</VERB>.</P> 

    <P><VERB>y=cumprod(x,'m')</VERB>  is the cumulative product along the first non singleton
      dimension of <VERB>x</VERB> (for compatibility with Matlab).</P> 

  </DESCRIPTION>
  <EXAMPLE>
<![CDATA[
A=[1,2;3,4];
cumprod(A)
cumprod(A,'r')
cumprod(A,'c')
rand('seed',0);
a=rand(3,4);
[m,n]=size(a);
w=zeros(a);
w(1,:)=a(1,:);
for k=2:m;w(k,:)=w(k-1,:).*a(k,:);end;w-cumprod(a,'r')
 ]]>
  </EXAMPLE>
  <SEE_ALSO>
    <SEE_ALSO_ITEM>
      <LINK>cumsum</LINK>
    </SEE_ALSO_ITEM>
    <SEE_ALSO_ITEM>
      <LINK>sum</LINK>
    </SEE_ALSO_ITEM>
    <SEE_ALSO_ITEM>
      <LINK>prod</LINK>
    </SEE_ALSO_ITEM>
  </SEE_ALSO>
</MAN>
