<?xml version="1.0" encoding="ISO-8859-1" standalone="no"?>
<!DOCTYPE MAN SYSTEM "../../manrev.dtd">
<MAN>
  <LANGUAGE>eng</LANGUAGE>
  <TITLE>gammaln</TITLE>
  <TYPE>Scilab Function</TYPE>
  <DATE>September 1997</DATE>
  <SHORT_DESCRIPTION name="gammaln">  The logarithm of gamma function.  </SHORT_DESCRIPTION>
  <CALLING_SEQUENCE>
    <CALLING_SEQUENCE_ITEM> y = gammaln(x)  </CALLING_SEQUENCE_ITEM>
  </CALLING_SEQUENCE>
  <PARAM>
    <PARAM_INDENT>
      <PARAM_ITEM>
        <PARAM_NAME>x</PARAM_NAME>
        <PARAM_DESCRIPTION>
          <SP>: real vector</SP>
        </PARAM_DESCRIPTION>
      </PARAM_ITEM>
      <PARAM_ITEM>
        <PARAM_NAME>y</PARAM_NAME>
        <PARAM_DESCRIPTION>
          <SP>: real vector with same size.</SP>
        </PARAM_DESCRIPTION>
      </PARAM_ITEM>
    </PARAM_INDENT>
  </PARAM>
  <DESCRIPTION>
    <P><VERB>gammaln(x)</VERB> evaluates the logarithm of gamma function at all the
    elements of <VERB>x</VERB>, avoiding underflow and overflow. 
    <VERB>x</VERB> must be real.</P>
  </DESCRIPTION>
  <EXAMPLE>
<![CDATA[
gammaln(0.5)

 ]]>
  </EXAMPLE>
  <SEE_ALSO>
    <SEE_ALSO_ITEM>
      <LINK>gamma</LINK>
    </SEE_ALSO_ITEM>
    <SEE_ALSO_ITEM>
      <LINK>dlgamma</LINK>
    </SEE_ALSO_ITEM>
  </SEE_ALSO>
  <AUTHOR>W. J. Cody and L. Stoltz (code from Netlib (specfun))</AUTHOR>
</MAN>
