<?xml version="1.0" encoding="ISO-8859-1" standalone="no"?>
<!DOCTYPE MAN SYSTEM "../../manrev.dtd">
<MAN>
  <LANGUAGE>eng</LANGUAGE>
  <TITLE>imult</TITLE>
  <TYPE>Scilab Function</TYPE>
  <DATE>July 2001</DATE>
  <SHORT_DESCRIPTION name="imult"> multiplication by i the imaginary unitary</SHORT_DESCRIPTION>
  <CALLING_SEQUENCE>
    <CALLING_SEQUENCE_ITEM>y=imult(x)  </CALLING_SEQUENCE_ITEM>
  </CALLING_SEQUENCE>
  <PARAM>
    <PARAM_INDENT>
      <PARAM_ITEM>
        <PARAM_NAME>x</PARAM_NAME>
        <PARAM_DESCRIPTION>
          <SP>: real or complex scalar, vector or matrix</SP>
        </PARAM_DESCRIPTION>
      </PARAM_ITEM>
      <PARAM_ITEM>
        <PARAM_NAME>y</PARAM_NAME>
        <PARAM_DESCRIPTION>
          <SP>: complex scalar, vector or matrix</SP>
        </PARAM_DESCRIPTION>
      </PARAM_ITEM>
    </PARAM_INDENT>
  </PARAM>
  <DESCRIPTION>
    <P><VERB>imult(x)</VERB> is a more efficient way to multiply x by i than y = %i*x,
    without the problems occuring when x comprises &quot;special&quot; floating
    point numbers as %inf and %nan.</P>
  </DESCRIPTION>
  <EXAMPLE>
<![CDATA[
z1 = imult(%inf)
z2 = %i * %inf
 ]]>
  </EXAMPLE>
  <AUTHOR>B.P.;   </AUTHOR>
</MAN>
