<?xml version="1.0" encoding="ISO-8859-1" standalone="no"?>
<!DOCTYPE MAN SYSTEM "../../manrev.dtd">
<MAN>
  <LANGUAGE>eng</LANGUAGE>
  <TITLE>isnan</TITLE>
  <TYPE>Scilab Function</TYPE>
  <DATE>April 1993</DATE>
  <SHORT_DESCRIPTION name="isnan">  check for &quot;Not a Number&quot; entries</SHORT_DESCRIPTION>
  <CALLING_SEQUENCE>
    <CALLING_SEQUENCE_ITEM>r=isnan(x)  </CALLING_SEQUENCE_ITEM>
  </CALLING_SEQUENCE>
  <PARAM>
    <PARAM_INDENT>
      <PARAM_ITEM>
        <PARAM_NAME>x</PARAM_NAME>
        <PARAM_DESCRIPTION>
          <SP>: real or complex vector or  matrix r : boolean vector or matrix</SP>
        </PARAM_DESCRIPTION>
      </PARAM_ITEM>
    </PARAM_INDENT>
  </PARAM>
  <DESCRIPTION>
    <P><VERB>isnan(x)</VERB> returns a boolean vector or matrix which contains true
    entries corresponding with &quot;Not a Number&quot; <VERB>x</VERB> entries and false entries
    corresponding with regular <VERB>x</VERB> entries.</P>
  </DESCRIPTION>
  <EXAMPLE>
<![CDATA[
isnan([1 0.01 -%nan %inf-%inf])
 ]]>
  </EXAMPLE>
  <SEE_ALSO>
    <SEE_ALSO_ITEM>
      <LINK>isinf</LINK>
    </SEE_ALSO_ITEM>
  </SEE_ALSO>
</MAN>
