<?xml version="1.0" encoding="ISO-8859-1" standalone="no"?>
<!DOCTYPE MAN SYSTEM "../../manrev.dtd">
<MAN>
  <LANGUAGE>eng</LANGUAGE>
  <TITLE>smooth</TITLE>
  <TYPE>Scilab Function</TYPE>
  <DATE>April 1993</DATE>
  <SHORT_DESCRIPTION name="smooth"> smoothing by spline functions</SHORT_DESCRIPTION>
  <CALLING_SEQUENCE>
    <CALLING_SEQUENCE_ITEM>[pt]=smooth(ptd [,step])  </CALLING_SEQUENCE_ITEM>
  </CALLING_SEQUENCE>
  <PARAM>
    <PARAM_INDENT>
      <PARAM_ITEM>
        <PARAM_NAME>ptd</PARAM_NAME>
        <PARAM_DESCRIPTION>
          <SP>: (2xn) real vector</SP>
        </PARAM_DESCRIPTION>
      </PARAM_ITEM>
      <PARAM_ITEM>
        <PARAM_NAME>step</PARAM_NAME>
        <PARAM_DESCRIPTION>
          <SP>: real (discretization step of abscissae)</SP>
        </PARAM_DESCRIPTION>
      </PARAM_ITEM>
      <PARAM_ITEM>
        <PARAM_NAME>pt</PARAM_NAME>
        <PARAM_DESCRIPTION>
          <SP>: (2xn) real vector</SP>
        </PARAM_DESCRIPTION>
      </PARAM_ITEM>
    </PARAM_INDENT>
  </PARAM>
  <DESCRIPTION>
    <P>
    this function computes interpolation by spline 
    functions for a given set of points in the plane.
    The  coordinates  are   <VERB>(ptd(1,i),ptd(2,i))</VERB>.  The
    components <VERB>ptd(1,:)</VERB> must be in ascending order.
    The default value for the step is
    <VERB>abs(maxi(ptd(1,:))-mini(ptd(1,:)))/100</VERB></P>
  </DESCRIPTION>
  <EXAMPLE>
<![CDATA[
x=[1 10 20 30 40];
y=[1 30 -10 20 40];
plot2d(x',y',[3],"011"," ",[-10,-40,50,50]);
yi=smooth([x;y],0.1);
plot2d(yi(1,:)',yi(2,:)',[1],"000");
 ]]>
  </EXAMPLE>
  <SEE_ALSO>
    <SEE_ALSO_ITEM>
      <LINK>splin</LINK>
    </SEE_ALSO_ITEM>
    <SEE_ALSO_ITEM>
      <LINK>interp</LINK>
    </SEE_ALSO_ITEM>
    <SEE_ALSO_ITEM>
      <LINK>interpln</LINK>
    </SEE_ALSO_ITEM>
  </SEE_ALSO>
</MAN>
