<?xml version="1.0" encoding="UTF-8"?>
<!--
 * Scilab ( http://www.scilab.org/ ) - This file is part of Scilab
 * Copyright (C) INRIA
 * 
 * This file must be used under the terms of the CeCILL.
 * This source file is licensed as described in the file COPYING, which
 * you should have received as part of this distribution.  The terms
 * are also available at    
 * http://www.cecill.info/licences/Licence_CeCILL_V2-en.txt
 *
 -->
<refentry xmlns="http://docbook.org/ns/docbook" xmlns:xlink="http://www.w3.org/1999/xlink" xmlns:svg="http://www.w3.org/2000/svg" xmlns:mml="http://www.w3.org/1998/Math/MathML" xmlns:db="http://docbook.org/ns/docbook" xmlns:scilab="http://www.scilab.org" xml:lang="en" xml:id="chart">
    <refnamediv>
        <refname>chart</refname>
        <refpurpose>Nichols chart</refpurpose>
    </refnamediv>
    <refsynopsisdiv>
        <title>Calling Sequence</title>
        <synopsis>chart([flags])
            chart(gain [,flags])
            chart(gain,phase [,flags])
        </synopsis>
    </refsynopsisdiv>
    <refsection>
        <title>Arguments</title>
        <variablelist>
            <varlistentry>
                <term>gain</term>
                <listitem>
                    <para>real vector ( gains (in DB))</para>
                </listitem>
            </varlistentry>
            <varlistentry>
                <term>phase</term>
                <listitem>
                    <para>real vector (phases (in degree))</para>
                </listitem>
            </varlistentry>
            <varlistentry>
                <term>flags</term>
                <listitem>
                    <para>a list of at most 4 flags list(sup [,leg [,cm [,cphi]]])</para>
                    <variablelist>
                        <varlistentry>
                            <term>sup</term>
                            <listitem>
                                <para>1 indicates superposition on the previous plot   0 no superposition is done</para>
                            </listitem>
                        </varlistentry>
                        <varlistentry>
                            <term>leg</term>
                            <listitem>
                                <para>1 indicates that legends are drawn, o: no legends</para>
                            </listitem>
                        </varlistentry>
                        <varlistentry>
                            <term>cm</term>
                            <listitem>
                                <para>color index for gain curves</para>
                            </listitem>
                        </varlistentry>
                        <varlistentry>
                            <term>cphi</term>
                            <listitem>
                                <para> color index for phase curves</para>
                            </listitem>
                        </varlistentry>
                    </variablelist>
                </listitem>
            </varlistentry>
        </variablelist>
    </refsection>
    <refsection>
        <title>Description</title>
        <para> plot the Nichols'chart: iso-gain and iso-phase contour of
            y/(1+y) in phase/gain plane
        </para>
        <para>
            <literal>chart</literal> may be used in cunjunction with
            <link linkend="black">black</link>. 
        </para>
        <para>
            The default values for <literal>gain</literal> and
            <literal>phase</literal> are respectively :
        </para>
        <para>
            <literal>[-12 -8 -6 -5 -4 -3 -2 -1.4 -1 -.5 0.25 0.5 0.7 1 1.4 2 2.3 3 4 5 6 8 12]</literal>
        </para>
        <para>
            <literal>[-(1:10) , -(20:10:160)]</literal>
        </para>
    </refsection>
    <refsection>
        <title>Examples</title>
        <programlisting role="example"><![CDATA[ 
s=poly(0,'s')
h=syslin('c',(s^2+2*0.9*10*s+100)/(s^2+2*0.3*10.1*s+102.01))
black(h,0.01,100)
chart(list(1,0,2,3));

clf()
h1=h*syslin('c',(s^2+2*0.1*15.1*s+228.01)/(s^2+2*0.9*15*s+225))
black([h1;h],0.01,100,['h1';'h'])
set(gca(),'data_bounds',[-180 -30;180 30]) //enlarge the frame
chart(list(1,0));
 ]]></programlisting>
    </refsection>
    <refsection role="see also">
        <title>See Also</title>
        <simplelist type="inline">
            <member>
                <link linkend="nyquist">nyquist</link>
            </member>
            <member>
                <link linkend="black">black</link>
            </member>
        </simplelist>
    </refsection>
</refentry>
