<?xml version="1.0" encoding="UTF-8"?>
<!--
* Scilab ( http://www.scilab.org/ ) - This file is part of Scilab
* Copyright (C) INRIA
*
* This file must be used under the terms of the CeCILL.
* This source file is licensed as described in the file COPYING, which
* you should have received as part of this distribution.  The terms
* are also available at
* http://www.cecill.info/licences/Licence_CeCILL_V2-en.txt
*
-->
<refentry xmlns="http://docbook.org/ns/docbook" xmlns:xlink="http://www.w3.org/1999/xlink" xmlns:svg="http://www.w3.org/2000/svg" xmlns:mml="http://www.w3.org/1998/Math/MathML" xmlns:db="http://docbook.org/ns/docbook"  xmlns:scilab="http://www.scilab.org" xml:lang="en" xml:id="gainplot">
    <refnamediv>
        <refname>gainplot</refname>
        <refpurpose>magnitude plot</refpurpose>
    </refnamediv>
    <refsynopsisdiv>
        <title>Calling Sequence</title>
        <synopsis>gainplot(sl,fmin,fmax [,step] [,comments] )
            gainplot(frq,db,phi [,comments])
            gainplot(frq, repf [,comments])
        </synopsis>
    </refsynopsisdiv>
    <refsection>
        <title>Arguments</title>
        <variablelist>
            <varlistentry>
                <term>sl</term>
                <listitem>
                    <para>
                        list (<literal>syslin</literal> SIMO linear system).
                    </para>
                </listitem>
            </varlistentry>
            <varlistentry>
                <term>fmin,fmax</term>
                <listitem>
                    <para>real scalars (frequency interval).</para>
                </listitem>
            </varlistentry>
            <varlistentry>
                <term>step</term>
                <listitem>
                    <para>real (discretization step (logarithmic scale))</para>
                </listitem>
            </varlistentry>
            <varlistentry>
                <term>comments</term>
                <listitem>
                    <para>string</para>
                </listitem>
            </varlistentry>
            <varlistentry>
                <term>frq</term>
                <listitem>
                    <para>matrix (row by row frequencies)</para>
                </listitem>
            </varlistentry>
            <varlistentry>
                <term>db,phi</term>
                <listitem>
                    <para>matrices (magnitudes and phases corresponding to
                        <literal>frq</literal>)
                    </para>
                </listitem>
            </varlistentry>
            <varlistentry>
                <term>repf</term>
                <listitem>
                    <para>complex matrix. One row for each frequency response.</para>
                </listitem>
            </varlistentry>
        </variablelist>
    </refsection>
    <refsection>
        <title>Description</title>
        <para>
            Same as <link linkend="bode">bode</link> but plots only the magnitude.
        </para>
    </refsection>
    <refsection>
        <title>Examples</title>
        <programlisting role="example"><![CDATA[
    s=poly(0,'s')
    h1=syslin('c',(s^2+2*0.9*10*s+100)/(s^2+2*0.3*10.1*s+102.01))
    h2=syslin('c',(s^2+2*0.1*15.1*s+228.01)/(s^2+2*0.9*15*s+225))
    clf();gainplot([h1;h2],0.01,100,..
                       ["$\frac{s^2+18 s+100}{s^2+6.06 s+102.1}$";
                        "$\frac{s^2+3.02 s+228.01}{s^2+27 s+225}$"])
    title('Gainplot')

    ]]></programlisting>
        <para>
            <scilab:image>
                s=poly(0,'s')
                h1=syslin('c',(s^2+2*0.9*10*s+100)/(s^2+2*0.3*10.1*s+102.01))
                h2=syslin('c',(s^2+2*0.1*15.1*s+228.01)/(s^2+2*0.9*15*s+225))
                clf();gainplot([h1;h2],0.01,100,..
                ["$\frac{s^2+18 s+100}{s^2+6.06 s+102.1}$";
                "$\frac{s^2+3.02 s+228.01}{s^2+27 s+225}$"])
                title('Gainplot')
                
            </scilab:image>
        </para>
    </refsection>
    <refsection role="see also">
        <title>See Also</title>
        <simplelist type="inline">
            <member>
                <link linkend="bode">bode</link>
            </member>
            <member>
                <link linkend="black">black</link>
            </member>
            <member>
                <link linkend="nyquist">nyquist</link>
            </member>
            <member>
                <link linkend="repfreq">repfreq</link>
            </member>
            <member>
                <link linkend="g_margin">g_margin</link>
            </member>
            <member>
                <link linkend="datatips">datatips</link>
            </member>
        </simplelist>
    </refsection>
</refentry>
