<?xml version="1.0" encoding="ISO-8859-1" standalone="no"?> 
<!DOCTYPE MAN SYSTEM "../../man.dtd">
<MAN>
  <LANGUAGE>eng</LANGUAGE>
  <TITLE>addf  </TITLE>
  <TYPE>Scilab Function  </TYPE>
  <DATE>April 1993  </DATE>
  <SHORT_DESCRIPTION name="addf"> symbolic addition  </SHORT_DESCRIPTION>
  <CALLING_SEQUENCE>
  <CALLING_SEQUENCE_ITEM>addf(&quot;a&quot;,&quot;b&quot;)  </CALLING_SEQUENCE_ITEM>
  </CALLING_SEQUENCE>
  <PARAM>
 <PARAM_INDENT>
  <PARAM_ITEM>
  <PARAM_NAME>&quot;a&quot;,&quot;b&quot;  </PARAM_NAME>
  <PARAM_DESCRIPTION>
    : character strings
  </PARAM_DESCRIPTION> 
  </PARAM_ITEM>
 </PARAM_INDENT>
  </PARAM>
  <DESCRIPTION>
  <P>
    <VERB>addf(&quot;a&quot;,&quot;b&quot;)</VERB> returns the character string <VERB>&quot;a+b&quot;</VERB>.
    Trivial simplifications such as <VERB>addf(&quot;0&quot;,&quot;a&quot;)</VERB> or
    <VERB>addf(&quot;1&quot;,2&quot;)</VERB> are performed.
  </P>
  </DESCRIPTION>
  <EXAMPLE><![CDATA[
addf('0','1')
addf('1','a')
addf('1','2')
'a'+'b'
 ]]></EXAMPLE>
  <SEE_ALSO>
    <SEE_ALSO_ITEM> <LINK>mulf</LINK> </SEE_ALSO_ITEM>     <SEE_ALSO_ITEM> <LINK>subf</LINK> </SEE_ALSO_ITEM>     <SEE_ALSO_ITEM> <LINK>ldivf</LINK> </SEE_ALSO_ITEM>     <SEE_ALSO_ITEM> <LINK>rdivf</LINK> </SEE_ALSO_ITEM>     <SEE_ALSO_ITEM> <LINK>eval</LINK> </SEE_ALSO_ITEM>     <SEE_ALSO_ITEM> <LINK>evstr</LINK> </SEE_ALSO_ITEM>
  </SEE_ALSO>
</MAN>
