<?xml version="1.0" encoding="ISO-8859-1" standalone="no"?> 
<!DOCTYPE MAN SYSTEM "../../man.dtd">
<MAN>
  <LANGUAGE>eng</LANGUAGE>
  <TITLE>asinm  </TITLE>
  <TYPE>Scilab Function  </TYPE>
  <DATE>April 1993  </DATE>
  <SHORT_DESCRIPTION name="asinm"> matrix wise sine inverse  </SHORT_DESCRIPTION>
  <CALLING_SEQUENCE>
  <CALLING_SEQUENCE_ITEM>t=asinm(x)  </CALLING_SEQUENCE_ITEM>
  </CALLING_SEQUENCE>
  <PARAM>
 <PARAM_INDENT>
  <PARAM_ITEM>
  <PARAM_NAME>x  </PARAM_NAME>
  <PARAM_DESCRIPTION>
    : real or complex square matrix
  </PARAM_DESCRIPTION> 
  </PARAM_ITEM>
  <PARAM_ITEM>
  <PARAM_NAME>t  </PARAM_NAME>
  <PARAM_DESCRIPTION>
    : real or complex square matrix
  </PARAM_DESCRIPTION> 
  </PARAM_ITEM>
 </PARAM_INDENT>
  </PARAM>
  <DESCRIPTION>
  <P>
     <VERB>t</VERB> are sine inverse of the <VERB>x</VERB> matrix. Diagonalization
    method is used. For non symmetric matrices result may be inaccurate.
  </P>
  </DESCRIPTION>
  <EXAMPLE><![CDATA[
A=[1,2;3,4]
sinm(asinm(A))
asinm(A)+%i*logm(%i*A+sqrtm(eye()-A*A))
 ]]></EXAMPLE>
  <SEE_ALSO>
    <SEE_ALSO_ITEM> <LINK>asin</LINK> </SEE_ALSO_ITEM>     <SEE_ALSO_ITEM> <LINK>sinm</LINK> </SEE_ALSO_ITEM>
  </SEE_ALSO>
</MAN>
