<?xml version="1.0" encoding="ISO-8859-1" standalone="no"?> 
<!DOCTYPE MAN SYSTEM "../../man.dtd">
<MAN>
  <LANGUAGE>eng</LANGUAGE>
  <TITLE>cmb_lin  </TITLE>
  <TYPE>Scilab Function  </TYPE>
  <DATE>April 1993  </DATE>
  <SHORT_DESCRIPTION name="cmb_lin"> symbolic linear combination  </SHORT_DESCRIPTION>
  <CALLING_SEQUENCE>
  <CALLING_SEQUENCE_ITEM>[x]=cmb_lin(alfa,x,beta,y)  </CALLING_SEQUENCE_ITEM>
  </CALLING_SEQUENCE>
  <DESCRIPTION>
  <P>
    Evaluates <VERB>alfa*x-beta*y</VERB>. <VERB> alfa, beta, x, y</VERB> are character
    strings. (low-level routine)
  </P>
  </DESCRIPTION>
  <SEE_ALSO>
    <SEE_ALSO_ITEM> <LINK>mulf</LINK> </SEE_ALSO_ITEM>     <SEE_ALSO_ITEM> <LINK>addf</LINK> </SEE_ALSO_ITEM>
  </SEE_ALSO>
</MAN>
