<?xml version="1.0" encoding="ISO-8859-1" standalone="no"?>
<!DOCTYPE MAN SYSTEM "../../manrev.dtd">
<MAN>
  <LANGUAGE>eng</LANGUAGE>
  <TITLE>rtitr</TITLE>
  <TYPE>Scilab Function</TYPE>
  <DATE>April 1993</DATE>
  <SHORT_DESCRIPTION name="rtitr"> discrete time response (transfer matrix)  </SHORT_DESCRIPTION>
  <CALLING_SEQUENCE>
    <CALLING_SEQUENCE_ITEM>[y]=rtitr(Num,Den,u [,up,yp])  </CALLING_SEQUENCE_ITEM>
  </CALLING_SEQUENCE>
  <PARAM>
    <PARAM_INDENT>
      <PARAM_ITEM>
        <PARAM_NAME>Num,Den</PARAM_NAME>
        <PARAM_DESCRIPTION>
          <SP>: polynomial  matrices (resp. dimensions : <VERB>n</VERB>x<VERB>m</VERB> and <VERB>n</VERB>x<VERB>n</VERB>)</SP>
        </PARAM_DESCRIPTION>
      </PARAM_ITEM>
      <PARAM_ITEM>
        <PARAM_NAME>u</PARAM_NAME>
        <PARAM_DESCRIPTION>
          <SP>: real matrix (dimension <VERB>m</VERB>x<VERB>(t+1)</VERB></SP>
        </PARAM_DESCRIPTION>
      </PARAM_ITEM>
      <PARAM_ITEM>
        <PARAM_NAME>up,yp</PARAM_NAME>
        <PARAM_DESCRIPTION>
          <SP>: real matrices (<VERB>up</VERB> dimension <VERB>m</VERB>x<VERB>(maxi(degree(Den)))</VERB> (default values=<VERB>0</VERB>) ,
  <VERB>yp</VERB> dimension <VERB>n</VERB>x 
  <VERB>(maxi(degree(Den)))</VERB>)</SP>
        </PARAM_DESCRIPTION>
      </PARAM_ITEM>
      <PARAM_ITEM>
        <PARAM_NAME>y</PARAM_NAME>
        <PARAM_DESCRIPTION>
          <SP>: real matrix</SP>
        </PARAM_DESCRIPTION>
      </PARAM_ITEM>
    </PARAM_INDENT>
  </PARAM>
  <DESCRIPTION>
    <P><VERB>y=rtitr(Num,Den,u [,up,yp])</VERB> returns the time response of
    the discrete time linear system with transfer matrix <VERB>Den^-1 Num</VERB> 
    for the input <VERB>u</VERB>, i.e <VERB>y</VERB> and <VERB>u</VERB> are such that <VERB>Den y = Num u</VERB> at t=0,1,...</P>
    <P>
    If <VERB>d1=maxi(degree(Den))</VERB>, and <VERB>d2=maxi(degree(Num))</VERB> the polynomial 
    matrices  <VERB>Den(z)</VERB> and <VERB>Num(z)</VERB> may be written respectively as:</P>
    <VERBATIM>
<![CDATA[
  D(z)= D_0  + D_1  z + ... + D_d1   z^d1
  N(z)= N_0  + N_1  z + ... + N_d2   z^d2
   ]]>
    </VERBATIM>
    <P>
    and <VERB>Den y = Num u</VERB> is interpreted as the recursion:</P>
    <VERBATIM>
<![CDATA[
  D(0)y(t)+D(1)y(t+1)+...+ D(d1)y(t+d1)= N(0) u(t) +....+ N(d2) u(t+d2)
   ]]>
    </VERBATIM>
    <P>
    It is assumed that <VERB>D(d1)</VERB> is non singular.</P>
    <P>
    The columns of u are the inputs of the system at t=0,1,...,T:</P>
    <VERBATIM>
<![CDATA[
  u=[u(0) , u(1),...,u(T)]
   ]]>
    </VERBATIM>
    <P>
    The outputs at <VERB>t=0,1,...,T+d1-d2</VERB> are the columns of the matrix <VERB>y</VERB>:</P>
    <VERBATIM>
<![CDATA[
  y=[y(0), y(1),  .... y(T+d1-d2)]
   ]]>
    </VERBATIM>
    <P><VERB>up</VERB> and <VERB>yp</VERB> define the initial conditions for t &lt; 0 i.e</P>
    <VERBATIM>
<![CDATA[
  up=[u(-d1), ..., u(-1)  ]
  yp=[y(-d1), ...  y(-1)  ]
   ]]>
    </VERBATIM>
    <P>
    Depending on the relative values of <VERB>d1</VERB> and <VERB>d2</VERB>, some of the
    leftmost components of <VERB>up</VERB>, <VERB>yp</VERB> are ignored.
    The default values of <VERB>up</VERB> and <VERB>yp</VERB> are zero:
    <VERB>up = 0*ones(m,d1), yp=0*ones(n,d1)</VERB></P>
  </DESCRIPTION>
  <EXAMPLE>
<![CDATA[
z=poly(0,'z');
Num=1+z;Den=1+z;u=[1,2,3,4,5];
rtitr(Num,Den,u)-u
//Other examples
//siso
//causal
n1=1;d1=poly([1 1],'z','coeff');       // y(j)=-y(j-1)+u(j-1)
r1=[0 1 0 1 0 1 0 1 0 1 0];
r=rtitr(n1,d1,ones(1,10));norm(r1-r,1)
//hot restart
r=rtitr(n1,d1,ones(1,9),1,0);norm(r1(2:11)-r)
//non causal
n2=poly([1 1 1],'z','coeff');d2=d1;    // y(j)=-y(j-1)+u(j-1)+u(j)+u(j+1)
r2=[2 1 2 1 2 1 2 1 2];
r=rtitr(n2,d2,ones(1,10));norm(r-r2,1)
//hot restart
r=rtitr(n2,d2,ones(1,9),1,2);norm(r2(2:9)-r,1)
//
//MIMO example
//causal
d1=d1*diag([1 0.5]);n1=[1 3 1;2 4 1];r1=[5;14]*r1;
r=rtitr(n1,d1,ones(3,10));norm(r1-r,1)
//
r=rtitr(n1,d1,ones(3,9),[1;1;1],[0;0]);
norm(r1(:,2:11)-r,1)
//polynomial n1  (same ex.)
n1(1,1)=poly(1,'z','c');r=rtitr(n1,d1,ones(3,10));norm(r1-r,1)
//
r=rtitr(n1,d1,ones(3,9),[1;1;1],[0;0]);
norm(r1(:,2:11)-r,1)
//non causal
d2=d1;n2=n2*n1;r2=[5;14]*r2;
r=rtitr(n2,d2,ones(3,10));norm(r2-r)
//
r=rtitr(n2,d2,ones(3,9),[1;1;1],[10;28]);
norm(r2(:,2:9)-r,1)
//
//  State-space or transfer
a = [0.21 , 0.63 , 0.56 , 0.23 , 0.31
     0.76 , 0.85 , 0.66 , 0.23 , 0.93
     0 , 0.69 , 0.73 , 0.22 , 0.21
     0.33 , 0.88 , 0.2 , 0.88 , 0.31
     0.67 , 0.07 , 0.54 , 0.65 , 0.36];
b = [0.29 , 0.5 , 0.92
     0.57 , 0.44 , 0.04
     0.48 , 0.27 , 0.48
     0.33 , 0.63 , 0.26
     0.59 , 0.41 , 0.41];
c = [0.28 , 0.78 , 0.11 , 0.15 , 0.84
     0.13 , 0.21 , 0.69 , 0.7 , 0.41];
d = [0.41 , 0.11 , 0.56
     0.88 , 0.2 , 0.59];
s=syslin('d',a,b,c,d);
h=ss2tf(s);num=h('num');den=h('den');den=den(1,1)*eye(2,2);
u=1;u(3,10)=0;r3=flts(u,s);
r=rtitr(num,den,u);norm(r3-r,1)
 ]]>
  </EXAMPLE>
  <SEE_ALSO>
    <SEE_ALSO_ITEM>
      <LINK>ltitr</LINK>
    </SEE_ALSO_ITEM>
    <SEE_ALSO_ITEM>
      <LINK>exp</LINK>
    </SEE_ALSO_ITEM>
    <SEE_ALSO_ITEM>
      <LINK>flts</LINK>
    </SEE_ALSO_ITEM>
  </SEE_ALSO>
</MAN>
