<?xml version="1.0" encoding="UTF-8"?>
<!--
 * Scilab ( http://www.scilab.org/ ) - This file is part of Scilab
 * Copyright (C) DIGITEO - Pierre MARECHAL <pierre.marechal@scilab.org>
 * 
 * This file must be used under the terms of the CeCILL.
 * This source file is licensed as described in the file COPYING, which
 * you should have received as part of this distribution.  The terms
 * are also available at    
 * http://www.cecill.info/licences/Licence_CeCILL_V2-en.txt
 *
 -->
<refentry xmlns="http://docbook.org/ns/docbook" xmlns:xlink="http://www.w3.org/1999/xlink" xmlns:svg="http://www.w3.org/2000/svg" xmlns:mml="http://www.w3.org/1998/Math/MathML" xmlns:db="http://docbook.org/ns/docbook" version="5.0-subset Scilab" xml:lang="en" xml:id="atomsSearch">
  <refnamediv>
    <refname>atomsSearch</refname>
    <refpurpose>Searches for external modules.</refpurpose>
  </refnamediv>
  <!-- ===================================================================== -->
  <!-- Calling Sequence -->
  <!-- ===================================================================== -->
  <refsynopsisdiv>
    <title>Calling Sequence</title>
    <synopsis>
			result = atomsSearch(pattern)
		</synopsis>
  </refsynopsisdiv>
  <!-- ===================================================================== -->
  <!-- Parameters -->
  <!-- ===================================================================== -->
  <refsection>
    <title>Arguments</title>
    <variablelist>
      <varlistentry>
        <term>pattern</term>
        <listitem>
          <para>
						String : The pattern to search for.
					</para>
        </listitem>
      </varlistentry>
      <varlistentry>
        <term>result</term>
        <listitem>
          <para>
					</para>
        </listitem>
      </varlistentry>
    </variablelist>
  </refsection>
  <!-- ===================================================================== -->
  <!-- Description -->
  <!-- ===================================================================== -->
  <refsection>
    <title>Description</title>
    <para>
			<literal>atomsSearch</literal> searches for packages matching one of
			the patterns supplied as input argument.
		</para>
  </refsection>
  <!-- ===================================================================== -->
  <!-- Examples -->
  <!-- ===================================================================== -->
  <refsection>
    <title>Examples</title>
    <programlisting role="example"><![CDATA[ 
atomsSetConfig("Verbose","True");
atomsRepositoryAdd("http://scene1.test.atoms.scilab.org");
atomsSearch("toolbox");
]]></programlisting>
  </refsection>
  <!-- ===================================================================== -->
  <!-- See also -->
  <!-- ===================================================================== -->
  <refsection role="see also">
<title>See Also</title>
    <simplelist type="inline">
      <member>
        <link linkend="atomsList">atomsList</link>
      </member>
    </simplelist>
  </refsection>
  <!-- ===================================================================== -->
  <!-- Authors -->
  <!-- ===================================================================== -->
  <refsection>
    <title>Authors</title>
    <simplelist type="vert">
      <member>Pierre MARECHAL - DIGITEO</member>
    </simplelist>
  </refsection>
</refentry>
