<?xml version="1.0" encoding="utf-8"?>
<!--
 * Scilab ( http://www.scilab.org/ ) - This file is part of Scilab
 * Copyright (C) 2009  - DIGITEO - Antoine ELIAS
 * 
 * This file must be used under the terms of the CeCILL.
 * This source file is licensed as described in the file COPYING, which
 * you should have received as part of this distribution.  The terms
 * are also available at    
 * http://www.cecill.info/licences/Licence_CeCILL_V2-en.txt
 *
 -->
<refentry xmlns="http://docbook.org/ns/docbook" xmlns:xlink="http://www.w3.org/1999/xlink" xmlns:svg="http://www.w3.org/2000/svg" xmlns:ns5="http://www.w3.org/1999/xhtml" xmlns:mml="http://www.w3.org/1998/Math/MathML" xmlns:db="http://docbook.org/ns/docbook" xmlns:scilab="http://www.scilab.org" xml:id="Polynomial_management_writing_API" xml:lang="en">
    <refnamediv>
        <refname>Polynomial writing (Scilab gateway)</refname>
        <refpurpose>
            How to write matrices of polynomials in a gateway.
        </refpurpose>
    </refnamediv>
    <refsynopsisdiv>
        <title>Calling Sequence</title>
        <para>Input argument profile:</para>
        <synopsis>SciErr createMatrixOfPoly(void* _pvCtx, int _iVar, char* _pstVarName, int _iRows, int _iCols, const int* _piNbCoef, const double* const* _pdblReal)</synopsis>
        <synopsis>SciErr createComplexMatrixOfPoly(void* _pvCtx, int _iVar, char* _pstVarName, int _iRows, int _iCols, const int* _piNbCoef, const double* const* _pdblReal, const double* const* _pdblImg)</synopsis>
        <para>Named variable profile:</para>
        <synopsis>SciErr createNamedMatrixOfPoly(void* _pvCtx, const char* _pstName, char* _pstVarName, int _iRows, int _iCols, const int* _piNbCoef, const double* const* _pdblReal)</synopsis>
        <synopsis>SciErr createNamedComplexMatrixOfPoly(void* _pvCtx, const char* _pstName, char* _pstVarName, int _iRows, int _iCols, const int* _piNbCoef, const double* const* _pdblReal, const double* const* _pdblImg)</synopsis>
    </refsynopsisdiv>
    <refsection>
        <title>Arguments</title>
        <variablelist>
            <varlistentry>
                <term>_pvCtx</term>
                <listitem>
                    <para>
                        Scilab environment pointer, pass in "pvApiCtx" provided by api_scilab.h.
                    </para>
                </listitem>
            </varlistentry>
            <varlistentry>
                <term>_iVar</term>
                <listitem>
                    <para>
                        Position in the Scilab memory where you want to put the variable
                    </para>
                </listitem>
            </varlistentry>
            <varlistentry>
                <term>_pstName</term>
                <listitem>
                    <para>
                        Name of the variable for "named" functions.
                    </para>
                </listitem>
            </varlistentry>
            <varlistentry>
                <term>_pstVarName</term>
                <listitem>
                    <para>
                        Variable name in polynomials (Scilab5: 4 characters max)
                    </para>
                </listitem>
            </varlistentry>
            <varlistentry>
                <term>_iRows</term>
                <listitem>
                    <para>
                        Number of rows of the new variable
                    </para>
                </listitem>
            </varlistentry>
            <varlistentry>
                <term>_iCols</term>
                <listitem>
                    <para>
                        Numbers of columns of the new variable
                    </para>
                </listitem>
            </varlistentry>
            <varlistentry>
                <term>_piNbCoef</term>
                <listitem>
                    <para>
                        Number of coefficient for each polynomial.
                    </para>
                </listitem>
            </varlistentry>
            <varlistentry>
                <term>_pdblReal</term>
                <listitem>
                    <para>
                        Address of array of double* with real part of coefficient (size: _iCols * _iRows)
                    </para>
                </listitem>
            </varlistentry>
            <varlistentry>
                <term>_pdblImg</term>
                <listitem>
                    <para>
                        Address of array of double* with imaginary part of coefficient (size: _iCols * _iRows)
                    </para>
                </listitem>
            </varlistentry>
            <varlistentry>
                <term>SciErr</term>
                <listitem>
                    <para>
                        Error structure where is stored errors messages history and first error number.
                    </para>
                </listitem>
            </varlistentry>
        </variablelist>
    </refsection>
    <refsection>
        <title>Description</title>
        <para>This help describes how matrix of polynomials can be handled through the Scilab API.</para>
    </refsection>
    <refsection>
        <!--File_gateway: SCI/modules/api_scilab/tests/unit_tests/poly_writing_api.c-->
        <!--File_scilab: SCI/modules/api_scilab/tests/unit_tests/poly_writing_api.tst-->
        <!--Lib_name: poly_writing-->
        <!--Func_list: write_poly-->
        <title>Gateway Source</title>
        <programlisting role="code_gateway"><![CDATA[ 
#include "api_scilab.h"
int write_poly(char *fname,unsigned long fname_len)
{
    SciErr sciErr;
    //output variable info : polinomial matrix 2 x 4
    //[ x + 2                   x^2 - 4x + 5    4x^3 - 14x^2 + 18 ;
    //  2x^3 - 12x^2 + 64       1               8x^5 + 32x^3]
    int iRows               = 2;
    int iCols               = 3;
    //varname "x"
    char pstVarName[2]      = {"x"};
    //coeficient array
    int piNbCoef[6]         = {2,4,3,1,4,6};
    //data array
    double *pdblReal[6]     = {0};
    double pdblPoly0[2]     = {2,1};
    double pdblPoly1[4]     = {64,0,-12,2};
    double pdblPoly2[3]     = {5,-4,1};
    double pdblPoly3[1]     = {1};
    double pdblPoly4[4]     = {18,0,-14,4};
    double pdblPoly5[6]     = {0,0,0,32,0,8};
    pdblReal[0]             = pdblPoly0;
    pdblReal[1]             = pdblPoly1;
    pdblReal[2]             = pdblPoly2;
    pdblReal[3]             = pdblPoly3;
    pdblReal[4]             = pdblPoly4;
    pdblReal[5]             = pdblPoly5;

    sciErr = createMatrixOfPoly(pvApiCtx, nbInputArgument(pvApiCtx) + 1, pstVarName, iRows, iCols, piNbCoef, pdblReal);
    if(sciErr.iErr)
    {
        printError(&sciErr, 0);
        return 0;
    }

    //assign allocated variables to Lhs position
    AssignOutputVariable(pvApiCtx, 1) = nbInputArgument(pvApiCtx) + 1;
    return 0;
}
 ]]></programlisting>
    </refsection>
    <refsection>
        <title>Scilab test script</title>
        <programlisting role="code_scilab"><![CDATA[ 
p_ref = [2 5 18 1 -4 0 0 1 -14 0 0 4 0 0 0 0 0 0;64 1 0 0 0 0 -12 0 0 2 0 32 0 0 0 0 0 8];
l = list();
a = write_poly();
p = coeff(a);
if or(p <> p_ref) then error("failed"), end
 ]]></programlisting>
    </refsection>
</refentry>
