<?xml version="1.0" encoding="utf-8"?>
<!--
 * Scilab ( http://www.scilab.org/ ) - This file is part of Scilab
 * Copyright (C) 2009  - DIGITEO - Antoine ELIAS
 * 
 * This file must be used under the terms of the CeCILL.
 * This source file is licensed as described in the file COPYING, which
 * you should have received as part of this distribution.  The terms
 * are also available at    
 * http://www.cecill.info/licences/Licence_CeCILL_V2-en.txt
 *
 -->
<refentry version="5.0-subset Scilab" xml:id="stringExample"
          xml:lang="en" xmlns="http://docbook.org/ns/docbook"
          xmlns:xlink="http://www.w3.org/1999/xlink"
          xmlns:svg="http://www.w3.org/2000/svg"
          xmlns:ns5="http://www.w3.org/1999/xhtml"
          xmlns:mml="http://www.w3.org/1998/Math/MathML"
          xmlns:db="http://docbook.org/ns/docbook">
    <refnamediv>
        <refname>string example</refname>

        <refpurpose>
            String use case.
        </refpurpose>
    </refnamediv>

    <refsection>
        <title>Description</title>
        <para>This example shows how to get a string variable and return it to Scilab.</para>
    </refsection>
    <refsection>
        <!--File_gateway: SCI/modules/api_scilab/tests/unit_tests/stringExample.c-->
        <!--File_scilab: SCI/modules/api_scilab/tests/unit_tests/stringExample.tst-->
        <!--Lib_name: stringExample-->
        <!--Func_list: stringExample-->
        <title>Gateway Source</title>
        <programlisting role="code_gateway">
            <![CDATA[ 
int stringExample(char *fname,unsigned long fname_len)
{
	SciErr sciErr;
	int* piAddr = NULL;
	int iType   = 0;
	int iRet    = 0;

	CheckRhs(1,1);
	CheckLhs(0,1);

	sciErr = getVarAddressFromPosition(pvApiCtx, 1, &piAddr);
	if(sciErr.iErr)
	{
		printError(&sciErr, 0);
		return 0;
	}

	if(isStringType(pvApiCtx, piAddr))
	{
		if(isScalar(pvApiCtx, piAddr))
		{
			char* pstData = NULL;

			iRet = getAllocatedSingleString(pvApiCtx, piAddr, &pstData);
			if(iRet)
			{
				freeAllocatedSingleString(pstData);
				return iRet;
			}

			iRet = createSingleString(pvApiCtx, Rhs + 1, pstData);
			if(iRet)
			{
				freeAllocatedSingleString(pstData);
				return iRet;
			}
			freeAllocatedSingleString(pstData);
		}
		else
		{
			int iRows       = 0;
			int iCols       = 0;
			char** pstData  = NULL;

			iRet = getAllocatedMatrixOfString(pvApiCtx, piAddr, &iRows, &iCols, &pstData);
			if(iRet)
			{
				freeAllocatedMatrixOfString(iRows, iCols, pstData);
				return iRet;
			}

			sciErr = createMatrixOfString(pvApiCtx, Rhs + 1, iRows, iCols, pstData);
			if(sciErr.iErr)
			{
				freeAllocatedMatrixOfString(iRows, iCols, pstData);
				printError(&sciErr, 0);
				return sciErr.iErr;
			}
			freeAllocatedMatrixOfString(iRows, iCols, pstData);
		}

		LhsVar(1) = Rhs + 1;
	}
	else
	{
		LhsVar(1) = 0;
	}
	return 0;
}
 ]]>
        </programlisting>
    </refsection>
    <refsection>
        <title>Scilab test script</title>
        <programlisting role="code_scilab">
            <![CDATA[ 
a = "Scilab";
b = ["New","Scilab";"API","functions"];
if stringExample(a) <> a then pause, end
if stringExample(b) <> b then pause, end
 ]]>
        </programlisting>
    </refsection>
</refentry>
