<?xml version="1.0" encoding="UTF-8"?>
<!--
 * Scilab ( http://www.scilab.org/ ) - This file is part of Scilab
 * Copyright (C) INRIA - F. Delebecque
 * 
 * This file must be used under the terms of the CeCILL.
 * This source file is licensed as described in the file COPYING, which
 * you should have received as part of this distribution.  The terms
 * are also available at    
 * http://www.cecill.info/licences/Licence_CeCILL_V2-en.txt
 *
 -->
<refentry xmlns="http://docbook.org/ns/docbook" xmlns:xlink="http://www.w3.org/1999/xlink" xmlns:svg="http://www.w3.org/2000/svg" xmlns:mml="http://www.w3.org/1998/Math/MathML" xmlns:db="http://docbook.org/ns/docbook" version="5.0-subset Scilab" xml:lang="en" xml:id="h_cl">
  <info>
    <pubdate>$LastChangedDate$</pubdate>
  </info>
  <refnamediv>
    <refname>h_cl</refname>
    <refpurpose> closed loop matrix</refpurpose>
  </refnamediv>
  <refsynopsisdiv>
    <title>Calling Sequence</title>
    <synopsis>[Acl]=h_cl(P,r,K)
[Acl]=h_cl(P22,K)</synopsis>
  </refsynopsisdiv>
  <refsection>
    <title>Parameters</title>
    <variablelist>
      <varlistentry>
        <term>P, P22</term>
        <listitem>
          <para>linear system (<literal>syslin</literal> list), augmented plant or nominal plant respectively</para>
        </listitem>
      </varlistentry>
      <varlistentry>
        <term>r</term>
        <listitem>
          <para>1x2 row vector, dimensions of 2,2 part of <literal>P</literal> (<literal>r=[rows,cols]=size(P22)</literal>)</para>
        </listitem>
      </varlistentry>
      <varlistentry>
        <term>K</term>
        <listitem>
          <para>linear system (<literal>syslin</literal> list), controller</para>
        </listitem>
      </varlistentry>
      <varlistentry>
        <term>Acl</term>
        <listitem>
          <para>real square matrix</para>
        </listitem>
      </varlistentry>
    </variablelist>
  </refsection>
  <refsection>
    <title>Description</title>
    <para>
    Given the standard plant <literal>P</literal> (with <literal>r=size(P22)</literal>) and the controller
    <literal>K</literal>, this function returns the closed loop matrix <literal>Acl</literal>.</para>
    <para>
    The poles of <literal>Acl</literal> must be stable for the internal stability 
    of the closed loop system.</para>
    <para><literal>Acl</literal> is the <literal>A</literal>-matrix of the linear system <literal>[I -P22;-K I]^-1</literal> i.e.
    the <literal>A</literal>-matrix of <literal>lft(P,r,K)</literal></para>
  </refsection>
  <refsection>
    <title>See Also</title>
    <simplelist type="inline">
      <member>
        <link linkend="lft">lft</link>
      </member>
    </simplelist>
  </refsection>
  <refsection>
    <title>Authors</title>
    <para>F. D.  </para>
  </refsection>
</refentry>
