<?xml version="1.0" encoding="UTF-8"?>
<!--
 * Scilab ( http://www.scilab.org/ ) - This file is part of Scilab
 * Copyright (C) INRIA - F.D
 * 
 * This file must be used under the terms of the CeCILL.
 * This source file is licensed as described in the file COPYING, which
 * you should have received as part of this distribution.  The terms
 * are also available at    
 * http://www.cecill.info/licences/Licence_CeCILL_V2-en.txt
 *
 -->
<refentry xmlns="http://docbook.org/ns/docbook" xmlns:xlink="http://www.w3.org/1999/xlink" xmlns:svg="http://www.w3.org/2000/svg" xmlns:mml="http://www.w3.org/1998/Math/MathML" xmlns:db="http://docbook.org/ns/docbook" version="5.0-subset Scilab" xml:lang="en" xml:id="ss2des">
  <info>
    <pubdate>$LastChangedDate$</pubdate>
  </info>
  <refnamediv>
    <refname>ss2des</refname>
    <refpurpose> (polynomial) state-space to descriptor form</refpurpose>
  </refnamediv>
  <refsynopsisdiv>
    <title>Calling Sequence</title>
    <synopsis>S=ss2des(Sl)
S=ss2des(Sl,flag)</synopsis>
  </refsynopsisdiv>
  <refsection>
    <title>Parameters</title>
    <variablelist>
      <varlistentry>
        <term>Sl</term>
        <listitem>
          <para> <literal>syslin</literal> list: proper or improper linear system.</para>
        </listitem>
      </varlistentry>
      <varlistentry>
        <term>flag</term>
        <listitem>
          <para>character string <literal>"withD"</literal></para>
        </listitem>
      </varlistentry>
      <varlistentry>
        <term>S</term>
        <listitem>
          <para>list</para>
        </listitem>
      </varlistentry>
    </variablelist>
  </refsection>
  <refsection>
    <title>Description</title>
    <para>
    Given the linear system in state-space representation 
    <literal>Sl</literal> (<literal>syslin</literal> list), with a <literal>D</literal> matrix which is either
    polynomial or constant, but not zero <literal>ss2des</literal>
    returns a descriptor system as <literal>list('des',A,B,C,0,E)</literal>
    such that:</para>
    <programlisting role = ""><![CDATA[ 
Sl=C*(s*E-A)^(-1)*B
 ]]></programlisting>
    <para>
    If the flag <literal>"withD"</literal> is given, <literal> S=list('des',A,B,C,D,E) </literal>
    with a <literal>D</literal> matrix of maximal rank.</para>
  </refsection>
  <refsection>
    <title>Examples</title>
    <programlisting role="example"><![CDATA[ 
s=poly(0,'s');
G=[1/(s+1),s;1+s^2,3*s^3];Sl=tf2ss(G);
S=ss2des(Sl)
S1=ss2des(Sl,"withD")
Des=des2ss(S);Des(5)=clean(Des(5))
Des1=des2ss(S1)
 ]]></programlisting>
  </refsection>
  <refsection>
    <title>See Also</title>
    <simplelist type="inline">
      <member>
        <link linkend="pol2des">pol2des</link>
      </member>
      <member>
        <link linkend="tf2des">tf2des</link>
      </member>
      <member>
        <link linkend="des2ss">des2ss</link>
      </member>
    </simplelist>
  </refsection>
  <refsection>
    <title>Authors</title>
    <para>F. D.; ;   </para>
  </refsection>
</refentry>
