<?xml version="1.0" encoding="UTF-8"?>
<!--
 * Scilab ( http://www.scilab.org/ ) - This file is part of Scilab
 * Copyright (C) INRIA
 * 
 * This file must be used under the terms of the CeCILL.
 * This source file is licensed as described in the file COPYING, which
 * you should have received as part of this distribution.  The terms
 * are also available at    
 * http://www.cecill.info/licences/Licence_CeCILL_V2.1-en.txt
 *
 -->
<refentry xmlns="http://docbook.org/ns/docbook" xmlns:xlink="http://www.w3.org/1999/xlink" xmlns:svg="http://www.w3.org/2000/svg" xmlns:mml="http://www.w3.org/1998/Math/MathML" xmlns:db="http://docbook.org/ns/docbook" xmlns:scilab="http://www.scilab.org" xml:lang="en" xml:id="bool2s">
    <refnamediv>
        <refname>bool2s</refname>
        <refpurpose>convert boolean matrix to a zero one matrix.  </refpurpose>
    </refnamediv>
    <refsynopsisdiv>
        <title>Calling Sequence</title>
        <synopsis>bool2s(x)</synopsis>
    </refsynopsisdiv>
    <refsection>
        <title>Arguments</title>
        <variablelist>
            <varlistentry>
                <term>x</term>
                <listitem>
                    <para>a boolean vector or a boolean matrix or a constant matrix</para>
                </listitem>
            </varlistentry>
        </variablelist>
    </refsection>
    <refsection>
        <title>Description</title>
        <para>
            If <literal>x</literal> is a boolean matrix,
            <literal>bool2s(x)</literal> returns the matrix where "true" values are replaced by 1
            and "false" value by 0.
        </para>
        <para>
            If <literal>x</literal> is a "standard" matrix,
            <literal>bool2s(x)</literal> returns the matrix where non-zero values are replaced by 1.
        </para>
    </refsection>
    <refsection>
        <title>Examples</title>
        <programlisting role="example"><![CDATA[ 
bool2s([%t %t %f %t])
bool2s([2.3 0 10 -1])
 ]]></programlisting>
    </refsection>
    <refsection role="see also">
        <title>See Also</title>
        <simplelist type="inline">
            <member>
                <link linkend="boolean">boolean</link>
            </member>
            <member>
                <link linkend="find">find</link>
            </member>
        </simplelist>
    </refsection>
</refentry>
