<?xml version="1.0" encoding="ISO-8859-1"?>
<!--
 * Scilab ( http://www.scilab.org/ ) - This file is part of Scilab
 * Copyright (C) INRIA - Allan CORNET
 * 
 * This file must be used under the terms of the CeCILL.
 * This source file is licensed as described in the file COPYING, which
 * you should have received as part of this distribution.  The terms
 * are also available at    
 * http://www.cecill.info/licences/Licence_CeCILL_V2-en.txt
 *
 -->
<refentry version="5.0-subset Scilab" xml:id="c_sub" xml:lang="en"
          xmlns="http://docbook.org/ns/docbook"
          xmlns:xlink="http://www.w3.org/1999/xlink"
          xmlns:svg="http://www.w3.org/2000/svg"
          xmlns:ns3="http://www.w3.org/1999/xhtml"
          xmlns:mml="http://www.w3.org/1998/Math/MathML"
          xmlns:db="http://docbook.org/ns/docbook">
  <info>
    <pubdate>$LastChangedDate: 2008-03-26 09:50:39 +0100 (mer., 26 mars 2008)
    $</pubdate>
  </info>

  <refnamediv>
    <refname>c_sub</refname>

    <refpurpose>calcule de la soustraction depuis du code C</refpurpose>
  </refnamediv>

  <refsynopsisdiv>
    <title>Calling Sequence</title>

    <synopsis>a = c_sub(b,c)</synopsis>
  </refsynopsisdiv>

  <refsection>
    <title>Description</title>

    <para>calcule la soustraction.</para>

    <para>Add here a paragraph of the function description </para>
  </refsection>

  <refsection>
    <title>Examples</title>

    <programlisting role="example">c_sub(3,4)</programlisting>
  </refsection>

  <refsection>
    <title>Authors</title>

    <simplelist type="vert">
      <member>Allan CORNET</member>
    </simplelist>
  </refsection>
</refentry>
