<?xml version="1.0" encoding="ISO-8859-1" standalone="no"?> 
<!DOCTYPE MAN SYSTEM "../../man.dtd">
<MAN>
  <LANGUAGE>eng</LANGUAGE>
  <TITLE>abs  </TITLE>
  <TYPE>Scilab Function  </TYPE>
  <DATE>April 1993  </DATE>
  <SHORT_DESCRIPTION name="abs">  absolute value, magnitude  </SHORT_DESCRIPTION>
  <CALLING_SEQUENCE>
  <CALLING_SEQUENCE_ITEM>t=abs(x)  </CALLING_SEQUENCE_ITEM>
  </CALLING_SEQUENCE>
  <PARAM>
 <PARAM_INDENT>
  <PARAM_ITEM>
  <PARAM_NAME>x  </PARAM_NAME>
  <PARAM_DESCRIPTION>
    : real or complex vector or matrix
  </PARAM_DESCRIPTION> 
  </PARAM_ITEM>
  <PARAM_ITEM>
  <PARAM_NAME>t  </PARAM_NAME>
  <PARAM_DESCRIPTION>
    : real vector or matrix
  </PARAM_DESCRIPTION> 
  </PARAM_ITEM>
 </PARAM_INDENT>
  </PARAM>
  <DESCRIPTION>
  <P>
    <VERB>abs(x)</VERB> is the absolute value of the elements of <VERB>x</VERB>. When
    <VERB>x</VERB> is complex, <VERB>abs(x)</VERB> is the complex modulus (magnitude) of the elements of <VERB>x</VERB>. 
  </P>
  </DESCRIPTION>
  <EXAMPLE><![CDATA[
abs([1,%i,-1,-%i,1+%i])
 ]]></EXAMPLE>
</MAN>
