<?xml version="1.0" encoding="ISO-8859-1" standalone="no"?> 
<!DOCTYPE MAN SYSTEM "../../man.dtd">
<MAN>
  <LANGUAGE>eng</LANGUAGE>
  <TITLE>acoshm  </TITLE>
  <TYPE>Scilab Function  </TYPE>
  <DATE>April 1993  </DATE>
  <SHORT_DESCRIPTION name="acoshm"> matrix hyperbolic inverse cosine  </SHORT_DESCRIPTION>
  <CALLING_SEQUENCE>
  <CALLING_SEQUENCE_ITEM>t=acoshm(x)  </CALLING_SEQUENCE_ITEM>
  </CALLING_SEQUENCE>
  <PARAM>
 <PARAM_INDENT>
  <PARAM_ITEM>
  <PARAM_NAME>x,t  </PARAM_NAME>
  <PARAM_DESCRIPTION>
    : real or complex square matrix
  </PARAM_DESCRIPTION> 
  </PARAM_ITEM>
 </PARAM_INDENT>
  </PARAM>
  <DESCRIPTION>
  <P>
    acoshm is the matrix hyperbolic  inverse cosine  of the matrix x.
    Uses the formula <VERB>t=logm(x+(x+eye())*sqrtm((x-eye())/(x+eye())))</VERB>
    For non symmetric matrices result may be inaccurate.
  </P>
  </DESCRIPTION>
  <EXAMPLE><![CDATA[
A=[1,2;3,4];
coshm(acoshm(A))
A(1,1)=A(1,1)+%i;
coshm(acoshm(A))
 ]]></EXAMPLE>
  <SEE_ALSO>
    <SEE_ALSO_ITEM> <LINK>acosh</LINK> </SEE_ALSO_ITEM>     <SEE_ALSO_ITEM> <LINK>logm</LINK> </SEE_ALSO_ITEM>     <SEE_ALSO_ITEM> <LINK>sqrtm</LINK> </SEE_ALSO_ITEM>
  </SEE_ALSO>
</MAN>
