<?xml version="1.0" encoding="ISO-8859-1" standalone="no"?> 
<!DOCTYPE MAN SYSTEM "../../man.dtd">
<MAN>
  <LANGUAGE>eng</LANGUAGE>
  <TITLE>acosm  </TITLE>
  <TYPE>Scilab Function  </TYPE>
  <DATE>April 1993  </DATE>
  <SHORT_DESCRIPTION name="acosm"> matrix wise cosine inverse  </SHORT_DESCRIPTION>
  <CALLING_SEQUENCE>
  <CALLING_SEQUENCE_ITEM>t=acosm(x)  </CALLING_SEQUENCE_ITEM>
  </CALLING_SEQUENCE>
  <PARAM>
 <PARAM_INDENT>
  <PARAM_ITEM>
  <PARAM_NAME>x  </PARAM_NAME>
  <PARAM_DESCRIPTION>
    : real or complex square matrix
  </PARAM_DESCRIPTION> 
  </PARAM_ITEM>
  <PARAM_ITEM>
  <PARAM_NAME>t  </PARAM_NAME>
  <PARAM_DESCRIPTION>
    : real or complex square matrix
  </PARAM_DESCRIPTION> 
  </PARAM_ITEM>
 </PARAM_INDENT>
  </PARAM>
  <DESCRIPTION>
  <P>
     <VERB>t</VERB> are cosine inverse of the <VERB>x</VERB> matrix. Diagonalization
    method is used. For nonsymmetric matrices result may 
    be inaccurate.One has <VERB>t=-%i*logm(x+%i*sqrtm(eye()-x*x))</VERB>
  </P>
  </DESCRIPTION>
  <EXAMPLE><![CDATA[
A=[1,2;3,4];
cosm(acosm(A))
 ]]></EXAMPLE>
  <SEE_ALSO>
    <SEE_ALSO_ITEM> <LINK>acos</LINK> </SEE_ALSO_ITEM>     <SEE_ALSO_ITEM> <LINK>sqrtm</LINK> </SEE_ALSO_ITEM>     <SEE_ALSO_ITEM> <LINK>logm</LINK> </SEE_ALSO_ITEM>
  </SEE_ALSO>
</MAN>
