<?xml version="1.0" encoding="ISO-8859-1" standalone="no"?> 
<!DOCTYPE MAN SYSTEM "../../man.dtd">
<MAN>
  <LANGUAGE>eng</LANGUAGE>
  <TITLE>acos  </TITLE>
  <TYPE>Scilab Function  </TYPE>
  <DATE>April 1993  </DATE>
  <SHORT_DESCRIPTION name="acos"> element wise cosine inverse  </SHORT_DESCRIPTION>
  <CALLING_SEQUENCE>
  <CALLING_SEQUENCE_ITEM>t=acos(x)  </CALLING_SEQUENCE_ITEM>
  </CALLING_SEQUENCE>
  <PARAM>
 <PARAM_INDENT>
  <PARAM_ITEM>
  <PARAM_NAME>x  </PARAM_NAME>
  <PARAM_DESCRIPTION>
    : real or complex vector
  </PARAM_DESCRIPTION> 
  </PARAM_ITEM>
  <PARAM_ITEM>
  <PARAM_NAME>t  </PARAM_NAME>
  <PARAM_DESCRIPTION>
    : real or complex vector
  </PARAM_DESCRIPTION> 
  </PARAM_ITEM>
 </PARAM_INDENT>
  </PARAM>
  <DESCRIPTION>
  <P>
    The components of vector <VERB>t</VERB> are cosine inverse of the 
    corresponding entries of vector <VERB>x</VERB>.
    Definition domain is [-1, 1].
  </P>
  <P>
    <VERB>acos</VERB> takes values in :
  </P>
  <P>
  </P>
  <P>
  </P>
  </DESCRIPTION>
  <EXAMPLE><![CDATA[
x=[1,%i,-1,-%i]
cos(acos(x))
 ]]></EXAMPLE>
</MAN>
