<?xml version="1.0" encoding="ISO-8859-1" standalone="no"?> 
<!DOCTYPE MAN SYSTEM "../../man.dtd">
<MAN>
  <LANGUAGE>eng</LANGUAGE>
  <TITLE>asin  </TITLE>
  <TYPE>Scilab Function  </TYPE>
  <DATE>April 1993  </DATE>
  <SHORT_DESCRIPTION name="asin">  sine inverse  </SHORT_DESCRIPTION>
  <CALLING_SEQUENCE>
  <CALLING_SEQUENCE_ITEM>[t]=asin(x)  </CALLING_SEQUENCE_ITEM>
  </CALLING_SEQUENCE>
  <PARAM>
 <PARAM_INDENT>
  <PARAM_ITEM>
  <PARAM_NAME>x  </PARAM_NAME>
  <PARAM_DESCRIPTION>
    : real or complex vector/matrix
  </PARAM_DESCRIPTION> 
  </PARAM_ITEM>
  <PARAM_ITEM>
  <PARAM_NAME>t  </PARAM_NAME>
  <PARAM_DESCRIPTION>
    : real or complex vector/matrix
  </PARAM_DESCRIPTION> 
  </PARAM_ITEM>
 </PARAM_INDENT>
  </PARAM>
  <DESCRIPTION>
  <P>
    The entries of <VERB>t</VERB> are sine inverse of the 
    corresponding entries of <VERB>x</VERB>.
    Definition domain is [-1, 1].
    It takes his values in sets
  </P>
  <P>
  </P>
  <P>
  </P>
  </DESCRIPTION>
  <EXAMPLE><![CDATA[
A=[1,2;3,4]
sin(asin(A))
 ]]></EXAMPLE>
  <SEE_ALSO>
    <SEE_ALSO_ITEM> <LINK>sin</LINK> </SEE_ALSO_ITEM>     <SEE_ALSO_ITEM> <LINK>sinm</LINK> </SEE_ALSO_ITEM>     <SEE_ALSO_ITEM> <LINK>asinm</LINK> </SEE_ALSO_ITEM>
  </SEE_ALSO>
</MAN>
