<?xml version="1.0" encoding="ISO-8859-1" standalone="no"?> 
<!DOCTYPE MAN SYSTEM "../../man.dtd">
<MAN>
  <LANGUAGE>eng</LANGUAGE>
  <TITLE>atanhm  </TITLE>
  <TYPE>Scilab Function  </TYPE>
  <DATE>April 1993  </DATE>
  <SHORT_DESCRIPTION name="atanhm"> matrix hyperbolic tangent inverse  </SHORT_DESCRIPTION>
  <CALLING_SEQUENCE>
  <CALLING_SEQUENCE_ITEM>t=atanhm(x)  </CALLING_SEQUENCE_ITEM>
  </CALLING_SEQUENCE>
  <PARAM>
 <PARAM_INDENT>
  <PARAM_ITEM>
  <PARAM_NAME>x  </PARAM_NAME>
  <PARAM_DESCRIPTION>
    : real or complex square matrix
  </PARAM_DESCRIPTION> 
  </PARAM_ITEM>
  <PARAM_ITEM>
  <PARAM_NAME>t  </PARAM_NAME>
  <PARAM_DESCRIPTION>
    : real or complex square matrix
  </PARAM_DESCRIPTION> 
  </PARAM_ITEM>
 </PARAM_INDENT>
  </PARAM>
  <DESCRIPTION>
  <P>
    <VERB>atanhm(x)</VERB> is the matrix hyperbolic tangent inverse of matrix 
    <VERB>x</VERB>. Results may be inaccurate if <VERB>x</VERB> is not symmetric.
  </P>
  </DESCRIPTION>
  <EXAMPLE><![CDATA[
A=[1,2;3,4];
tanhm(atanhm(A))
 ]]></EXAMPLE>
  <SEE_ALSO>
    <SEE_ALSO_ITEM> <LINK>atanh</LINK> </SEE_ALSO_ITEM>     <SEE_ALSO_ITEM> <LINK>tanhm</LINK> </SEE_ALSO_ITEM>
  </SEE_ALSO>
</MAN>
