<?xml version="1.0" encoding="ISO-8859-1" standalone="no"?> 
<!DOCTYPE MAN SYSTEM "../../man.dtd">
<MAN>
  <LANGUAGE>eng</LANGUAGE>
  <TITLE>binomial  </TITLE>
  <TYPE>Scilab Function  </TYPE>
  <DATE>April 1993  </DATE>
  <SHORT_DESCRIPTION name="binomial"> binomial distribution probabilities </SHORT_DESCRIPTION>
  <CALLING_SEQUENCE>
  <CALLING_SEQUENCE_ITEM>pr=binomial(p,n)  </CALLING_SEQUENCE_ITEM>
  </CALLING_SEQUENCE>
  <PARAM>
 <PARAM_INDENT>
  <PARAM_ITEM>
  <PARAM_NAME>pr  </PARAM_NAME>
  <PARAM_DESCRIPTION>
    : row vector with n+1 components 
  </PARAM_DESCRIPTION> 
  </PARAM_ITEM>
  <PARAM_ITEM>
  <PARAM_NAME>p  </PARAM_NAME>
  <PARAM_DESCRIPTION>
    : real number in [0,1] 
  </PARAM_DESCRIPTION> 
  </PARAM_ITEM>
  <PARAM_ITEM>
  <PARAM_NAME>n  </PARAM_NAME>
  <PARAM_DESCRIPTION>
    : an integer &gt;= 1
  </PARAM_DESCRIPTION> 
  </PARAM_ITEM>
 </PARAM_INDENT>
  </PARAM>
  <DESCRIPTION>
  <DESCRIPTION_INDENT>
  <P>
    <VERB>pr=binomial(p,n)</VERB> returns the binomial probability vector, i.e. 
    <VERB>pr(k+1)</VERB> is the probability of <VERB>k</VERB> success in <VERB>n</VERB> independent 
    Bernouilli trials with probability of success <VERB>p</VERB>. In other words :
    pr(k+1) = probability(X=k) , with X a random variable following the B(n,p) 
    distribution, and numerically :
  </P>
  <VERBATIM><![CDATA[
            / n \  k      n-k       / n \       n!
 pr(k+1) =  |   | p  (1-p)    with  |   |  = ---------
            \ k /                   \ k /    k! (n-k)!
   ]]></VERBATIM>
  </DESCRIPTION_INDENT>
  </DESCRIPTION>
  <EXAMPLE><![CDATA[
// first example
n=10;p=0.3; xbasc(); plot2d3(0:n,binomial(p,n));

// second example 
n=50;p=0.4;
mea=n*p; sigma=sqrt(n*p*(1-p));
x=( (0:n)-mea )/sigma;
xbasc()
plot2d(x, sigma*binomial(p,n));
deff('y=Gauss(x)','y=1/sqrt(2*%pi)*exp(-(x.^2)/2)')
plot2d(x, Gauss(x), style=2);
 ]]></EXAMPLE>
  <SEE_ALSO>
    <SEE_ALSO_ITEM> <LINK>cdfbin</LINK></SEE_ALSO_ITEM>
    <SEE_ALSO_ITEM> <LINK>grand</LINK></SEE_ALSO_ITEM>
  </SEE_ALSO>
</MAN>
