<?xml version="1.0" encoding="ISO-8859-1" standalone="no"?> 
<!DOCTYPE MAN SYSTEM "../../man.dtd">
<MAN>
  <LANGUAGE>eng</LANGUAGE>
  <TITLE>calerf  </TITLE>
  <TYPE>Scilab Function  </TYPE>
  <DATE>December 1994  </DATE>
  <SHORT_DESCRIPTION name="calerf">  computes error functions.  </SHORT_DESCRIPTION>
  <PARAM>
 <PARAM_INDENT>
  <PARAM_ITEM>
  <PARAM_NAME>x  </PARAM_NAME>
  <PARAM_DESCRIPTION>
    : real vector or matrix
  </PARAM_DESCRIPTION> 
  </PARAM_ITEM>
  <PARAM_ITEM>
  <PARAM_NAME>flag  </PARAM_NAME>
  <PARAM_DESCRIPTION>
    : integer indicator 
  </PARAM_DESCRIPTION> 
  </PARAM_ITEM>
  <PARAM_ITEM>
  <PARAM_NAME>y  </PARAM_NAME>
  <PARAM_DESCRIPTION>
    : real vector or matrix (of same size than x)
  </PARAM_DESCRIPTION> 
  </PARAM_ITEM>
 </PARAM_INDENT>
  </PARAM>
  <DESCRIPTION>
  <P>
     <VERB>calerf(x,0)</VERB> computes the error function <VERB>erf(x)</VERB>
  </P>
  <P>
     <VERB>calerf(x,1)</VERB> computes the complementary error function <VERB>erfc(x)</VERB>
  </P>
  <P>
     <VERB>calerf(x,2)</VERB> computes the  scaled complementary error function <VERB>erfcx(x)</VERB>
  </P>
  </DESCRIPTION>
  <EXAMPLE><![CDATA[
deff('y=f(t)','y=exp(-t^2)');
calerf(1,0)
2/sqrt(%pi)*intg(0,1,f)
 ]]></EXAMPLE>
  <SEE_ALSO>
    <SEE_ALSO_ITEM> <LINK>erf</LINK> </SEE_ALSO_ITEM>     <SEE_ALSO_ITEM> <LINK>erfc</LINK> </SEE_ALSO_ITEM>     <SEE_ALSO_ITEM> <LINK>erfcx</LINK> </SEE_ALSO_ITEM>
  </SEE_ALSO>
  <AUTHOR>W. J. Cody (code from Netlib (specfun))</AUTHOR>
</MAN>
