<?xml version="1.0" encoding="UTF-8"?>
<refentry xmlns="http://docbook.org/ns/docbook" xmlns:xlink="http://www.w3.org/1999/xlink" xmlns:xi="http://www.w3.org/2001/XInclude" xmlns:svg="http://www.w3.org/2000/svg" xmlns:mml="http://www.w3.org/1998/Math/MathML" xmlns:html="http://www.w3.org/1999/xhtml" xmlns:db="http://docbook.org/ns/docbook" xmlns:scilab="http://www.scilab.org" xml:id="ReturnArguments" xml:lang="ja">
    <refnamediv>
        <refname>ReturnArguments</refname>
        <refpurpose>
            種々の変数を返すCゲートウェイ関数.
        </refpurpose>
    </refnamediv>
    <refsynopsisdiv>
        <title>呼び出し手順</title>
        <synopsis>ReturnArguments(pvApiCtx);</synopsis>
    </refsynopsisdiv>
    <refsection>
        <title>説明</title>
        <para>
            ReturnArguments(pvApiCtx) は,
            AssignOutputVariable(pvApiCtx, X)により宣言された
            種々の変数を返します.
        </para>
    </refsection>
    <refsection>
        <title>例</title>
        <para>この例はdoubleの行列を入力とし,以下を返します:</para>
        <itemizedlist>
            <listitem>
                <para>行数 (最初の出力引数)</para>
            </listitem>
            <listitem>
                <para>列数 (2番目の出力引数)</para>
            </listitem>
        </itemizedlist>
        <programlisting role="example">
            <![CDATA[
#include "api_scilab.h"
int sci_mysizedouble(char * fname, void* pvApiCtx)
{
    SciErr      sciErr;
    int         m_in_row;
    int         n_in_col;
    int*        piAddr = NULL;
    double*     pdblData = NULL;
    sciErr = getVarAddressFromPosition(pvApiCtx, 1, &piAddr);
    if(sciErr.iErr)
    {
        printError(&sciErr, 0);
        return 0;
    }
    /* 次元を取得 */
	sciErr = getMatrixOfDouble(pvApiCtx, piAddr, &m_in_row, &n_in_col, &pdblData);
	if(sciErr.iErr)
	{
		printError(&sciErr, 0);
		return 0;
	}
    sciErr = createMatrixOfInteger32(pvApiCtx, nbInputArgument(pvApiCtx) + 1, 1, 1, &m_in_row); // m_in_rowパラメータは引数として渡された行列のライン数を保持します
    sciErr = createMatrixOfInteger32(pvApiCtx, nbInputArgument(pvApiCtx) + 2, 1, 1, &m_in_row); // 同じ値を保持しますが, 使用されず,Scilabに値も返されません
    sciErr = createMatrixOfInteger32(pvApiCtx, nbInputArgument(pvApiCtx) + 3, 1, 1, &n_in_col); // n_in_colパラメータは引数として渡された行列の列数を保持します
    AssignOutputVariable(pvApiCtx, 1) = nbInputArgument(pvApiCtx) + 1; // パラメータ "nbInputArgument(pvApiCtx) + 1" を出力引数として設定します
    AssignOutputVariable(pvApiCtx, 2) = nbInputArgument(pvApiCtx) + 3; // パラメータ "nbInputArgument(pvApiCtx) + 3" を出力引数として設定します
    ReturnArguments(pvApiCtx);
    return 0;
}
 ]]>
        </programlisting>
    </refsection>
</refentry>
