<?xml version="1.0" encoding="utf-8"?>
<!--
 * Scilab ( http://www.scilab.org/ ) - This file is part of Scilab
 * Copyright (C) 2009  - DIGITEO - Antoine ELIAS
 * 
 * This file must be used under the terms of the CeCILL.
 * This source file is licensed as described in the file COPYING, which
 * you should have received as part of this distribution.  The terms
 * are also available at    
 * http://www.cecill.info/licences/Licence_CeCILL_V2-en.txt
 *
 -->
<refentry version="5.0-subset Scilab" xml:id="booleanExample"
          xml:lang="en" xmlns="http://docbook.org/ns/docbook"
          xmlns:xlink="http://www.w3.org/1999/xlink"
          xmlns:svg="http://www.w3.org/2000/svg"
          xmlns:ns5="http://www.w3.org/1999/xhtml"
          xmlns:mml="http://www.w3.org/1998/Math/MathML"
          xmlns:db="http://docbook.org/ns/docbook">
	<refnamediv>
		<refname>boolean example</refname>

		<refpurpose>
			Boolean use case.
		</refpurpose>
	</refnamediv>

	<refsection>
		<title>Description</title>
		<para>This example shows how to get a boolean variable and return it to Scilab.</para>
	</refsection>
	<refsection>
		<!--File_gateway: SCI/modules/api_scilab/tests/unit_tests/booleanExample.c-->
		<!--File_scilab: SCI/modules/api_scilab/tests/unit_tests/booleanExample.tst-->
		<!--Lib_name: booleanExample-->
		<!--Func_list: booleanExample-->
		<title>Gateway Source</title>
		<programlisting role="code_gateway">
			<![CDATA[ 
int booleanExample(char *fname,unsigned long fname_len)
{
    SciErr sciErr;
    int* piAddr = NULL;
    int iType   = 0;
    int iRet    = 0;

    CheckRhs(1,1);
    CheckLhs(0,1);

    sciErr = getVarAddressFromPosition(pvApiCtx, 1, &piAddr);
    if(sciErr.iErr)
    {
        printError(&sciErr, 0);
        return 0;
    }

    if(isBooleanType(pvApiCtx, piAddr))
    {
        if(isScalar(pvApiCtx, piAddr))
        {
            int iBool = 0;
            iRet = getScalarBoolean(pvApiCtx, piAddr, &iBool);
            if(iRet)
            {
                return 0;
            }

            iRet = createScalarBoolean(pvApiCtx, Rhs + 1, iBool);
            if(iRet)
            {
                return 0;
            }
        }
        else
        {
        int iRows	= 0;
        int iCols	= 0;
        int *piBool	= NULL;

        sciErr = getMatrixOfBoolean(pvApiCtx, piAddr, &iRows, &iCols, &piBool);
        if(sciErr.iErr)
        {
            printError(&sciErr, 0);
            return 0;
        }

        sciErr = createMatrixOfBoolean(pvApiCtx, Rhs + 1, iRows, iCols, piBool);
        if(sciErr.iErr)
        {
            printError(&sciErr, 0);
            return 0;
        }
    }
        LhsVar(1) = Rhs + 1;
    }
    else
    {
        LhsVar(1) = 0;
    }
    return 0;
}
 ]]>
		</programlisting>
	</refsection>

	<refsection>
		<title>Scilab test script</title>
		<programlisting role="code_scilab">
			<![CDATA[ 
a = %t;
b = %f;
c = [a,b;b,a;a,b;b,a];
d = c';

booleanExample(a) == a
booleanExample(b) == b
booleanExample(c) == c
booleanExample(d) == d
 ]]>
		</programlisting>
	</refsection>
</refentry>
