<?xml version="1.0" encoding="utf-8"?>
<!--
 * Scilab ( http://www.scilab.org/ ) - This file is part of Scilab
 * Copyright (C) 2009  - DIGITEO - Antoine ELIAS
 * 
 * This file must be used under the terms of the CeCILL.
 * This source file is licensed as described in the file COPYING, which
 * you should have received as part of this distribution.  The terms
 * are also available at    
 * http://www.cecill.info/licences/Licence_CeCILL_V2.1-en.txt
 *
 -->
<refentry xmlns="http://docbook.org/ns/docbook" xmlns:xlink="http://www.w3.org/1999/xlink" xmlns:svg="http://www.w3.org/2000/svg" xmlns:ns5="http://www.w3.org/1999/xhtml" xmlns:mml="http://www.w3.org/1998/Math/MathML" xmlns:db="http://docbook.org/ns/docbook" xmlns:scilab="http://www.scilab.org" xml:id="Common_getvaraddr_API" xml:lang="en">
    <refnamediv>
        <refname>Variable Reference (Scilab gateway)</refname>
        <refpurpose>
            How to get the address of an argument or a variable in a gateway.
        </refpurpose>
    </refnamediv>
    <refsynopsisdiv>
        <title>Calling Sequence</title>
        <para>Input argument profile:</para>
        <synopsis>SciErr getVarAddressFromPosition(void* _pvCtx, int _iVar, int** _piAddress)</synopsis>
        <para>Named variable profile:</para>
        <synopsis>SciErr getVarAddressFromName(void* _pvCtx, const char* _pstName, int** _piAddress)</synopsis>
    </refsynopsisdiv>
    <refsection>
        <title>Arguments</title>
        <variablelist>
            <varlistentry>
                <term>_pvCtx</term>
                <listitem>
                    <para>
                        Scilab environment pointer, pass in "pvApiCtx" provided by api_scilab.h
                    </para>
                </listitem>
            </varlistentry>
            <varlistentry>
                <term>_iVar</term>
                <listitem>
                    <para>
                        Position of the argument in the function call.
                    </para>
                </listitem>
            </varlistentry>
            <varlistentry>
                <term>_pstName</term>
                <listitem>
                    <para>
                        Scilab variable name.
                    </para>
                </listitem>
            </varlistentry>
            <varlistentry>
                <term>_piAddress</term>
                <listitem>
                    <para>
                        Return address of the Scilab variable.
                    </para>
                </listitem>
            </varlistentry>
            <varlistentry>
                <term>SciErr</term>
                <listitem>
                    <para>
                        Error structure where is stored errors messages history and first error number.
                    </para>
                </listitem>
            </varlistentry>
        </variablelist>
    </refsection>
    <refsection>
        <title>Description</title>
        <para>This function retrieves the address of an argument in a gateway.</para>
    </refsection>
    <refsection>
        <!--File_gateway: SCI/modules/api_scilab/tests/unit_tests/common_function_api.c-->
        <!--File_scilab: SCI/modules/api_scilab/tests/unit_tests/common_function.tst-->
        <!--Lib_name: common_function-->
        <!--Func_list: common_function-->
        <title>Gateway Source</title>
        <programlisting role="code_gateway">
            <![CDATA[ 
#include "api_scilab.h"
SciErr printf_info(int _iVar);

int common_function(char *fname,unsigned long fname_len)
{
    SciErr sciErr;
    int i;
    int *piAddr1    = NULL;
    int iBool       = 0;

    for(i = 0 ; i < nbInputArgument(pvApiCtx) ; i++)
    {
        sciErr = printf_info(i + 1);
        if(sciErr.iErr)
        {
            printError(&sciErr, 0);
            break;
        }
        sciprint("\n\n");
    }

    //1 for true, 0 for false
    iBool = sciErr.iErr == 0 ? 1 : 0;

    sciErr = createMatrixOfBoolean(pvApiCtx, nbInputArgument(pvApiCtx) + 1, 1, 1, &iBool);
    if(sciErr.iErr)
    {
        printError(&sciErr, 0);
        return 0;
    }

    //assign allocated variables to Lhs position
    AssignOutputVariable(pvApiCtx, 1) = nbInputArgument(pvApiCtx) + 1;
    return 0;
}
SciErr printf_info(int _iVar)
{
    SciErr sciErr;
    int* piAddr     = NULL;
    int iType       = 0;
    int iRows       = 0;
    int iCols       = 0;
    int iItem       = 0;
    int iComplex    = 0;

    sciErr = getVarAddressFromPosition(pvApiCtx, _iVar, &piAddr);
    if(sciErr.iErr)
    {
        return sciErr;
    }

    sciprint("Variable %d information:\n", _iVar);

    sciErr = getVarType(pvApiCtx, piAddr, &iType);
    if(sciErr.iErr)
    {
        return sciErr;
    }

    sciprint("\tType: ");
    switch(iType)
    {
        case sci_matrix :
            sciprint("double\n");
            break;
        case sci_poly :
            sciprint("polynomial\n");
            break;
        case sci_boolean :
            sciprint("boolean\n");
            break;
        case sci_sparse :
            sciprint("sparse\n");
            break;
        case sci_boolean_sparse :
            sciprint("boolean_sparse\n");
            break;
        case sci_ints :
        {
            char pstSigned[]    = "signed";
            char pstUnsigned[]  = "unsigned";
            char* pstSign       = pstSigned;
            int iPrec           = 0;

            sciErr = getMatrixOfIntegerPrecision(pvApiCtx, piAddr, &iPrec);
            if(sciErr.iErr)
            {
                return sciErr;
            }

            if(iPrec > 10)
            {
                pstSign = pstUnsigned;
            }

            sciprint("%s integer %d bits\n", pstSign, (iPrec % 10) * 8);
        }
        break;
        case sci_strings :
            sciprint("strings\n");
            break;
        case sci_list :
            sciprint("list\n");
            break;
        case sci_tlist :
            sciprint("tlist\n");
            break;
        case sci_mlist :
            sciprint("mlist\n");
            break;
        default :
            sciprint("Not manage by this function\n");
            return sciErr;
    }

    if(isVarComplex(pvApiCtx, piAddr))
    {
        sciprint("\tComplex: Yes\n");
    }

    sciprint("\tDimensions: ");
    if(isVarMatrixType(pvApiCtx, piAddr))
    {
        sciErr = getVarDimension(pvApiCtx, piAddr, &iRows, &iCols);
        if(sciErr.iErr)
        {
            return sciErr;
        }

        sciprint("%d x %d", iRows, iCols);
    }
    else
    {
        sciErr = getListItemNumber(pvApiCtx, piAddr, &iItem);
        if(sciErr.iErr)
        {
            return sciErr;
        }

        sciprint("%d", iItem);
    }
    return sciErr;
}
 ]]>
        </programlisting>
    </refsection>
    <refsection>
        <title>Scilab test script</title>
        <programlisting role="code_scilab"><![CDATA[ 
l1 = [1,2*%i,3;%i,2,3*%i];
l2 = ["may","the";"puffin","be";"with","you"];
l3 = int8([1,2,3]);
l4 = uint16([1000,2000,3000]);
l5 = list(l1,l2,l3);
l = list(l1,l2,l3,l4,l5);
common_function(l(1:$))
 ]]></programlisting>
    </refsection>
</refentry>
