<?xml version="1.0" encoding="utf-8"?>
<!--
 * Scilab ( http://www.scilab.org/ ) - This file is part of Scilab
 * Copyright (C) 2009  - DIGITEO - Antoine ELIAS
 * 
 * This file must be used under the terms of the CeCILL.
 * This source file is licensed as described in the file COPYING, which
 * you should have received as part of this distribution.  The terms
 * are also available at    
 * http://www.cecill.info/licences/Licence_CeCILL_V2-en.txt
 *
 -->
<refentry version="5.0-subset Scilab" xml:id="boolean_writing_API"
          xml:lang="en" xmlns="http://docbook.org/ns/docbook"
          xmlns:xlink="http://www.w3.org/1999/xlink"
          xmlns:svg="http://www.w3.org/2000/svg"
          xmlns:ns5="http://www.w3.org/1999/xhtml"
          xmlns:mml="http://www.w3.org/1998/Math/MathML"
          xmlns:db="http://docbook.org/ns/docbook">

    <refnamediv>
        <refname>Boolean writing (Scilab gateway)</refname>

        <refpurpose>
            How to write matrices of boolean.
        </refpurpose>
    </refnamediv>
    <refsynopsisdiv>
      <title>Calling Sequence</title>
        <para>Input argument profile:</para>
        <synopsis>SciErr createMatrixOfBoolean(void* _pvCtx, int _iVar, int _iRows, int _iCols, int* _piBool)</synopsis>
        <para>Named variable profile:</para>
        <synopsis>SciErr createNamedMatrixOfBoolean(void* _pvCtx, char* _pstName, int _iRows, int _iCols, int* _piBool)</synopsis>
    </refsynopsisdiv>
    <refsection>
        <title>Parameters</title>
        <variablelist>
            <varlistentry>
                <term>_pvCtx</term>
                <listitem>
                    <para>
                        Scilab environment pointer, pass in "pvApiCtx" provided by api_scilab.h.
                    </para>
                </listitem>
            </varlistentry>
            <varlistentry>
                <term>_iVar</term>
                <listitem>
                    <para>
                        Position in the Scilab memory where you want to put the variable.
                    </para>
                </listitem>
            </varlistentry>
            <varlistentry>
                <term>_pstName</term>
                <listitem>
                    <para>
                        Name of the variable for "named" functions.
                    </para>
                </listitem>
            </varlistentry>
            <varlistentry>
                <term>_piRows</term>
                <listitem>
                    <para>
                        Return number of rows of the variable.
                    </para>
                </listitem>
            </varlistentry>
            <varlistentry>
                <term>_piCols</term>
                <listitem>
                    <para>
                        Return number of columns of the variable.
                    </para>
                </listitem>
            </varlistentry>
            <varlistentry>
                <term>_piBool</term>
                <listitem>
                    <para>
                        Return address of data array (size: _iRows * _iCols).
                    </para>
                </listitem>
            </varlistentry>
            <varlistentry>
                <term>SciErr</term>
                <listitem>
                    <para>
                        Error structure where is stored errors messages history and first error number.
                    </para>
                </listitem>
            </varlistentry>
        </variablelist>
    </refsection>
    <refsynopsisdiv>
        <refsection>
            Write directly in Scilab memory.
        </refsection>
        <title>Calling Sequence</title>
        <para>Input argument profile:</para>
        <synopsis>SciErr allocMatrixOfBoolean(void* _pvCtx, int _iVar, int _iRows, int _iCols, int** _piBool)</synopsis>
    </refsynopsisdiv>
    <refsection>
        <title>Parameters</title>
        <variablelist>
            <varlistentry>
                <term>_pvCtx</term>
                <listitem>
                    <para>
                        Scilab environment pointer, pass in "pvApiCtx" provided by api_scilab.h.
                    </para>
                </listitem>
            </varlistentry>
            <varlistentry>
                <term>_iVar</term>
                <listitem>
                    <para>
                        Position in the Scilab memory where you want to put the variable.
                    </para>
                </listitem>
            </varlistentry>
            <varlistentry>
                <term>_iRows</term>
                <listitem>
                    <para>
                        Number of rows of the new variable.
                    </para>
                </listitem>
            </varlistentry>
            <varlistentry>
                <term>_iCols</term>
                <listitem>
                    <para>
                        Numbers of columns of the new variable.
                    </para>
                </listitem>
            </varlistentry>
            <varlistentry>
                <term>_piBool</term>
                <listitem>
                    <para>
                        Returns address of real data array (size: _iCols * _iRows).
                    </para>
                </listitem>
            </varlistentry>
            <varlistentry>
                <term>SciErr</term>
                <listitem>
                    <para>
                        Error structure where is stored errors messages history and first error number.
                    </para>
                </listitem>
            </varlistentry>
        </variablelist>
    </refsection>
    <refsection>
        <title>Description</title>
        <para>This help describes how to write matrix of boolean.</para>
    </refsection>
    <refsection>
        <!--File_gateway: SCI/modules/api_scilab/tests/unit_tests/read_write_boolean_api.c-->
        <!--File_scilab: SCI/modules/api_scilab/tests/unit_tests/read_write_boolean_api.tst-->
        <!--Lib_name: read_write_boolean-->
        <!--Func_list: read_write_boolean-->
        <title>Gateway Source</title>
        <programlisting role="code_gateway">
            <![CDATA[ 
int read_write_boolean(char *fname,unsigned long fname_len)
{
    SciErr sciErr;
    int i;
    //first variable info : real matrix of double
    int iRows					= 0;
    int iCols					= 0;
    int *piAddr				= NULL;
    int* piBool				= NULL;

    //check input and output arguments
    CheckRhs(1,1);
    CheckLhs(1,1);


    //get variable address of the first input argument
    sciErr = getVarAddressFromPosition(pvApiCtx, 1, &piAddr);
    if(sciErr.iErr)
    {
        printError(&sciErr, 0);
        return 0;
    }

    //get size and data from Scilab memory
    sciErr = getMatrixOfBoolean(pvApiCtx, piAddr, &iRows, &iCols, &piBool);
    if(sciErr.iErr)
    {
        printError(&sciErr, 0);
        return 0;
    }

    //Do something with data
    for(i = 0 ; i < iRows * iCols ; i++)
    {
        piBool[i] = piBool[i] == 0 ? 1 : 0;
    }

    sciErr = createMatrixOfBoolean(pvApiCtx, Rhs + 1, iRows, iCols, piBool);
    if(sciErr.iErr)
    {
        printError(&sciErr, 0);
        return 0;
    }

    LhsVar(1) = Rhs + 1;
    return 0;
}
 ]]></programlisting>
    </refsection>

    <refsection>
        <title>Scilab test script</title>
        <programlisting role="code_scilab">
            <![CDATA[ 
a = [%t, %f, %t ; %f, %t, %f ; %t, %f, %t];
a_ref = [%f, %t, %f ; %t, %f, %t ; %f, %t, %f];
b = read_write_boolean(a);

if or(b <> a_ref) then error("failed"), end
 ]]></programlisting>
    </refsection>
</refentry>
