<?xml version="1.0" encoding="UTF-8"?>
<!--
 * Scilab ( http://www.scilab.org/ ) - This file is part of Scilab
 * Copyright (C) DIGITEO - Pierre MARECHAL <pierre.marechal@scilab.org>
 * 
 * This file must be used under the terms of the CeCILL.
 * This source file is licensed as described in the file COPYING, which
 * you should have received as part of this distribution.  The terms
 * are also available at    
 * http://www.cecill.info/licences/Licence_CeCILL_V2-en.txt
 *
 -->
<refentry xmlns="http://docbook.org/ns/docbook" xmlns:xlink="http://www.w3.org/1999/xlink" xmlns:svg="http://www.w3.org/2000/svg" xmlns:ns4="http://www.w3.org/1999/xhtml" xmlns:mml="http://www.w3.org/1998/Math/MathML" xmlns:db="http://docbook.org/ns/docbook" xmlns:scilab="http://www.scilab.org" xml:id="atomsGetInstalled" xml:lang="en">
    <refnamediv>
        <refname>atomsGetInstalled</refname>
        <refpurpose>Get the list of installed external modules</refpurpose>
    </refnamediv>
    <!-- ===================================================================== -->
    <!-- Calling Sequence -->
    <!-- ===================================================================== -->
    <refsynopsisdiv>
        <title>Calling Sequence</title>
        <synopsis>
            installed = atomsGetInstalled(section)
        </synopsis>
    </refsynopsisdiv>
    <!-- ===================================================================== -->
    <!-- Parameters -->
    <!-- ===================================================================== -->
    <refsection>
        <title>Arguments</title>
        <variablelist>
            <varlistentry>
                <term>installed</term>
                <listitem>
                    <para>5xn String matrix :</para>
                    <itemizedlist>
                        <listitem>
                            <para>
                                <literal>1st column</literal> : External module's technical name
                            </para>
                        </listitem>
                        <listitem>
                            <para>
                                <literal>2nd column</literal> : External module's version
                            </para>
                        </listitem>
                        <listitem>
                            <para>
                                <literal>3rd column</literal> : allusers/user, this parameter tell if
                                the external module has been installed for all users or only for the
                                current user.
                            </para>
                        </listitem>
                        <listitem>
                            <para>
                                <literal>4th column</literal> : External module's installation path
                            </para>
                        </listitem>
                        <listitem>
                            <para>
                                <literal>5th column</literal> : I/A, this parameter tell if
                                the external module has been automatically or intentionnaly installed.
                            </para>
                        </listitem>
                    </itemizedlist>
                </listitem>
            </varlistentry>
            <varlistentry>
                <term>section</term>
                <listitem>
                    <para>
                        This argument filter the output list.
                    </para>
                    <para>
                        <literal>section</literal> is a single-string and its value should be :
                    </para>
                    <itemizedlist>
                        <listitem>
                            <para>
                                <literal>"all"</literal>: atomsGetInstalled() lists external
                                modules installed in both "user" and "allusers" sections.
                            </para>
                        </listitem>
                        <listitem>
                            <para>
                                <literal>"allusers"</literal>: atomsGetInstalled() only lists
                                external modules	installed in the "allusers" section.
                            </para>
                        </listitem>
                        <listitem>
                            <para>
                                <literal>"user"</literal>: atomsGetInstalled() only lists
                                external modules	installed in the "user" section.
                            </para>
                        </listitem>
                    </itemizedlist>
                    <para>
                        The default value is "all".
                    </para>
                </listitem>
            </varlistentry>
        </variablelist>
    </refsection>
    <!-- ===================================================================== -->
    <!-- Description -->
    <!-- ===================================================================== -->
    <refsection>
        <title>Description</title>
        <para>
            <literal>atomsGetInstalled</literal> returns the list of installed external modules
        </para>
    </refsection>
    <!-- ===================================================================== -->
    <!-- Examples -->
    <!-- ===================================================================== -->
    <refsection>
        <title>Examples</title>
        <programlisting role="example"><![CDATA[ 
atomsSetConfig("Verbose","True");
atomsRepositoryAdd("http://scene1.test.atoms.scilab.org");
atomsInstall("toolbox_5");
atomsGetInstalled();
atomsRemove("toolbox_5");
 ]]></programlisting>
    </refsection>
    <!-- ===================================================================== -->
    <!-- See also -->
    <!-- ===================================================================== -->
    <refsection role="see also">
        <title>See Also</title>
        <simplelist type="inline">
            <member>
                <link linkend="atomsInstall">atomsInstall</link>
            </member>
            <member>
                <link linkend="atomsIsInstalled">atomsIsInstalled</link>
            </member>
        </simplelist>
    </refsection>
    <!-- ===================================================================== -->
    <!-- Authors -->
    <!-- ===================================================================== -->
</refentry>
