<?xml version="1.0" encoding="UTF-8"?>
<!--
 * Scilab ( http://www.scilab.org/ ) - This file is part of Scilab
 * Copyright (C) INRIA - 
 * 
 * This file must be used under the terms of the CeCILL.
 * This source file is licensed as described in the file COPYING, which
 * you should have received as part of this distribution.  The terms
 * are also available at    
 * http://www.cecill.info/licences/Licence_CeCILL_V2-en.txt
 *
 -->
<refentry xmlns="http://docbook.org/ns/docbook" xmlns:xlink="http://www.w3.org/1999/xlink" xmlns:svg="http://www.w3.org/2000/svg" xmlns:mml="http://www.w3.org/1998/Math/MathML" xmlns:db="http://docbook.org/ns/docbook" version="5.0-subset Scilab" xml:lang="ja" xml:id="bstap">
  <info>
    <pubdate>$LastChangedDate$</pubdate>
  </info>
  <refnamediv>
    <refname>bstap</refname>
    <refpurpose>ハンケル近似</refpurpose>
  </refnamediv>
  <refsynopsisdiv>
    <title>呼び出し手順</title>
    <synopsis>[Q]=bstap(Sl)</synopsis>
  </refsynopsisdiv>
  <refsection>
    <title>パラメータ</title>
    <variablelist>
      <varlistentry>
        <term>sl</term>
        <listitem>
          <para>
	線形システム (<literal>syslin</literal> リスト)で,
	連続時間,非安定と仮定されます.</para>
        </listitem>
      </varlistentry>
      <varlistentry>
        <term>Q</term>
        <listitem>
          <para><literal>Sl</literal>の最良の安定近似 (<literal>syslin</literal> リスト).</para>
        </listitem>
      </varlistentry>
    </variablelist>
  </refsection>
  <refsection>
    <title>説明</title>
    <para>
	線形システム<literal>Sl</literal>の最良の近似<literal>Q</literal>を
	計算します.</para>
    <para>
    ただし,</para>
    <para>
    ||T||</para>
    <para>
    は,<literal>Sl</literal>に関連するハンケル演算子のH無限大ノルムです.</para>
  </refsection>
  <refsection role="see also">
    <title>参照</title>
    <simplelist type="inline">
      <member>
        <link linkend="syslin">syslin</link>
      </member>
    </simplelist>
  </refsection>
</refentry>
