<?xml version="1.0" encoding="UTF-8"?>
<!--
 * Scilab ( http://www.scilab.org/ ) - This file is part of Scilab
 * Copyright (C) INRIA - P. Gahinet
 * 
 * This file must be used under the terms of the CeCILL.
 * This source file is licensed as described in the file COPYING, which
 * you should have received as part of this distribution.  The terms
 * are also available at    
 * http://www.cecill.info/licences/Licence_CeCILL_V2-en.txt
 *
 -->
<refentry xmlns="http://docbook.org/ns/docbook" xmlns:xlink="http://www.w3.org/1999/xlink" xmlns:svg="http://www.w3.org/2000/svg" xmlns:mml="http://www.w3.org/1998/Math/MathML" xmlns:db="http://docbook.org/ns/docbook" version="5.0-subset Scilab" xml:lang="ja" xml:id="ccontrg">
  <info>
    <pubdate>$LastChangedDate$</pubdate>
  </info>
  <refnamediv>
    <refname>ccontrg</refname>
    <refpurpose>H無限大コントローラの中央解</refpurpose>
  </refnamediv>
  <refsynopsisdiv>
    <title>呼び出し手順</title>
    <synopsis>[K]=ccontrg(P,r,gamma);</synopsis>
  </refsynopsisdiv>
  <refsection>
    <title>パラメータ</title>
    <variablelist>
      <varlistentry>
        <term>P</term>
        <listitem>
          <para> <literal>syslin</literal> リスト (状態空間表現の線形システム)</para>
        </listitem>
      </varlistentry>
      <varlistentry>
        <term>r</term>
        <listitem>
          <para>1x2 行ベクトル, <literal>P</literal>の2,2 区域の次元</para>
        </listitem>
      </varlistentry>
      <varlistentry>
        <term>gamma</term>
        <listitem>
          <para>実数</para>
        </listitem>
      </varlistentry>
    </variablelist>
  </refsection>
  <refsection>
    <title>説明</title>
    <para>
	状態空間形式の一般標準問題の中央解であるコントローラの実現 <literal>K</literal> 
	を返します.</para>
    <para>
	gamma &gt; gopt (<literal>gamitg</literal>の出力)が必要なことに注意してください 
    </para>
    <para>
    P は,以下のようなプラント実現のパラメータ <literal>(A,B,C,D)</literal>
	(<literal>syslin</literal> リスト)を有します.</para>
    <programlisting role = ""><![CDATA[ 
B = ( B1 , B2 ) ,        C= ( C1 ) ,    D = ( D11  D12)
                            ( C2 )          ( D21  D22)
 ]]></programlisting>
    <para><literal>r(1)</literal> および <literal>r(2)</literal> は,
	<literal>D22</literal> の次元(行 x 列)です.</para>
  </refsection>
  <refsection role="see also">
    <title>参照</title>
    <simplelist type="inline">
      <member>
        <link linkend="gamitg">gamitg</link>
      </member>
      <member>
        <link linkend="h_inf">h_inf</link>
      </member>
    </simplelist>
  </refsection>
  <refsection>
    <title>作者</title>
    <para>P. Gahinet (INRIA);   </para>
  </refsection>
</refentry>
