<?xml version="1.0" encoding="UTF-8"?>
<!--
 * Scilab ( http://www.scilab.org/ ) - This file is part of Scilab
 * Copyright (C) INRIA - 
 * 
 * This file must be used under the terms of the CeCILL.
 * This source file is licensed as described in the file COPYING, which
 * you should have received as part of this distribution.  The terms
 * are also available at    
 * http://www.cecill.info/licences/Licence_CeCILL_V2-en.txt
 *
 -->
<refentry xmlns="http://docbook.org/ns/docbook" xmlns:xlink="http://www.w3.org/1999/xlink" xmlns:svg="http://www.w3.org/2000/svg" xmlns:mml="http://www.w3.org/1998/Math/MathML" xmlns:db="http://docbook.org/ns/docbook" version="5.0-subset Scilab" xml:lang="ja" xml:id="cls2dls">
  <info>
    <pubdate>$LastChangedDate$</pubdate>
  </info>
  <refnamediv>
    <refname>cls2dls</refname>
    <refpurpose>双線形変換</refpurpose>
  </refnamediv>
  <refsynopsisdiv>
    <title>呼び出し手順</title>
    <synopsis>[sl1]=cls2dls(sl,T [,fp])</synopsis>
  </refsynopsisdiv>
  <refsection>
    <title>パラメータ</title>
    <variablelist>
      <varlistentry>
        <term>sl,sl1</term>
        <listitem>
          <para>線形システム (<literal>syslin</literal> リスト)</para>
        </listitem>
      </varlistentry>
      <varlistentry>
        <term>T</term>
        <listitem>
          <para>実数, サンプリング周期</para>
        </listitem>
      </varlistentry>
      <varlistentry>
        <term>fp</term>
        <listitem>
          <para>プリワープ周波数 (単位: Hz) </para>
        </listitem>
      </varlistentry>
    </variablelist>
  </refsection>
  <refsection>
    <title>説明</title>
    <para>
    <literal>sl=[A,B,C,D]</literal> (<literal>syslin</literal> リスト),
	連続時間システム
    <literal>cls2dls</literal> は双線形変換<literal>s=(2/T)*(z-1)/(z+1)</literal>
	により得られたサンプル値システムを返します.</para>
  </refsection>
  <refsection>
    <title>例</title>
    <programlisting role="example"><![CDATA[ 
s=poly(0,'s');z=poly(0,'z');
sl=syslin('c',(s+1)/(s^2-5*s+2));  //Continuous-time system in transfer form
slss=tf2ss(sl);  //Now in state-space form
sl1=cls2dls(slss,0.2);  //sl1= output of cls2dls
sl1t=ss2tf(sl1) // Converts in transfer form
sl2=horner(sl,(2/0.2)*(z-1)/(z+1))   //Compare sl2 and sl1
 ]]></programlisting>
  </refsection>
  <refsection role="see also">
    <title>参照</title>
    <simplelist type="inline">
      <member>
        <link linkend="horner">horner</link>
      </member>
    </simplelist>
  </refsection>
</refentry>
