<?xml version="1.0" encoding="UTF-8"?>
<!--
 * Scilab ( http://www.scilab.org/ ) - This file is part of Scilab
 * Copyright (C) INRIA - 
 * 
 * This file must be used under the terms of the CeCILL.
 * This source file is licensed as described in the file COPYING, which
 * you should have received as part of this distribution.  The terms
 * are also available at    
 * http://www.cecill.info/licences/Licence_CeCILL_V2-en.txt
 *
 -->
<refentry xmlns="http://docbook.org/ns/docbook" xmlns:xlink="http://www.w3.org/1999/xlink" xmlns:svg="http://www.w3.org/2000/svg" xmlns:mml="http://www.w3.org/1998/Math/MathML" xmlns:db="http://docbook.org/ns/docbook" version="5.0-subset Scilab" xml:lang="ja" xml:id="colinout">
  <info>
    <pubdate>$LastChangedDate$</pubdate>
  </info>
  <refnamediv>
    <refname>colinout</refname>
    <refpurpose>インナアウタ分解</refpurpose>
  </refnamediv>
  <refsynopsisdiv>
    <title>呼び出し手順</title>
    <synopsis>[Inn,X,Gbar]=colinout(G)</synopsis>
  </refsynopsisdiv>
  <refsection>
    <title>パラメータ</title>
    <variablelist>
      <varlistentry>
        <term>G</term>
        <listitem>
          <para>線形システム (<literal>syslin</literal> リスト) <literal>[A,B,C,D]</literal></para>
        </listitem>
      </varlistentry>
      <varlistentry>
        <term>Inn</term>
        <listitem>
          <para> インナファクタ (<literal>syslin</literal> リスト)</para>
        </listitem>
      </varlistentry>
      <varlistentry>
        <term>Gbar</term>
        <listitem>
          <para> アウタファクタ (<literal>syslin</literal> リスト)</para>
        </listitem>
      </varlistentry>
      <varlistentry>
        <term>X</term>
        <listitem>
          <para> <literal>G</literal> の行圧縮(<literal>syslin</literal> リスト)</para>
        </listitem>
      </varlistentry>
    </variablelist>
  </refsection>
  <refsection>
    <title>説明</title>
    <para>
	l x p (l&lt;=p)の<literal>G =[A,B,C,D]</literal>のインナアウタ分解(及び列圧縮).
	</para>
    <para><literal>G</literal> は虚軸上にゼロを有さない
	横長(<literal>l&lt;=p</literal>)で,
	<literal>D</literal> 行列が列フルランクであると仮定します.</para>
    <para>
	<literal>Gbar</literal>が安定であるために,
	<literal>G</literal> も安定である必要があります.
	</para>
    <para>
    <literal>rowinout</literal>の双対です.</para>
  </refsection>
  <refsection role="see also">
    <title>参照</title>
    <simplelist type="inline">
      <member>
        <link linkend="syslin">syslin</link>
      </member>
      <member>
        <link linkend="rowinout">rowinout</link>
      </member>
    </simplelist>
  </refsection>
</refentry>
