<?xml version="1.0" encoding="ISO-8859-1" standalone="no"?>
<!DOCTYPE MAN SYSTEM "../../manrev.dtd">
<MAN>
  <LANGUAGE>eng</LANGUAGE>
  <TITLE>acosh</TITLE>
  <TYPE>Scilab Function</TYPE>
  <DATE>April 1993</DATE>
  <SHORT_DESCRIPTION name="acosh"> hyperbolic cosine inverse</SHORT_DESCRIPTION>
  <CALLING_SEQUENCE>
    <CALLING_SEQUENCE_ITEM>[t]=acosh(x)  </CALLING_SEQUENCE_ITEM>
  </CALLING_SEQUENCE>
  <PARAM>
    <PARAM_INDENT>
      <PARAM_ITEM>
        <PARAM_NAME>x</PARAM_NAME>
        <PARAM_DESCRIPTION>
          <SP>: real or complex vector</SP>
        </PARAM_DESCRIPTION>
      </PARAM_ITEM>
      <PARAM_ITEM>
        <PARAM_NAME>t</PARAM_NAME>
        <PARAM_DESCRIPTION>
          <SP>: real or complex vector</SP>
        </PARAM_DESCRIPTION>
      </PARAM_ITEM>
    </PARAM_INDENT>
  </PARAM>
  <DESCRIPTION>
    <P>
    the components of vector <VERB>t</VERB> are the ArgCosh of the 
    corresponding entries of vector <VERB>x</VERB>.
    Definition domain is ]1,+infinity[.
    It takes his values in</P>
  </DESCRIPTION>
  <EXAMPLE>
<![CDATA[
x=[0,1,%i];
cosh(acosh(x))
 ]]>
  </EXAMPLE>
</MAN>
