<?xml version="1.0" encoding="ISO-8859-1" standalone="no"?>
<!DOCTYPE MAN SYSTEM "../../manrev.dtd">
<MAN>
  <LANGUAGE>eng</LANGUAGE>
  <TITLE>asinh</TITLE>
  <TYPE>Scilab Function</TYPE>
  <DATE>April 1993</DATE>
  <SHORT_DESCRIPTION name="asinh"> hyperbolic sine inverse</SHORT_DESCRIPTION>
  <CALLING_SEQUENCE>
    <CALLING_SEQUENCE_ITEM>[t]=asinh(x)  </CALLING_SEQUENCE_ITEM>
  </CALLING_SEQUENCE>
  <PARAM>
    <PARAM_INDENT>
      <PARAM_ITEM>
        <PARAM_NAME>x</PARAM_NAME>
        <PARAM_DESCRIPTION>
          <SP>: real or complex vector/matrix</SP>
        </PARAM_DESCRIPTION>
      </PARAM_ITEM>
      <PARAM_ITEM>
        <PARAM_NAME>t</PARAM_NAME>
        <PARAM_DESCRIPTION>
          <SP>: real or complex vector/matrix</SP>
        </PARAM_DESCRIPTION>
      </PARAM_ITEM>
    </PARAM_INDENT>
  </PARAM>
  <DESCRIPTION>
    <P>
    The entries of <VERB>t</VERB> are the hyperbolic sine inverse of the 
    corresponding entries of <VERB>x</VERB>.
    Definition domain is ]-1,i[
    It takes his values in sets</P>
  </DESCRIPTION>
  <EXAMPLE>
<![CDATA[
A=[1,2;2,3]
sinh(asinh(A))
 ]]>
  </EXAMPLE>
</MAN>
