<?xml version="1.0" encoding="ISO-8859-1" standalone="no"?>
<!DOCTYPE MAN SYSTEM "../../manrev.dtd">
<MAN>
  <LANGUAGE>eng</LANGUAGE>
  <TITLE>asinhm</TITLE>
  <TYPE>Scilab Function</TYPE>
  <DATE>April 1993</DATE>
  <SHORT_DESCRIPTION name="asinhm"> matrix hyperbolic inverse sine</SHORT_DESCRIPTION>
  <CALLING_SEQUENCE>
    <CALLING_SEQUENCE_ITEM>t=asinhm(x)  </CALLING_SEQUENCE_ITEM>
  </CALLING_SEQUENCE>
  <PARAM>
    <PARAM_INDENT>
      <PARAM_ITEM>
        <PARAM_NAME>x,t</PARAM_NAME>
        <PARAM_DESCRIPTION>
          <SP>: real or complex square matrix</SP>
        </PARAM_DESCRIPTION>
      </PARAM_ITEM>
    </PARAM_INDENT>
  </PARAM>
  <DESCRIPTION>
    <P>
    asinhm is the matrix hyperbolic  inverse sine  of the matrix x.
    Uses the formula <VERB>t=logm(x+sqrtm(x*x+eye()))</VERB>.
    Results may be not reliable for non-symmetric matrix.</P>
  </DESCRIPTION>
  <EXAMPLE>
<![CDATA[
A=[1,2;2,3]
sinhm(asinhm(A))
 ]]>
  </EXAMPLE>
  <SEE_ALSO>
    <SEE_ALSO_ITEM>
      <LINK>asinh</LINK>
    </SEE_ALSO_ITEM>
    <SEE_ALSO_ITEM>
      <LINK>logm</LINK>
    </SEE_ALSO_ITEM>
    <SEE_ALSO_ITEM>
      <LINK>sqrtm</LINK>
    </SEE_ALSO_ITEM>
  </SEE_ALSO>
</MAN>
