<?xml version="1.0" encoding="ISO-8859-1" standalone="no"?>
<!DOCTYPE MAN SYSTEM "../../manrev.dtd">
<MAN>
  <LANGUAGE>eng</LANGUAGE>
  <TITLE>cotg</TITLE>
  <TYPE>Scilab Function</TYPE>
  <DATE>April 1993</DATE>
  <SHORT_DESCRIPTION name="cotg"> cotangent</SHORT_DESCRIPTION>
  <CALLING_SEQUENCE>
    <CALLING_SEQUENCE_ITEM>[t]=cotg(x)  </CALLING_SEQUENCE_ITEM>
  </CALLING_SEQUENCE>
  <PARAM>
    <PARAM_INDENT>
      <PARAM_ITEM>
        <PARAM_NAME>x,t</PARAM_NAME>
        <PARAM_DESCRIPTION>
          <SP>: real or complex vectors/matrices</SP>
        </PARAM_DESCRIPTION>
      </PARAM_ITEM>
    </PARAM_INDENT>
  </PARAM>
  <DESCRIPTION>
    <P>
    The  elements  of  <VERB>t</VERB> are  the  cotangents
    of  the corresponding entries of <VERB>x</VERB>.
    <VERB>t=cos(x)./sin(x)</VERB></P>
  </DESCRIPTION>
  <EXAMPLE>
<![CDATA[
x=[1,%i];
cotg(x)-cos(x)./sin(x)
 ]]>
  </EXAMPLE>
  <SEE_ALSO>
    <SEE_ALSO_ITEM>
      <LINK>tan</LINK>
    </SEE_ALSO_ITEM>
  </SEE_ALSO>
</MAN>
