<?xml version="1.0" encoding="ISO-8859-1" standalone="no"?>
<!DOCTYPE MAN SYSTEM "../../manrev.dtd">
<MAN>
  <LANGUAGE>eng</LANGUAGE>
  <TITLE>erfcx</TITLE>
  <TYPE>Scilab Function</TYPE>
  <DATE>December 1994</DATE>
  <SHORT_DESCRIPTION name="erfcx">  scaled complementary error function.  </SHORT_DESCRIPTION>
  <CALLING_SEQUENCE>
    <CALLING_SEQUENCE_ITEM> y = erfcx(x)  </CALLING_SEQUENCE_ITEM>
  </CALLING_SEQUENCE>
  <PARAM>
    <PARAM_INDENT>
      <PARAM_ITEM>
        <PARAM_NAME>x</PARAM_NAME>
        <PARAM_DESCRIPTION>
          <SP>: real vector or matrix</SP>
        </PARAM_DESCRIPTION>
      </PARAM_ITEM>
      <PARAM_ITEM>
        <PARAM_NAME>y</PARAM_NAME>
        <PARAM_DESCRIPTION>
          <SP>: real vector or matrix (of same size than x)</SP>
        </PARAM_DESCRIPTION>
      </PARAM_ITEM>
    </PARAM_INDENT>
  </PARAM>
  <DESCRIPTION>
    <P><VERB>erfcx</VERB> computes the  scaled complementary error function:</P>
    <VERBATIM>
<![CDATA[
              2                
     y = exp(x ) * erfc(x)

                1
     y  -->  ---------    when x --> +oo
             x sqrt(pi) 
   ]]>
    </VERBATIM>
  </DESCRIPTION>
  <SEE_ALSO>
    <SEE_ALSO_ITEM>
      <LINK>erf</LINK>
    </SEE_ALSO_ITEM>
    <SEE_ALSO_ITEM>
      <LINK>erfc</LINK>
    </SEE_ALSO_ITEM>
    <SEE_ALSO_ITEM>
      <LINK>calerf</LINK>
    </SEE_ALSO_ITEM>
  </SEE_ALSO>
  <AUTHOR>W. J. Cody (code from Netlib (specfun))</AUTHOR>
</MAN>
