<?xml version="1.0" encoding="ISO-8859-1" standalone="no"?>
<!DOCTYPE MAN SYSTEM "../../manrev.dtd">
<MAN>
  <LANGUAGE>eng</LANGUAGE>
  <TITLE>eye</TITLE>
  <TYPE>Scilab Function</TYPE>
  <DATE>April 1993</DATE>
  <SHORT_DESCRIPTION name="eye"> identity matrix</SHORT_DESCRIPTION>
  <CALLING_SEQUENCE>
    <CALLING_SEQUENCE_ITEM>X=eye(m,n)  </CALLING_SEQUENCE_ITEM>
    <CALLING_SEQUENCE_ITEM>X=eye(A)  </CALLING_SEQUENCE_ITEM>
    <CALLING_SEQUENCE_ITEM>X=eye()  </CALLING_SEQUENCE_ITEM>
  </CALLING_SEQUENCE>
  <PARAM>
    <PARAM_INDENT>
      <PARAM_ITEM>
        <PARAM_NAME>A,X</PARAM_NAME>
        <PARAM_DESCRIPTION>
          <SP>: matrices or <VERB>syslin</VERB> lists</SP>
        </PARAM_DESCRIPTION>
      </PARAM_ITEM>
      <PARAM_ITEM>
        <PARAM_NAME>m,n</PARAM_NAME>
        <PARAM_DESCRIPTION>
          <SP>: integers</SP>
        </PARAM_DESCRIPTION>
      </PARAM_ITEM>
    </PARAM_INDENT>
  </PARAM>
  <DESCRIPTION>
    <P>
    according to its arguments defines an <VERB>m</VERB>x<VERB>n</VERB> matrix with 1 along the 
    main diagonal or an identity matrix of the same dimension as <VERB>A</VERB> .</P>
    <P>
    Caution: <VERB>eye(10)</VERB> is interpreted as <VERB>eye(A)</VERB> with <VERB>A=10</VERB> i.e. <VERB>1</VERB>.
    (It is NOT a ten by ten identity matrix!).</P>
    <P>
    If <VERB>A</VERB> is a linear system represented by a <VERB>syslin</VERB> list, <VERB>eye(A)</VERB>
    returns an <VERB>eye</VERB> matrix of appropriate dimension: 
    (number of outputs x number of inputs).</P>
    <P><VERB>eye()</VERB> produces a identity matrix with undefined
    dimensions. Dimensions will be defined when this identity matrix is
    added to a mtrix with fixed dimensions.</P>
  </DESCRIPTION>
  <EXAMPLE>
<![CDATA[
eye(2,3)
A=rand(2,3);eye(A)
s=poly(0,'s');A=[s,1;s,s+1];eye(A)
A=[1/s,1;s,2];eye(A);
A=ssrand(2,2,3);eye(A)
[1 2;3 4]+2*eye()
 ]]>
  </EXAMPLE>
  <SEE_ALSO>
    <SEE_ALSO_ITEM>
      <LINK>ones</LINK>
    </SEE_ALSO_ITEM>
    <SEE_ALSO_ITEM>
      <LINK>zeros</LINK>
    </SEE_ALSO_ITEM>
  </SEE_ALSO>
</MAN>
