<?xml version="1.0" encoding="ISO-8859-1" standalone="no"?>
<!DOCTYPE MAN SYSTEM "../../manrev.dtd">
<MAN>
  <LANGUAGE>eng</LANGUAGE>
  <TITLE>frexp</TITLE>
  <TYPE>Scilab Function</TYPE>
  <DATE>Jan 2000</DATE>
  <SHORT_DESCRIPTION name="frexp"> dissect floating-point numbers into base 2 exponent and mantissa</SHORT_DESCRIPTION>
  <CALLING_SEQUENCE>
    <CALLING_SEQUENCE_ITEM>[f,e]=frexp(x)  </CALLING_SEQUENCE_ITEM>
  </CALLING_SEQUENCE>
  <PARAM>
    <PARAM_INDENT>
      <PARAM_ITEM>
        <PARAM_NAME>x</PARAM_NAME>
        <PARAM_DESCRIPTION>
          <SP>: real vector or matrix</SP>
        </PARAM_DESCRIPTION>
      </PARAM_ITEM>
      <PARAM_ITEM>
        <PARAM_NAME>f</PARAM_NAME>
        <PARAM_DESCRIPTION>
          <SP>: array of real values, usually in the range 0.5 &lt;= abs(f) &lt; 1.</SP>
        </PARAM_DESCRIPTION>
      </PARAM_ITEM>
      <PARAM_ITEM>
        <PARAM_NAME>e</PARAM_NAME>
        <PARAM_DESCRIPTION>
          <SP>: array of integers that satisfy the equation: <VERB>x = f.*2.^e</VERB></SP>
        </PARAM_DESCRIPTION>
      </PARAM_ITEM>
    </PARAM_INDENT>
  </PARAM>
  <DESCRIPTION>
    <P>
    This function corresponds to the ANSI C function frexp(). Any zeros in <VERB>x</VERB> produce
    <VERB>f=0</VERB> and <VERB>e=0</VERB>.</P>
  </DESCRIPTION>
  <EXAMPLE>
<![CDATA[
[f,e]=frexp([1,%pi,-3,%eps])
 ]]>
  </EXAMPLE>
  <SEE_ALSO>
    <SEE_ALSO_ITEM>
      <LINK>log</LINK>
    </SEE_ALSO_ITEM>
    <SEE_ALSO_ITEM>
      <LINK>hat</LINK>
    </SEE_ALSO_ITEM>
    <SEE_ALSO_ITEM>
      <LINK>ieee</LINK>
    </SEE_ALSO_ITEM>
    <SEE_ALSO_ITEM>
      <LINK>log2</LINK>
    </SEE_ALSO_ITEM>
  </SEE_ALSO>
</MAN>
