<?xml version="1.0" encoding="ISO-8859-1" standalone="no"?>
<!DOCTYPE MAN SYSTEM "../../manrev.dtd">
<MAN>
  <LANGUAGE>eng</LANGUAGE>
  <TITLE>isdef</TITLE>
  <TYPE>Scilab Function</TYPE>
  <DATE>April 1993</DATE>
  <SHORT_DESCRIPTION name="isdef"> check variable  existence</SHORT_DESCRIPTION>
  <CALLING_SEQUENCE>
    <CALLING_SEQUENCE_ITEM>isdef(name [,where])  </CALLING_SEQUENCE_ITEM>
  </CALLING_SEQUENCE>
  <PARAM>
    <PARAM_INDENT>
      <PARAM_ITEM>
        <PARAM_NAME>name</PARAM_NAME>
        <PARAM_DESCRIPTION>
          <SP>: a character string</SP>
        </PARAM_DESCRIPTION>
      </PARAM_ITEM>
      <PARAM_ITEM>
        <PARAM_NAME>where</PARAM_NAME>
        <PARAM_DESCRIPTION>
          <SP>: an optional character string with default value 'all'</SP>
        </PARAM_DESCRIPTION>
      </PARAM_ITEM>
    </PARAM_INDENT>
  </PARAM>
  <DESCRIPTION>
    <P><VERB>isdef(name)</VERB> returns <VERB>%T</VERB> if the variable <VERB>'var-name'</VERB> exists 
    and <VERB>%F</VERB> otherwise.</P>
    <P><VERB>isdef(name,'local')</VERB> returns <VERB>%T</VERB> if the variable <VERB>'var-name'</VERB> exists 
    in the
      local environment of the current function and <VERB>%F</VERB> otherwise.</P>
  </DESCRIPTION>
  <EXAMPLE>
<![CDATA[
A=1;
isdef('A')
clear A
isdef('A')
 ]]>
  </EXAMPLE>
  <SEE_ALSO>
    <SEE_ALSO_ITEM>
      <LINK>exists</LINK>
    </SEE_ALSO_ITEM>
    <SEE_ALSO_ITEM>
      <LINK>whereis</LINK>
    </SEE_ALSO_ITEM>
    <SEE_ALSO_ITEM>
      <LINK>type</LINK>
    </SEE_ALSO_ITEM>
    <SEE_ALSO_ITEM>
      <LINK>typeof</LINK>
    </SEE_ALSO_ITEM>
    <SEE_ALSO_ITEM>
      <LINK>clear</LINK>
    </SEE_ALSO_ITEM>
  </SEE_ALSO>
</MAN>
