<?xml version="1.0" encoding="ISO-8859-1" standalone="no"?>
<!DOCTYPE MAN SYSTEM "../../manrev.dtd">
<MAN>
  <LANGUAGE>eng</LANGUAGE>
  <TITLE>nextpow2</TITLE>
  <TYPE>Scilab Function</TYPE>
  <DATE>2002</DATE>
  <SHORT_DESCRIPTION name="nextpow2"> next higher power of 2.  </SHORT_DESCRIPTION>
  <CALLING_SEQUENCE>
    <CALLING_SEQUENCE_ITEM>t=nextpow2(x)  </CALLING_SEQUENCE_ITEM>
  </CALLING_SEQUENCE>
  <PARAM>
    <PARAM_INDENT>
      <PARAM_ITEM>
        <PARAM_NAME>x</PARAM_NAME>
        <PARAM_DESCRIPTION>
          <SP>: real  vector or matrix</SP>
        </PARAM_DESCRIPTION>
      </PARAM_ITEM>
      <PARAM_ITEM>
        <PARAM_NAME>p</PARAM_NAME>
        <PARAM_DESCRIPTION>
          <SP>: integer vector or matrix</SP>
        </PARAM_DESCRIPTION>
      </PARAM_ITEM>
    </PARAM_INDENT>
  </PARAM>
  <DESCRIPTION>
    <P>
    If <VERB>x</VERB> is a scalar,
    <VERB>nextpow2(x)</VERB> returns the first <VERB>p</VERB> such that  <VERB>2^p &gt;= abs(x)</VERB>  .
    if <VERB>x</VERB> is a vector or a matrix <VERB>nextpow2(x)</VERB> applies element-wise.</P>
  </DESCRIPTION>
  <EXAMPLE>
<![CDATA[
nextpow2(127)
nextpow2(128)
nextpow2(0:10)
 ]]>
  </EXAMPLE>
  <SEE_ALSO>
    <SEE_ALSO_ITEM>
      <LINK>frexp</LINK>
    </SEE_ALSO_ITEM>
  </SEE_ALSO>
</MAN>
