<?xml version="1.0" encoding="UTF-8"?>
<!DOCTYPE MAN SYSTEM "../../manrev.dtd">
<MAN>
  <LANGUAGE>eng</LANGUAGE>

  <TITLE>perms</TITLE>

  <TYPE>Scilab Function</TYPE>

  <DATE>2006</DATE>

  <SHORT_DESCRIPTION name="perms">returns all permutations of a vector
  components</SHORT_DESCRIPTION>

  <CALLING_SEQUENCE>
    <CALLING_SEQUENCE_ITEM>y=perms(x)</CALLING_SEQUENCE_ITEM>
  </CALLING_SEQUENCE>

  <PARAM>
    <PARAM_INDENT>
      <PARAM_ITEM>
        <PARAM_NAME>x</PARAM_NAME>

        <PARAM_DESCRIPTION>
          <SP>: a scalar or a vector.</SP>
        </PARAM_DESCRIPTION>
      </PARAM_ITEM>

      <PARAM_ITEM>
        <PARAM_NAME>y</PARAM_NAME>

        <PARAM_DESCRIPTION>
          <SP>: a scalar or a matrix.</SP>
        </PARAM_DESCRIPTION>
      </PARAM_ITEM>
    </PARAM_INDENT>
  </PARAM>

  <DESCRIPTION>
    <P>Given a vector <VERB>x</VERB> of length <VERB>n</VERB>,the function
    <VERB>perms</VERB> returns all the permutations of <VERB>x</VERB>. The
    size of<VERB> y</VERB> is <VERB>n!</VERB> x <VERB>n</VERB>.</P>
  </DESCRIPTION>

  <EXAMPLE><![CDATA[// example 1:
x=[4 7 10];
y=perms(x)

// example 2:
x=[1 5 2 5];
y=perms(x)]]></EXAMPLE>

  <SEE_ALSO>
    <SEE_ALSO_ITEM>
      <LINK>permute</LINK>
    </SEE_ALSO_ITEM>
  </SEE_ALSO>

  <AUTHOR>Farid Belahcene</AUTHOR>
</MAN>