<?xml version="1.0" encoding="ISO-8859-1" standalone="no"?>
<!DOCTYPE MAN SYSTEM "../../manrev.dtd">
<MAN>
  <LANGUAGE>eng</LANGUAGE>
  <TITLE>rat</TITLE>
  <TYPE>Scilab Function</TYPE>
  <DATE>April 1993</DATE>
  <SHORT_DESCRIPTION name="rat"> Floating point rational approximation</SHORT_DESCRIPTION>
  <CALLING_SEQUENCE>
    <CALLING_SEQUENCE_ITEM>[N,D]=rat(x [,tol])  </CALLING_SEQUENCE_ITEM>
    <CALLING_SEQUENCE_ITEM>y=rat(x [,tol])  </CALLING_SEQUENCE_ITEM>
  </CALLING_SEQUENCE>
  <PARAM>
    <PARAM_INDENT>
      <PARAM_ITEM>
        <PARAM_NAME>x</PARAM_NAME>
        <PARAM_DESCRIPTION>
          <SP>: real  vector or matrix</SP>
        </PARAM_DESCRIPTION>
      </PARAM_ITEM>
      <PARAM_ITEM>
        <PARAM_NAME>n</PARAM_NAME>
        <PARAM_DESCRIPTION>
          <SP>: integer vector or matrix</SP>
        </PARAM_DESCRIPTION>
      </PARAM_ITEM>
      <PARAM_ITEM>
        <PARAM_NAME>d</PARAM_NAME>
        <PARAM_DESCRIPTION>
          <SP>: integer vector or matrix</SP>
        </PARAM_DESCRIPTION>
      </PARAM_ITEM>
      <PARAM_ITEM>
        <PARAM_NAME>y</PARAM_NAME>
        <PARAM_DESCRIPTION>
          <SP>: real vector or matrix</SP>
        </PARAM_DESCRIPTION>
      </PARAM_ITEM>
    </PARAM_INDENT>
  </PARAM>
  <DESCRIPTION>
    <P><VERB>[N,D] = rat(x,tol)</VERB> returns two integer
    matrices so that <VERB>N./D</VERB> is close to<VERB>x</VERB> in the sense that
    <VERB>abs(N./D - X) &lt;= tol*abs(x)</VERB>. The rational approximations are
    generated by truncating continued fraction expansions.   
    <VERB>tol = 1.e-6*norm(X,1)</VERB> is the default.
    <VERB>y = rat(x,tol)</VERB> return the quotient <VERB>N./D</VERB></P>
  </DESCRIPTION>
  <EXAMPLE>
<![CDATA[
[n,d]=rat(%pi)
[n,d]=rat(%pi,1.d-12)
n/d-%pi
 ]]>
  </EXAMPLE>
  <SEE_ALSO>
    <SEE_ALSO_ITEM>
      <LINK>int</LINK>
    </SEE_ALSO_ITEM>
    <SEE_ALSO_ITEM>
      <LINK>round</LINK>
    </SEE_ALSO_ITEM>
  </SEE_ALSO>
</MAN>
