<?xml version="1.0" encoding="ISO-8859-1" standalone="no"?>
<!DOCTYPE MAN SYSTEM "../../manrev.dtd">
<MAN>
  <LANGUAGE>eng</LANGUAGE>
  <TITLE>real</TITLE>
  <TYPE>Scilab Function</TYPE>
  <DATE>April 1993</DATE>
  <SHORT_DESCRIPTION name="real"> real part</SHORT_DESCRIPTION>
  <CALLING_SEQUENCE>
    <CALLING_SEQUENCE_ITEM>[y]=real(x)  </CALLING_SEQUENCE_ITEM>
  </CALLING_SEQUENCE>
  <PARAM>
    <PARAM_INDENT>
      <PARAM_ITEM>
        <PARAM_NAME>x</PARAM_NAME>
        <PARAM_DESCRIPTION>
          <SP>: real or complex vector or matrix</SP>
        </PARAM_DESCRIPTION>
      </PARAM_ITEM>
      <PARAM_ITEM>
        <PARAM_NAME>y</PARAM_NAME>
        <PARAM_DESCRIPTION>
          <SP>: real matrix</SP>
        </PARAM_DESCRIPTION>
      </PARAM_ITEM>
    </PARAM_INDENT>
  </PARAM>
  <DESCRIPTION>
    <P><VERB>real(x)</VERB> is the real part of <VERB>x</VERB> (See <VERB>%i</VERB> to enter complex numbers).</P>
  </DESCRIPTION>
  <SEE_ALSO>
    <SEE_ALSO_ITEM>
      <LINK>imag</LINK>
    </SEE_ALSO_ITEM>
  </SEE_ALSO>
</MAN>
