<?xml version="1.0" encoding="ISO-8859-1" standalone="no"?>
<!DOCTYPE MAN SYSTEM "../../manrev.dtd">
<MAN>
  <LANGUAGE>eng</LANGUAGE>
  <TITLE>sinc</TITLE>
  <TYPE>Scilab Function</TYPE>
  <DATE>April 1993</DATE>
  <SHORT_DESCRIPTION name="sinc">  sinc  function</SHORT_DESCRIPTION>
  <CALLING_SEQUENCE>
    <CALLING_SEQUENCE_ITEM>t=sinc(x)  </CALLING_SEQUENCE_ITEM>
  </CALLING_SEQUENCE>
  <PARAM>
    <PARAM_INDENT>
      <PARAM_ITEM>
        <PARAM_NAME>x</PARAM_NAME>
        <PARAM_DESCRIPTION>
          <SP>: real or complex vector or  matrix</SP>
        </PARAM_DESCRIPTION>
      </PARAM_ITEM>
      <PARAM_ITEM>
        <PARAM_NAME>t</PARAM_NAME>
        <PARAM_DESCRIPTION>
          <SP>: real or complex vector or  matrix</SP>
        </PARAM_DESCRIPTION>
      </PARAM_ITEM>
    </PARAM_INDENT>
  </PARAM>
  <DESCRIPTION>
    <P>
    If <VERB>x</VERB> is  a vector or a matrix, <VERB>t=sinc(x)</VERB> is the vector or
    matrix such that 
    <VERB>t(i)=sin(x(i))/x(i)</VERB> if <VERB>x(i)~=0</VERB> and <VERB>t(i)=1</VERB> if  <VERB>x(i)==0</VERB></P>
  </DESCRIPTION>
  <EXAMPLE>
<![CDATA[
x=linspace(-10,10,3000);
plot2d(x,sinc(x))
 ]]>
  </EXAMPLE>
  <SEE_ALSO>
    <SEE_ALSO_ITEM>
      <LINK>sin</LINK>
    </SEE_ALSO_ITEM>
    <SEE_ALSO_ITEM>
      <LINK>cos</LINK>
    </SEE_ALSO_ITEM>
  </SEE_ALSO>
</MAN>
