<?xml version="1.0" encoding="ISO-8859-1" standalone="no"?>
<!DOCTYPE MAN SYSTEM "../../manrev.dtd">
<MAN>
  <LANGUAGE>eng</LANGUAGE>
  <TITLE>sinhm</TITLE>
  <TYPE>Scilab Function</TYPE>
  <DATE>April 1993</DATE>
  <SHORT_DESCRIPTION name="sinhm"> matrix hyperbolic sine</SHORT_DESCRIPTION>
  <CALLING_SEQUENCE>
    <CALLING_SEQUENCE_ITEM>t=sinhm(x)  </CALLING_SEQUENCE_ITEM>
  </CALLING_SEQUENCE>
  <PARAM>
    <PARAM_INDENT>
      <PARAM_ITEM>
        <PARAM_NAME>x,t</PARAM_NAME>
        <PARAM_DESCRIPTION>
          <SP>: real or complex square matrix</SP>
        </PARAM_DESCRIPTION>
      </PARAM_ITEM>
    </PARAM_INDENT>
  </PARAM>
  <DESCRIPTION>
    <P>
    sinhm(x) is the matrix hyperbolic  sine  of the matrix x.
    <VERB>t=(expm(x)-expm(-x))/2</VERB></P>
  </DESCRIPTION>
  <EXAMPLE>
<![CDATA[
A=[1,2;2,3]
asinhm(sinhm(A))
A(1,1)=%i;sinhm(A)-(expm(A)-expm(-A))/2   //Complex case
 ]]>
  </EXAMPLE>
  <SEE_ALSO>
    <SEE_ALSO_ITEM>
      <LINK>sinh</LINK>
    </SEE_ALSO_ITEM>
  </SEE_ALSO>
</MAN>
