<?xml version="1.0" encoding="utf-8"?>
<!--
 * Scilab ( http://www.scilab.org/ ) - This file is part of Scilab
 * Copyright (C) 2009  - DIGITEO - Antoine ELIAS
 * 
 * This file must be used under the terms of the CeCILL.
 * This source file is licensed as described in the file COPYING, which
 * you should have received as part of this distribution.  The terms
 * are also available at    
 * http://www.cecill.info/licences/Licence_CeCILL_V2.1-en.txt
 *
 -->
<refentry xmlns="http://docbook.org/ns/docbook" xmlns:xlink="http://www.w3.org/1999/xlink" xmlns:svg="http://www.w3.org/2000/svg" xmlns:ns5="http://www.w3.org/1999/xhtml" xmlns:mml="http://www.w3.org/1998/Math/MathML" xmlns:db="http://docbook.org/ns/docbook" xmlns:scilab="http://www.scilab.org" xml:id="getAllocatedSparseMatrix" xml:lang="en">
    <refnamediv>
        <refname>getAllocatedSparseMatrix</refname>
        <refpurpose>
            Get sparse matrix variable.
        </refpurpose>
    </refnamediv>
    <refsynopsisdiv>
        <title>Calling Sequence</title>
        <synopsis>int getAllocatedSparseMatrix(void* _pvCtx, int* _piAddress, int* _piRows, int* _piCols, int* _piNbItem, int** _piNbItemRow, int** _piColPos, double** _pdblReal)</synopsis>
        <synopsis>int getNamedAllocatedSparseMatrix(void* _pvCtx, const char* _pstName, int* _piRows, int* _piCols, int* _piNbItem, int** _piNbItemRow, int** _piColPos, double** _pdblReal)</synopsis>
    </refsynopsisdiv>
    <refsection>
        <title>Arguments</title>
        <variablelist>
            <varlistentry>
                <term>_pvCtx</term>
                <listitem>
                    <para>
                        Scilab environment pointer, pass in "pvApiCtx" provided by api_scilab.h.
                    </para>
                </listitem>
            </varlistentry>
            <varlistentry>
                <term>_piAddress</term>
                <listitem>
                    <para>
                        Address of the Scilab variable.
                    </para>
                </listitem>
            </varlistentry>
            <varlistentry>
                <term>_pstName</term>
                <listitem>
                    <para>
                        Name of the variable for "named" functions.
                    </para>
                </listitem>
            </varlistentry>
            <varlistentry>
                <term>_piRows</term>
                <listitem>
                    <para>
                        Return number of rows.
                    </para>
                </listitem>
            </varlistentry>
            <varlistentry>
                <term>_piCols</term>
                <listitem>
                    <para>
                        Return number of columns.
                    </para>
                </listitem>
            </varlistentry>
            <varlistentry>
                <term>_piNbItem</term>
                <listitem>
                    <para>
                        Return number of non zero value.
                    </para>
                </listitem>
            </varlistentry>
            <varlistentry>
                <term>_piNbItemRow</term>
                <listitem>
                    <para>
                        Return number of item in each rows.
                    </para>
                </listitem>
            </varlistentry>
            <varlistentry>
                <term>_piColPos</term>
                <listitem>
                    <para>
                        Return column position for each item.
                    </para>
                </listitem>
            </varlistentry>
            <varlistentry>
                <term>_pdblReal</term>
                <listitem>
                    <para>
                        Return address of real data array.
                    </para>
                </listitem>
            </varlistentry>
        </variablelist>
    </refsection>
    <refsection>
        <title>Return value</title>
        <para>if successful 0, otherwise print error(s) message(s) in the Scilab console and returns first error number.</para>
    </refsection>
</refentry>
