<?xml version="1.0" encoding="utf-8"?>
<!--
 * Scilab ( http://www.scilab.org/ ) - This file is part of Scilab
 * Copyright (C) 2009  - DIGITEO - Antoine ELIAS
 *
 * Copyright (C) 2012 - 2016 - Scilab Enterprises
 *
 * This file is hereby licensed under the terms of the GNU GPL v2.0,
 * pursuant to article 5.3.4 of the CeCILL v.2.1.
 * This file was originally licensed under the terms of the CeCILL v2.1,
 * and continues to be available under such terms.
 * For more information, see the COPYING file which you should have received
 * along with this program.
 *
 -->
<refentry xmlns="http://docbook.org/ns/docbook" xmlns:xlink="http://www.w3.org/1999/xlink" xmlns:svg="http://www.w3.org/2000/svg" xmlns:ns5="http://www.w3.org/1999/xhtml" xmlns:mml="http://www.w3.org/1998/Math/MathML" xmlns:db="http://docbook.org/ns/docbook" xmlns:scilab="http://www.scilab.org" xml:id="freeAllocatedSinglePoly" xml:lang="ja">
    <refnamediv>
        <refname>freeAllocatedSinglePoly</refname>
        <refpurpose>
            getAllocatedSinglePoly 関数で確保されたメモリを解放する.
        </refpurpose>
    </refnamediv>
    <refsynopsisdiv>
        <title>呼び出し手順</title>
        <synopsis>void freeAllocatedSinglePoly(double* _pdblReal)</synopsis>
    </refsynopsisdiv>
    <refsection>
        <title>引数</title>
        <variablelist>
            <varlistentry>
                <term>_pdblReal</term>
                <listitem>
                    <para>
                        getAllocatedSinglePolyで確保された"_pdblReal"ポインタ.
                    </para>
                </listitem>
            </varlistentry>
        </variablelist>
    </refsection>
</refentry>
