<?xml version="1.0" encoding="UTF-8"?>
<!--
 * Scilab ( http://www.scilab.org/ ) - This file is part of Scilab
 * Copyright (C) DIGITEO - Pierre MARECHAL <pierre.marechal@scilab.org>
 * 
 * This file must be used under the terms of the CeCILL.
 * This source file is licensed as described in the file COPYING, which
 * you should have received as part of this distribution.  The terms
 * are also available at    
 * http://www.cecill.info/licences/Licence_CeCILL_V2.1-en.txt
 *
 -->
<refentry xmlns="http://docbook.org/ns/docbook" xmlns:xlink="http://www.w3.org/1999/xlink" xmlns:svg="http://www.w3.org/2000/svg" xmlns:mml="http://www.w3.org/1998/Math/MathML" xmlns:db="http://docbook.org/ns/docbook" xmlns:scilab="http://www.scilab.org" xml:lang="en" xml:id="atomsRepositoryDel">
    <refnamediv>
        <refname>atomsRepositoryDel</refname>
        <refpurpose>Remove one or several URLs from the list of managed repositories</refpurpose>
    </refnamediv>
    <!-- ===================================================================== -->
    <!-- Calling Sequence -->
    <!-- ===================================================================== -->
    <refsynopsisdiv>
        <title>Calling Sequence</title>
        <synopsis>
            nbDel = atomsRepositoryDel(url[,section])
        </synopsis>
    </refsynopsisdiv>
    <!-- ===================================================================== -->
    <!-- Parameters -->
    <!-- ===================================================================== -->
    <refsection>
        <title>Arguments</title>
        <variablelist>
            <varlistentry>
                <term>url</term>
                <listitem>
                    <para>
                        character string matrix: list of the URLs to remove
                    </para>
                </listitem>
            </varlistentry>
            <varlistentry>
                <term>section</term>
                <listitem>
                    <para>
                        This argument controls the list of sections where search
                        URL(s) to remove.
                    </para>
                    <para>
                        <literal>section</literal> is a single-string and its value should be :
                    </para>
                    <itemizedlist>
                        <listitem>
                            <para>
                                <literal>"all"</literal>: URL(s) to remove are searched in both
                                "user" and "allusers" sections.
                            </para>
                        </listitem>
                        <listitem>
                            <para>
                                <literal>"allusers"</literal>: URL(s) to remove are only searched in
                                the "allusers" section.
                            </para>
                        </listitem>
                        <listitem>
                            <para>
                                <literal>"user"</literal>: URL(s) to remove are only searched in
                                the "user" section.
                            </para>
                        </listitem>
                    </itemizedlist>
                    <para>
                        If SCI is write accessible, "all" is the default value.
                        Otherwise, the default value is "user".
                    </para>
                </listitem>
            </varlistentry>
            <varlistentry>
                <term>nbDel</term>
                <listitem>
                    <para>
                        An integer : the number of repositories successfully removed.
                    </para>
                </listitem>
            </varlistentry>
        </variablelist>
    </refsection>
    <!-- ===================================================================== -->
    <!-- Description -->
    <!-- ===================================================================== -->
    <refsection>
        <title>Description</title>
        <para>
            
        </para>
    </refsection>
    <!-- ===================================================================== -->
    <!-- Examples -->
    <!-- ===================================================================== -->
    <refsection>
        <title>Examples</title>
        <programlisting role="example"><![CDATA[ 
atomsRepositoryList()
atomsRepositoryAdd("http://scene1.test.atoms.scilab.org")
atomsRepositoryList()
atomsRepositoryDel("http://scene1.test.atoms.scilab.org")
atomsRepositoryList()
 ]]></programlisting>
    </refsection>
    <!-- ===================================================================== -->
    <!-- See also -->
    <!-- ===================================================================== -->
    <refsection role="see also">
        <title>See Also</title>
        <simplelist type="inline">
            <member>
                <link linkend="atomsRepositoryAdd">atomsRepositoryAdd</link>
            </member>
            <member>
                <link linkend="atomsRepositoryList">atomsRepositoryList</link>
            </member>
        </simplelist>
    </refsection>
    <!-- ===================================================================== -->
    <!-- Authors -->
    <!-- ===================================================================== -->
</refentry>
