<?xml version="1.0" encoding="UTF-8"?>
<!--
 * 
 * This file is released under the 3-clause BSD license. See COPYING-BSD.
 *
 -->
<refentry xmlns="http://docbook.org/ns/docbook" xmlns:xlink="http://www.w3.org/1999/xlink" xmlns:svg="http://www.w3.org/2000/svg" xmlns:ns3="http://www.w3.org/1999/xhtml" xmlns:mml="http://www.w3.org/1998/Math/MathML" xmlns:db="http://docbook.org/ns/docbook" version="5.0-subset Scilab" xml:id="c_multiplybypi" xml:lang="en">
    <refnamediv>
        <refname>c_multiplybypi</refname>
        <refpurpose>Multiple par %pi un nombre</refpurpose>
    </refnamediv>
    <refsynopsisdiv>
        <title>Séquence d'appel</title>
        <synopsis>a = multiplybypi(b)</synopsis>
    </refsynopsisdiv>
    <refsection>
        <title>Arguments</title>
        <variablelist>
            <varlistentry>
                <term>b</term>
                <listitem>
                    <para>Premier argument d'entrée</para>
                </listitem>
            </varlistentry>
            <varlistentry>
                <term>a</term>
                <listitem>
                    <para>Argument de sortie</para>
                </listitem>
            </varlistentry>
        </variablelist>
    </refsection>
    <refsection>
        <title>Description</title>
        <para>Fait une multiplication particulière.</para>
        <para>Ajoutez ici plus d'informations sur cette fonction </para>
        <para>
            LaTeX peut etre utilisé pour afficher l'équation: Dans ce cas, le rendu pourrait être <latex>$x*\pi$</latex>
        </para>
    </refsection>
    <refsection>
        <title>Exemples</title>
        <programlisting role="example">c_multiplybypi(3)</programlisting>
    </refsection>
    <refsection role="see also">
        <title>Voir aussi</title>
        <simplelist type="inline">
            <member>
                <link linkend="c_sum">c_sum</link>
            </member>
            <member>
                <link type="scilab" linkend="scilab.help/sum">Lien vers la page d'aide sum de Scilab</link>
            </member>
        </simplelist>
    </refsection>
</refentry>
