<?xml version="1.0" encoding="UTF-8"?>
<!--
 * Scilab ( http://www.scilab.org/ ) - This file is part of Scilab
 * Copyright (C) INRIA - 
 * 
 * This file must be used under the terms of the CeCILL.
 * This source file is licensed as described in the file COPYING, which
 * you should have received as part of this distribution.  The terms
 * are also available at    
 * http://www.cecill.info/licences/Licence_CeCILL_V2-en.txt
 *
 -->
<refentry xmlns="http://docbook.org/ns/docbook" xmlns:xlink="http://www.w3.org/1999/xlink" xmlns:svg="http://www.w3.org/2000/svg" xmlns:mml="http://www.w3.org/1998/Math/MathML" xmlns:db="http://docbook.org/ns/docbook" version="5.0-subset Scilab" xml:lang="en" xml:id="freson">
  <info>
    <pubdate>$LastChangedDate$</pubdate>
  </info>
  <refnamediv>
    <refname>freson</refname>
    <refpurpose> peak frequencies</refpurpose>
  </refnamediv>
  <refsynopsisdiv>
    <title>Calling Sequence</title>
    <synopsis>fr=freson(h)</synopsis>
  </refsynopsisdiv>
  <refsection>
    <title>Arguments</title>
    <variablelist>
      <varlistentry>
        <term>h</term>
        <listitem>
          <para> <literal>syslin</literal> list</para>
        </listitem>
      </varlistentry>
      <varlistentry>
        <term>fr</term>
        <listitem>
          <para>vector of peak frequencies in Hz</para>
        </listitem>
      </varlistentry>
    </variablelist>
  </refsection>
  <refsection>
    <title>Description</title>
    <para>
    returns the vector of peak frequencies in Hz for the SISO plant
    <literal>h</literal></para>
  </refsection>
  <refsection>
    <title>Examples</title>
    <programlisting role="example"><![CDATA[ 
h=syslin('c',-1+%s,(3+2*%s+%s^2)*(50+0.1*%s+%s^2))
fr=freson(h)
bode(h)
g=20*log(abs(repfreq(h,fr)))/log(10)
 ]]></programlisting>
  </refsection>
  <refsection role="see also">
<title>See Also</title>
    <simplelist type="inline">
      <member>
        <link linkend="frep2tf">frep2tf</link>
      </member>
      <member>
        <link linkend="zgrid">zgrid</link>
      </member>
      <member>
        <link linkend="h_norm">h_norm</link>
      </member>
    </simplelist>
  </refsection>
</refentry>
