<?xml version="1.0" encoding="UTF-8"?>
<!--
 * Scilab ( http://www.scilab.org/ ) - This file is part of Scilab
 * Copyright (C) INRIA - Serge STEER
 * 
 * This file must be used under the terms of the CeCILL.
 * This source file is licensed as described in the file COPYING, which
 * you should have received as part of this distribution.  The terms
 * are also available at    
 * http://www.cecill.info/licences/Licence_CeCILL_V2-en.txt
 *
 -->
<refentry xmlns="http://docbook.org/ns/docbook" xmlns:xlink="http://www.w3.org/1999/xlink" xmlns:svg="http://www.w3.org/2000/svg" xmlns:mml="http://www.w3.org/1998/Math/MathML" xmlns:db="http://docbook.org/ns/docbook" version="5.0-subset Scilab" xml:lang="en" xml:id="show_margins">
  <info>
    <pubdate>$LastChangedDate: 2008-06-06 09:50:39 +0100 (Wed, 26 Mar 2008) $</pubdate>
  </info>
  <refnamediv>
    <refname>show_margins</refname>
    <refpurpose>display gain and phase margin  and associated crossover frequencies</refpurpose>
  </refnamediv>
  <refsynopsisdiv>
    <title>Calling Sequence</title>
    <synopsis>
      show_margins(h)
      show_margins(h,'bode')
      show_margins(h,'nyquist')
    </synopsis>
  </refsynopsisdiv>
  <refsection>
    <title>Arguments</title>
    <variablelist>
      <varlistentry>
        <term>h</term>
        <listitem>
          <para>a SISO linear system (see :<link linkend="syslin">syslin</link>).</para>
        </listitem>
      </varlistentry>
    </variablelist>
  </refsection>
  <refsection>
    <title>Description</title>
    <para>Given a SISO linear system in continuous or discrete time,
    <literal>show_margins</literal> display gain and phase margin and
    associated crossover frequencies on a bode (the defaut) or nyquist
    representation of the frequency response of the system.</para>


  </refsection>
  <refsection>
    <title>Examples</title>
    <programlisting role="example"><![CDATA[ 
//continuous case
h=syslin('c',0.02909+0.11827*%s+0.12823*%s^2+0.35659*%s^3+0.256*%s^4+0.1*%s^5,..
             0.0409+0.1827*%s+1.28225*%s^2+3.1909*%s^3+2.56*%s^4+%s^5);
show_margins(h)  
show_margins(h,'nyquist')

//discrete case
h = syslin(0.1,0.01547+0.01599*%z ,%z^2-1.81*%z+0.9048)
show_margins(h)
show_margins(h,'nyquist')
 ]]></programlisting>
  </refsection>
  <refsection role="see also">
<title>See Also</title>
    <simplelist type="inline">
      <member><link linkend="p_margin">p_margin</link></member>
      <member><link linkend="g_margin">g_margin</link></member>
      <member><link linkend="bode">bode</link></member>
      <member><link linkend="nyquist">nyquist</link></member>
    </simplelist>
  </refsection>
  <refsection>
    <title>Authors</title>
    <para>Serge Steer, INRIA  </para>
  </refsection>
</refentry>
