<?xml version="1.0" encoding="ISO-8859-1" standalone="no"?>
<!DOCTYPE MAN SYSTEM "../../manrev.dtd">
<MAN>
  <LANGUAGE>eng</LANGUAGE>
  <TITLE>riccsl</TITLE>
  <TYPE>Scilab Function</TYPE>
  <DATE>April 1993</DATE>
  <SHORT_DESCRIPTION name="riccsl"> Riccati equation solver</SHORT_DESCRIPTION>
  <CALLING_SEQUENCE>
    <CALLING_SEQUENCE_ITEM>[X,RCOND,FERR]=riccsl(A,C,D,'type','method')  </CALLING_SEQUENCE_ITEM>
  </CALLING_SEQUENCE>
  <PARAM>
    <PARAM_INDENT>
      <PARAM_ITEM>
        <PARAM_NAME>A,C,D</PARAM_NAME>
        <PARAM_DESCRIPTION>
          <SP>: real square matrices.</SP>
        </PARAM_DESCRIPTION>
      </PARAM_ITEM>
      <PARAM_ITEM>
        <PARAM_NAME>type</PARAM_NAME>
        <PARAM_DESCRIPTION>
          <SP>: 'continuous' or 'discrete'</SP>
        </PARAM_DESCRIPTION>
      </PARAM_ITEM>
      <PARAM_ITEM>
        <PARAM_NAME>method</PARAM_NAME>
        <PARAM_DESCRIPTION>
          <SP>: 'schr' or 'sign' for continuous-time systems and 'schr' or 'invf' for discrete-tyme systems</SP>
        </PARAM_DESCRIPTION>
      </PARAM_ITEM>
      <PARAM_ITEM>
        <PARAM_NAME>X</PARAM_NAME>
        <PARAM_DESCRIPTION>
          <SP>: real matrix</SP>
        </PARAM_DESCRIPTION>
      </PARAM_ITEM>
      <PARAM_ITEM>
        <PARAM_NAME>RCOND</PARAM_NAME>
        <PARAM_DESCRIPTION>
          <SP>: real number</SP>
        </PARAM_DESCRIPTION>
      </PARAM_ITEM>
      <PARAM_ITEM>
        <PARAM_NAME>FERR</PARAM_NAME>
        <PARAM_DESCRIPTION>
          <SP>: real number</SP>
        </PARAM_DESCRIPTION>
      </PARAM_ITEM>
    </PARAM_INDENT>
  </PARAM>
  <DESCRIPTION>
    <P>
    Riccati solver.</P>
    <P>
    Continuous time:</P>
    <VERBATIM>
<![CDATA[
  X=riccsl(A,C,D,'cont','method')
   ]]>
    </VERBATIM>
    <P>
    gives a solution to the continuous time ARE</P>
    <VERBATIM>
<![CDATA[
  A'*X + X*A + C - X*D*X = 0
   ]]>
    </VERBATIM>
    <P>
    Discrete time:</P>
    <VERBATIM>
<![CDATA[
  X=riccsl(A,C,D,'disc','method')
   ]]>
    </VERBATIM>
    <P>
    gives a solution  to the discrete time ARE</P>
    <VERBATIM>
<![CDATA[
A'*X*inv(I + D*X)*A - X + C = 0
   ]]>
    </VERBATIM>
    <P>
    C, D are symmetric .It is assumed that the matrices A, C and D are such that the corresponding matrix pencil has N eigenvalues with moduli less than one.</P>
    <P>
    Error bound on the solution and a condition estimate are also provided.
    It is assumed that the matrices A, C and D are such that the
    corresponding Hamiltonian matrix has N eigenvalues with negative real parts.</P>
  </DESCRIPTION>
  <SECTION label="Reference">
    <P>
    See SCIDIR/routines/control/riccpack. Code written by P. Petkov.</P>
  </SECTION>
  <SEE_ALSO>
    <SEE_ALSO_ITEM>
      <LINK>riccati</LINK>
    </SEE_ALSO_ITEM>
    <SEE_ALSO_ITEM>
      <LINK>ric_desc</LINK>
    </SEE_ALSO_ITEM>
    <SEE_ALSO_ITEM>
      <LINK>schur</LINK>
    </SEE_ALSO_ITEM>
  </SEE_ALSO>
</MAN>
