<?xml version="1.0" encoding="utf-8"?>

<!--
 * Scilab ( http://www.scilab.org/ ) - This file is part of Scilab
 * Copyright (C) 2009  - DIGITEO - Antoine ELIAS
 * 
 * This file must be used under the terms of the CeCILL.
 * This source file is licensed as described in the file COPYING, which
 * you should have received as part of this distribution.  The terms
 * are also available at    
 * http://www.cecill.info/licences/Licence_CeCILL_V2.1-en.txt
 *
 -->

<refentry xmlns="http://docbook.org/ns/docbook" xmlns:xlink="http://www.w3.org/1999/xlink" xmlns:svg="http://www.w3.org/2000/svg" xmlns:ns5="http://www.w3.org/1999/xhtml" xmlns:mml="http://www.w3.org/1998/Math/MathML" xmlns:db="http://docbook.org/ns/docbook" xmlns:scilab="http://www.scilab.org" xml:id="getAllocatedMatrixOfString" xml:lang="ja">
    
    <refnamediv>
        
        <refname>getAllocatedMatrixOfString</refname>
        
        <refpurpose>
            
            文字列変数の行列を取得.
            
        </refpurpose>
        
    </refnamediv>
    
    <refsynopsisdiv>
        
        <title>呼び出し手順</title>
        
        <synopsis>int getAllocatedMatrixOfString(void* _pvCtx, int* _piAddress, int* _piRows, int* _piCols, char*** _pstData)</synopsis>
        
        <synopsis>int getAllocatedNamedMatrixOfString(void* _pvCtx, const char* _pstName, int* _piRows, int* _piCols, char*** _pstData)</synopsis>
        
        <synopsis>int getAllocatedMatrixOfWideString(void* _pvCtx, int* _piAddress, int* _piRows, int* _piCols, wchar_t*** _pwstData)</synopsis>
        
        <synopsis>int getAllocatedNamedMatrixOfWideString(void* _pvCtx, const char* _pstName, int* _piRows, int* _piCols, wchar_t*** _pwstData)</synopsis>
        
    </refsynopsisdiv>
    
    <refsection>
        
        <title>引数</title>
        
        <variablelist>
            
            <varlistentry>
                
                <term>_pvCtx</term>
                
                <listitem>
                    
                    <para>
                        
                        Scilab環境ポインタ, api_scilab.hで提供される"pvApiCtx"を指定.
                        
                    </para>
                    
                </listitem>
                
            </varlistentry>
            
            <varlistentry>
                
                <term>_piAddress</term>
                
                <listitem>
                    
                    <para>
                        
                        Scilab変数のアドレス.
                        
                    </para>
                    
                </listitem>
                
            </varlistentry>
            
            <varlistentry>
                
                <term>_pstName</term>
                
                <listitem>
                    
                    <para>
                        
                        "名前指定" 関数の場合の変数名.
                        
                    </para>
                    
                </listitem>
                
            </varlistentry>
            
            <varlistentry>
                
                <term>_piRows</term>
                
                <listitem>
                    
                    <para>
                        
                        返される行の数.
                        
                    </para>
                    
                </listitem>
                
            </varlistentry>
            
            <varlistentry>
                
                <term>_piCols</term>
                
                <listitem>
                    
                    <para>
                        
                        返される列の数.
                        
                    </para>
                    
                </listitem>
                
            </varlistentry>
            
            <varlistentry>
                
                <term>_pstData</term>
                
                <listitem>
                    
                    <para>
                        
                        返される文字列配列.
                        
                    </para>
                    
                </listitem>
                
            </varlistentry>
            
            <varlistentry>
                
                <term>_pwstData</term>
                
                <listitem>
                    
                    <para>
                        
                        返されるワイド文字列配列.
                        
                    </para>
                    
                </listitem>
                
            </varlistentry>
            
        </variablelist>
        
    </refsection>
    
    <refsection>
        
        <title>戻り値</title>
        
        <para>
            
            成功した場合は 0, それ以外はScilabコンソールにエラーメッセージを表示し,
            
            最初のエラー番号を返します.
            
        </para>
        
    </refsection>
    
</refentry>

