<?xml version="1.0" encoding="utf-8"?>

<!--
 * Scilab ( http://www.scilab.org/ ) - This file is part of Scilab
 * Copyright (C) 2009  - DIGITEO - Antoine ELIAS
 * 
 * This file must be used under the terms of the CeCILL.
 * This source file is licensed as described in the file COPYING, which
 * you should have received as part of this distribution.  The terms
 * are also available at    
 * http://www.cecill.info/licences/Licence_CeCILL_V2.1-en.txt
 *
 -->

<refentry xmlns="http://docbook.org/ns/docbook" xmlns:xlink="http://www.w3.org/1999/xlink" xmlns:svg="http://www.w3.org/2000/svg" xmlns:ns5="http://www.w3.org/1999/xhtml" xmlns:mml="http://www.w3.org/1998/Math/MathML" xmlns:db="http://docbook.org/ns/docbook" xmlns:scilab="http://www.scilab.org" xml:id="freeAllocatedMatrixOfString" xml:lang="ja">
    
    <refnamediv>
        
        <refname>freeAllocatedMatrixOfString</refname>
        
        <refpurpose>
            
            freeAllocatedMatrixOfString関数で確保されたメモリを開放する.
            
        </refpurpose>
        
    </refnamediv>
    
    <refsynopsisdiv>
        
        <title>呼び出し手順</title>
        
        <synopsis>
            
            void freeAllocatedMatrixOfString(int _iRows, int _iCols, char** _pstData)
            
            void freeAllocatedMatrixOfWideString(int _iRows, int _iCols, wchar_t** _pwstData)
            
        </synopsis>
        
    </refsynopsisdiv>
    
    <refsection>
        
        <title>引数</title>
        
        <variablelist>
            
            <varlistentry>
                
                <term>_iRows</term>
                
                <listitem>
                    
                    <para>
                        
                        freeAllocatedMatrixOfStringから返された"_piRows"の値.
                        
                    </para>
                    
                </listitem>
                
            </varlistentry>
            
            <varlistentry>
                
                <term>_iCols</term>
                
                <listitem>
                    
                    <para>
                        
                        freeAllocatedMatrixOfStringから返された"_piCols"の値.
                        
                    </para>
                    
                </listitem>
                
            </varlistentry>
            
            <varlistentry>
                
                <term>_pstData</term>
                
                <listitem>
                    
                    <para>
                        
                        freeAllocatedMatrixOfStringで確保されたポインタ"_pstData".
                        
                    </para>
                    
                </listitem>
                
            </varlistentry>
            
            <varlistentry>
                
                <term>_pwstData</term>
                
                <listitem>
                    
                    <para>
                        
                        freeAllocatedMatrixOfStringで確保されたポインタ"_pstData".
                        
                        freeAllocatedWideMatrixOfStringで確保されたポインタ"_pwstData".
                        
                    </para>
                    
                </listitem>
                
            </varlistentry>
            
        </variablelist>
        
    </refsection>
    
</refentry>

