<?xml version="1.0" encoding="UTF-8"?>
<!--
 * Scilab ( http://www.scilab.org/ ) - This file is part of Scilab
 * Copyright (C) DIGITEO - Pierre MARECHAL <pierre.marechal@scilab.org>
 * 
 * This file must be used under the terms of the CeCILL.
 * This source file is licensed as described in the file COPYING, which
 * you should have received as part of this distribution.  The terms
 * are also available at    
 * http://www.cecill.info/licences/Licence_CeCILL_V2.1-en.txt
 *
 -->
<refentry xmlns="http://docbook.org/ns/docbook" xmlns:xlink="http://www.w3.org/1999/xlink" xmlns:svg="http://www.w3.org/2000/svg" xmlns:mml="http://www.w3.org/1998/Math/MathML" xmlns:db="http://docbook.org/ns/docbook" xmlns:scilab="http://www.scilab.org" xml:lang="en" xml:id="atomsDepTreeShow">
    <refnamediv>
        <refname>atomsDepTreeShow</refname>
        <refpurpose>Show the dependency tree of a module</refpurpose>
    </refnamediv>
    <!-- ===================================================================== -->
    <!-- Calling Sequence -->
    <!-- ===================================================================== -->
    <refsynopsisdiv>
        <title>Calling Sequence</title>
        <synopsis>
            atomsDepTreeShow(module)
        </synopsis>
    </refsynopsisdiv>
    <!-- ===================================================================== -->
    <!-- Parameters -->
    <!-- ===================================================================== -->
    <refsection>
        <title>Arguments</title>
        <variablelist>
            <varlistentry>
                <term>module</term>
                <listitem>
                    <para>
                        1x1 or 1x2 Matrix of strings:
                    </para>
                    <informaltable border="1">
                        <!-- Technical name -->
                        <tr>
                            <td>
                                <emphasis>1st Col.</emphasis>
                            </td>
                            <td>
                                <emphasis role="strong">Technical name</emphasis>
                            </td>
                            <td>
                                Mandatory
                            </td>
                            <td>
                            </td>
                        </tr>
                        <!-- Version -->
                        <tr>
                            <td>
                                <emphasis>2nd Col.</emphasis>
                            </td>
                            <td>
                                <emphasis role="strong">Version</emphasis>
                            </td>
                            <td>
                                Optional
                            </td>
                            <td>
                                If this field is empty or is not present,
                                the most recent	version is used
                            </td>
                        </tr>
                    </informaltable>
                </listitem>
            </varlistentry>
        </variablelist>
    </refsection>
    <!-- ===================================================================== -->
    <!-- Description -->
    <!-- ===================================================================== -->
    <refsection>
        <title>Description</title>
        <para>
            <literal>atomsDepTreeShow</literal> shows the dependency tree of an external module.
        </para>
    </refsection>
    <!-- ===================================================================== -->
    <!-- Examples -->
    <!-- ===================================================================== -->
    <refsection>
        <title>Examples</title>
        <programlisting role="example"><![CDATA[ 
atomsRepositoryAdd("http://scene1.test.atoms.scilab.org");
atomsDepTreeShow("toolbox_6")
 ]]></programlisting>
    </refsection>
    <!-- ===================================================================== -->
    <!-- See also -->
    <!-- ===================================================================== -->
    <refsection role="see also">
        <title>See Also</title>
        <simplelist type="inline">
            <member>
                <link linkend="atomsShow">atomsShow</link>
            </member>
            <member>
                <link linkend="atomsList">atomsList</link>
            </member>
        </simplelist>
    </refsection>
    <!-- ===================================================================== -->
    <!-- Authors -->
    <!-- ===================================================================== -->
</refentry>
