<?xml version="1.0" encoding="utf-8"?>
<!--
 * Scilab ( http://www.scilab.org/ ) - This file is part of Scilab
 * Copyright (C) 2013  - Scilab Enterprises - Calixte DENIZET
 * 
 * This file must be used under the terms of the CeCILL.
 * This source file is licensed as described in the file COPYING, which
 * you should have received as part of this distribution.  The terms
 * are also available at    
 * http://www.cecill.info/licences/Licence_CeCILL_V2.1-en.txt
 *
 -->
<refentry xmlns="http://docbook.org/ns/docbook" xmlns:xlink="http://www.w3.org/1999/xlink" xmlns:svg="http://www.w3.org/2000/svg" xmlns:ns5="http://www.w3.org/1999/xhtml" xmlns:mml="http://www.w3.org/1998/Math/MathML" xmlns:db="http://docbook.org/ns/docbook" xmlns:scilab="http://www.scilab.org" xml:id="getHypermatOfInt" xml:lang="ja">
    <refnamediv>
        <refname>getHypermatOfInt</refname>
        <refpurpose>
            整数変数のハイパー行列を取得.
        </refpurpose>
    </refnamediv>
    <refsynopsisdiv>
        <title>呼び出し手順</title>
        <synopsis>SciErr getHypermatOfInt8(void* _pvCtx, int* _piAddress, int **_dims, int *_ndims, char* _pcData)</synopsis>
        <synopsis>SciErr getHypermatOfUnsignedInt8(void* _pvCtx, int* _piAddress, int **_dims, int *_ndims, unsigned char* _pucData)</synopsis>
        <synopsis>SciErr getHypermatOfInt16(void* _pvCtx, int* _piAddress, int **_dims, int *_ndims, short* _psData)</synopsis>
        <synopsis>SciErr getHypermatOfUnsignedInt16(void* _pvCtx, int* _piAddress, int **_dims, int *_ndims, unsigned short* _pusData)</synopsis>
        <synopsis>SciErr getHypermatOfInt32(void* _pvCtx, int* _piAddress, int **_dims, int *_ndims, int* _piData)</synopsis>
        <synopsis>SciErr getHypermatOfUnsignedInt32(void* _pvCtx, int* _piAddress, int **_dims, int *_ndims, unsigned int* _puiData)</synopsis>
    </refsynopsisdiv>
    <refsection>
        <title>引数</title>
        <variablelist>
            <varlistentry>
                <term>_pvCtx</term>
                <listitem>
                    <para>
                        Scilab環境ポインタ, api_scilab.h により定義された "pvApiCtx"で指定.
                    </para>
                </listitem>
            </varlistentry>
            <varlistentry>
                <term>_piAddress</term>
                <listitem>
                    <para>
                        Scilab変数のアドレス.
                    </para>
                </listitem>
            </varlistentry>
            <varlistentry>
                <term>_dims</term>
                <listitem>
                    <para>
                        ハイパー行列の次元.
                    </para>
                </listitem>
            </varlistentry>
            <varlistentry>
                <term>_ndims</term>
                <listitem>
                    <para>
                        次元の数.
                    </para>
                </listitem>
            </varlistentry>
            <varlistentry>
                <term>_p*Data</term>
                <listitem>
                    <para>
                        データ.
                    </para>
                </listitem>
            </varlistentry>
        </variablelist>
    </refsection>
    <refsection>
        <title>戻り値</title>
        <para>SciErr構造体, フィールド iErr は
            エラー番号を保持します (エラーがない場合は 0).
        </para>
    </refsection>
    <refsection>
        <title>ゲートウェイのソース</title>
        <programlisting role="code_gateway">
            <![CDATA[ 
#include "api_scilab.h"
#include "Scierror.h"
#include "localization.h"
#include "sciprint.h"
#include "MALLOC.h"
int hypermatIntExample(char *fname,unsigned long fname_len)
{
    SciErr sciErr;
    int* piAddr = NULL;
    int iType   = 0;
    int iRet    = 0;
    CheckInputArgument(pvApiCtx, 1, 1);
    CheckOutputArgument(pvApiCtx, 0, 1);
    sciErr = getVarAddressFromPosition(pvApiCtx, 1, &piAddr);
    if (sciErr.iErr)
    {
        printError(&sciErr, 0);
        return 0;
    }
    if (isEmptyMatrix(pvApiCtx, piAddr))
    {
        iRet = createEmptyMatrix(pvApiCtx, nbInputArgument(pvApiCtx) + 1);
        if (iRet)
        {
            return iRet;
        }
        AssignOutputVariable(pvApiCtx, 1) = 0;
    }
    else if (isHypermatType(pvApiCtx, piAddr))
    {
        int * dims = NULL;
        int ndims;
        void * data = NULL;
        int htype = 0;
        int precision;
        sciErr = getHypermatType(pvApiCtx, piAddr, &htype);
        if (sciErr.iErr)
        {
            printError(&sciErr, 0);
            return sciErr.iErr;
        }
        if (htype == sci_ints)
        {
            sciErr = getHypermatOfIntegerPrecision(pvApiCtx, piAddr, &precision);
            if (sciErr.iErr)
            {
                printError(&sciErr, 0);
                return sciErr.iErr;
            }
            switch (precision)
            {
            case SCI_INT8:
                sciErr = getHypermatOfInteger8(pvApiCtx, piAddr, &dims, &ndims, (char*)&data);
                if(sciErr.iErr)
                {
                    printError(&sciErr, 0);
                    return sciErr.iErr;
                }
                sciErr = createHypermatOfInteger8(pvApiCtx, nbInputArgument(pvApiCtx) + 1, dims, ndims, (const char*)data);
                if (sciErr.iErr)
                {
                    printError(&sciErr, 0);
                    return sciErr.iErr;
                }
                break;
            case SCI_UINT8:
                sciErr = getHypermatOfUnsignedInteger8(pvApiCtx, piAddr, &dims, &ndims, (unsigned char*)&data);
                if(sciErr.iErr)
                {
                    printError(&sciErr, 0);
                    return sciErr.iErr;
                }
                sciErr = createHypermatOfUnsignedInteger8(pvApiCtx, nbInputArgument(pvApiCtx) + 1, dims, ndims, (const unsigned char*)data);
                if (sciErr.iErr)
                {
                    printError(&sciErr, 0);
                    return sciErr.iErr;
                }
                break;
            case SCI_INT16:
                sciErr = getHypermatOfInteger16(pvApiCtx, piAddr, &dims, &ndims, (short*)&data);
                if(sciErr.iErr)
                {
                    printError(&sciErr, 0);
                    return sciErr.iErr;
                }
                sciErr = createHypermatOfInteger16(pvApiCtx, nbInputArgument(pvApiCtx) + 1, dims, ndims, (const short*)data);
                if (sciErr.iErr)
                {
                    printError(&sciErr, 0);
                    return sciErr.iErr;
                }
                break;
            case SCI_UINT16:
                sciErr = getHypermatOfUnsignedInteger16(pvApiCtx, piAddr, &dims, &ndims, (unsigned short*)&data);
                if(sciErr.iErr)
                {
                    printError(&sciErr, 0);
                    return sciErr.iErr;
                }
                sciErr = createHypermatOfUnsignedInteger16(pvApiCtx, nbInputArgument(pvApiCtx) + 1, dims, ndims, (const unsigned short*)data);
                if (sciErr.iErr)
                {
                    printError(&sciErr, 0);
                    return sciErr.iErr;
                }
                break;
            case SCI_INT32:
                sciErr = getHypermatOfInteger32(pvApiCtx, piAddr, &dims, &ndims, (int*)&data);
                if(sciErr.iErr)
                {
                    printError(&sciErr, 0);
                    return sciErr.iErr;
                }
                sciErr = createHypermatOfInteger32(pvApiCtx, nbInputArgument(pvApiCtx) + 1, dims, ndims, (const int*)data);
                if (sciErr.iErr)
                {
                    printError(&sciErr, 0);
                    return sciErr.iErr;
                }
                break;
            case SCI_UINT32:
                sciErr = getHypermatOfUnsignedInteger32(pvApiCtx, piAddr, &dims, &ndims, (unsigned int*)&data);
                if(sciErr.iErr)
                {
                    printError(&sciErr, 0);
                    return sciErr.iErr;
                }
                sciErr = createHypermatOfUnsignedInteger32(pvApiCtx, nbInputArgument(pvApiCtx) + 1, dims, ndims, (const unsigned int*)data);
                if (sciErr.iErr)
                {
                    printError(&sciErr, 0);
                    return sciErr.iErr;
                }
                break;
            }
        }
        else
        {
            Scierror(999, _("%s: Wrong type for input argument #%d: An integer expected.\n"), fname, 1);
            return 1;
        }
        AssignOutputVariable(pvApiCtx, 1) = nbInputArgument(pvApiCtx) + 1;
    }
    return 0;
}]]>
        </programlisting>
    </refsection>
    <refsection>
        <title>Scilab テストスクリプト</title>
        <programlisting role="code_scilab"><![CDATA[ 
a = hypermat([1 2 3], int8(1:6));
b = hypermat([1 2 3], uint8(1:6));
c = hypermat([1 2 3], int16(1:6));
d = hypermat([1 2 3], uint16(1:6));
e = hypermat([1 2 3], int32(1:6));
f = hypermat([1 2 3], uint32(1:6));
hypermatExampleInt(a) == a
hypermatExampleInt(b) == b
hypermatExampleInt(c) == c
hypermatExampleInt(d) == d
hypermatExampleInt(e) == e
hypermatExampleInt(f) == f
 ]]></programlisting>
    </refsection>
</refentry>
