<?xml version="1.0" encoding="ISO-8859-1" standalone="no"?> 
<!DOCTYPE MAN SYSTEM "../../man.dtd">
<MAN>
  <LANGUAGE>eng</LANGUAGE>
  <TITLE>contrss  </TITLE>
  <TYPE>Scilab Function  </TYPE>
  <DATE>April 1993  </DATE>
  <SHORT_DESCRIPTION name="contrss"> controllable part  </SHORT_DESCRIPTION>
  <CALLING_SEQUENCE>
  <CALLING_SEQUENCE_ITEM>[slc]=contrss(sl [,tol])  </CALLING_SEQUENCE_ITEM>
  </CALLING_SEQUENCE>
  <PARAM>
 <PARAM_INDENT>
  <PARAM_ITEM>
  <PARAM_NAME>sl  </PARAM_NAME>
  <PARAM_DESCRIPTION>
    : linear system (<VERB>syslin</VERB> list)
  </PARAM_DESCRIPTION> 
  </PARAM_ITEM>
  <PARAM_ITEM>
  <PARAM_NAME>tol  </PARAM_NAME>
  <PARAM_DESCRIPTION>
    : is a threshold for controllability (see <VERB>contr</VERB>).  default value is <VERB>sqrt(%eps)</VERB>.
  </PARAM_DESCRIPTION> 
  </PARAM_ITEM>
 </PARAM_INDENT>
  </PARAM>
  <DESCRIPTION>
  <P>
    returns the controllable part of the linear 
    system <VERB>sl = (A,B,C,D)</VERB> in state-space form. 
  </P>
  </DESCRIPTION>
  <EXAMPLE><![CDATA[
A=[1,1;0,2];B=[1;0];C=[1,1];sl=syslin('c',A,B,C);  //Non minimal
slc=contrss(sl);
sl1=ss2tf(sl);sl2=ss2tf(slc);      //Compare sl1 and sl2
 ]]></EXAMPLE>
  <SEE_ALSO>
    <SEE_ALSO_ITEM> <LINK>cont_mat</LINK> </SEE_ALSO_ITEM>     <SEE_ALSO_ITEM> <LINK>ctr_gram</LINK> </SEE_ALSO_ITEM>     <SEE_ALSO_ITEM> <LINK>cont_frm</LINK> </SEE_ALSO_ITEM>     <SEE_ALSO_ITEM> <LINK>contr</LINK> </SEE_ALSO_ITEM>
  </SEE_ALSO>
</MAN>
