<?xml version="1.0" encoding="ISO-8859-1" standalone="no"?> 
<!DOCTYPE MAN SYSTEM "../../man.dtd">
<MAN>
  <LANGUAGE>eng</LANGUAGE>
  <TITLE>krac2  </TITLE>
  <TYPE>Scilab Function  </TYPE>
  <DATE>April 1993  </DATE>
  <SHORT_DESCRIPTION name="krac2"> continuous SISO system limit feedback gain  </SHORT_DESCRIPTION>
  <CALLING_SEQUENCE>
  <CALLING_SEQUENCE_ITEM>g=krac2(sys)  </CALLING_SEQUENCE_ITEM>
  </CALLING_SEQUENCE>
  <PARAM>
 <PARAM_INDENT>
  <PARAM_ITEM>
  <PARAM_NAME>sys  </PARAM_NAME>
  <PARAM_DESCRIPTION>
    : SISO linear system (syslin)
  </PARAM_DESCRIPTION> 
  </PARAM_ITEM>
  <PARAM_ITEM>
  <PARAM_NAME>g  </PARAM_NAME>
  <PARAM_DESCRIPTION>
    : constant
  </PARAM_DESCRIPTION> 
  </PARAM_ITEM>
 </PARAM_INDENT>
  </PARAM>
  <DESCRIPTION>
  <P>
    <VERB>krac2(sys)</VERB> computes the gains <VERB>g</VERB> such that the system
    <VERB>sys</VERB> fedback by g (<VERB>sys/.g</VERB>) has  2 real equal poles.
  </P>
  </DESCRIPTION>
  <EXAMPLE><![CDATA[
h=syslin('c',352*poly(-5,'s')/poly([0,0,2000,200,25,1],'s','c'));
xbasc();evans(h,100)
g=krac2(h)
hf1=h/.g(1);roots(denom(hf1))
hf2=h/.g(2);roots(denom(hf2))
 ]]></EXAMPLE>
  <SEE_ALSO>
    <SEE_ALSO_ITEM> <LINK>evans</LINK> </SEE_ALSO_ITEM>     <SEE_ALSO_ITEM> <LINK>kpure</LINK> </SEE_ALSO_ITEM>
  </SEE_ALSO>
</MAN>
