<?xml version="1.0" encoding="ISO-8859-1" standalone="no"?> 
<!DOCTYPE MAN SYSTEM "../../man.dtd">
<MAN>
  <LANGUAGE>eng</LANGUAGE>
  <TITLE>sm2ss  </TITLE>
  <TYPE>Scilab Function  </TYPE>
  <DATE>April 1993  </DATE>
  <SHORT_DESCRIPTION name="sm2ss"> system matrix to state-space  </SHORT_DESCRIPTION>
  <CALLING_SEQUENCE>
  <CALLING_SEQUENCE_ITEM>[Sl]=sm2ss(Sm);  </CALLING_SEQUENCE_ITEM>
  </CALLING_SEQUENCE>
  <PARAM>
 <PARAM_INDENT>
  <PARAM_ITEM>
  <PARAM_NAME>Sm  </PARAM_NAME>
  <PARAM_DESCRIPTION>
    : polynomial matrix (pencil system matrix)
  </PARAM_DESCRIPTION> 
  </PARAM_ITEM>
  <PARAM_ITEM>
  <PARAM_NAME>Sl  </PARAM_NAME>
  <PARAM_DESCRIPTION>
    : linear system (<VERB>syslin</VERB> list)
  </PARAM_DESCRIPTION> 
  </PARAM_ITEM>
 </PARAM_INDENT>
  </PARAM>
  <DESCRIPTION>
  <P>
    Utility function: converts the system matrix:
  </P>
  <VERBATIM><![CDATA[
 Sm = [-sI + A   B;
      [    C     D]
   ]]></VERBATIM>
  <P>
    to linear system in state-space representation (<VERB>syslin</VERB>) list.
  </P>
  </DESCRIPTION>
  <SEE_ALSO>
    <SEE_ALSO_ITEM> <LINK>ss2des</LINK> </SEE_ALSO_ITEM>
  </SEE_ALSO>
</MAN>
