<?xml version="1.0" encoding="ISO-8859-1" standalone="no"?> 
<!DOCTYPE MAN SYSTEM "../../man.dtd">
<MAN>
  <LANGUAGE>eng</LANGUAGE>
  <TITLE>ss2tf  </TITLE>
  <TYPE>Scilab Function  </TYPE>
  <DATE>April 1993  </DATE>
  <SHORT_DESCRIPTION name="ss2tf"> conversion from state-space to transfer function  </SHORT_DESCRIPTION>
  <CALLING_SEQUENCE>
  <CALLING_SEQUENCE_ITEM>[h]=ss2tf(sl)   </CALLING_SEQUENCE_ITEM>
  <CALLING_SEQUENCE_ITEM>[Ds,NUM,chi]=ss2tf(sl)  </CALLING_SEQUENCE_ITEM>
  <CALLING_SEQUENCE_ITEM>  </CALLING_SEQUENCE_ITEM>
  <CALLING_SEQUENCE_ITEM>[h]=ss2tf(sl,&quot;b&quot;)   </CALLING_SEQUENCE_ITEM>
  <CALLING_SEQUENCE_ITEM>[Ds,NUM,chi]=ss2tf(sl,&quot;b&quot;)  </CALLING_SEQUENCE_ITEM>
  <CALLING_SEQUENCE_ITEM>  </CALLING_SEQUENCE_ITEM>
  <CALLING_SEQUENCE_ITEM>  </CALLING_SEQUENCE_ITEM>
  <CALLING_SEQUENCE_ITEM>[h]=ss2tf(sl,rmax)   </CALLING_SEQUENCE_ITEM>
  <CALLING_SEQUENCE_ITEM>[Ds,NUM,chi]=ss2tf(sl,rmax)  </CALLING_SEQUENCE_ITEM>
  <CALLING_SEQUENCE_ITEM>  </CALLING_SEQUENCE_ITEM>
  <CALLING_SEQUENCE_ITEM>  </CALLING_SEQUENCE_ITEM>
  </CALLING_SEQUENCE>
  <PARAM>
 <PARAM_INDENT>
  <PARAM_ITEM>
  <PARAM_NAME>sl  </PARAM_NAME>
  <PARAM_DESCRIPTION>
    : linear system (<VERB>syslin</VERB> list)
  </PARAM_DESCRIPTION> 
  </PARAM_ITEM>
  <PARAM_ITEM>
  <PARAM_NAME>h  </PARAM_NAME>
  <PARAM_DESCRIPTION>
    : transfer matrix 
  </PARAM_DESCRIPTION> 
  </PARAM_ITEM>
 </PARAM_INDENT>
  </PARAM>
  <DESCRIPTION>
  <P>
    Called with three outputs <VERB>[Ds,NUM,chi]=ss2tf(sl)</VERB> returns 
    the numerator polynomial matrix <VERB>NUM</VERB>, the characteristic
    polynomial <VERB>chi</VERB> and the polynomial part <VERB>Ds</VERB> separately i.e.:
  </P>
  <VERBATIM><![CDATA[
h=NUM/chi + Ds
   ]]></VERBATIM>
  <P>
    Method:
  </P>
  <P>
    One uses the characteristic polynomial and 
    <VERB>det(A+Eij)=det(A)+C(i,j)</VERB> where <VERB>C</VERB> is the adjugate 
    matrix of <VERB>A</VERB>.
  </P>
  <P>
    With <VERB>rmax</VERB> or <VERB>&quot;b&quot;</VERB> argument uses a block diagonalization of
    sl.A matrix and applies &quot;Leverrier&quot; algorithm on blocks.
    If given, <VERB>rmax</VERB> controls the conditionning (see bdiag).
  </P>
  <P>
  </P>
  </DESCRIPTION>
  <EXAMPLE><![CDATA[
s=poly(0,'s');
h=[1,1/s;1/(s^2+1),s/(s^2-2)]
sl=tf2ss(h);
h=clean(ss2tf(sl))
[Ds,NUM,chi]=ss2tf(sl)
 ]]></EXAMPLE>
  <SEE_ALSO>
    <SEE_ALSO_ITEM> <LINK>tf2ss</LINK> </SEE_ALSO_ITEM>     <SEE_ALSO_ITEM> <LINK>syslin</LINK> </SEE_ALSO_ITEM>     <SEE_ALSO_ITEM> <LINK>nlev</LINK> </SEE_ALSO_ITEM>     <SEE_ALSO_ITEM> <LINK>glever</LINK> </SEE_ALSO_ITEM>
  </SEE_ALSO>
</MAN>
