<?xml version="1.0" encoding="ISO-8859-1" standalone="no"?>
<!DOCTYPE MAN SYSTEM "../../manrev.dtd">
<MAN>
  <LANGUAGE>eng</LANGUAGE>
  <TITLE>obs_gram</TITLE>
  <TYPE>Scilab Function</TYPE>
  <DATE>April 1993</DATE>
  <SHORT_DESCRIPTION name="obs_gram"> observability gramian</SHORT_DESCRIPTION>
  <CALLING_SEQUENCE>
    <CALLING_SEQUENCE_ITEM>Go=obs_gram(A,C [,dom])  </CALLING_SEQUENCE_ITEM>
    <CALLING_SEQUENCE_ITEM>Go=obs_gram(sl)  </CALLING_SEQUENCE_ITEM>
  </CALLING_SEQUENCE>
  <PARAM>
    <PARAM_INDENT>
      <PARAM_ITEM>
        <PARAM_NAME>A,C</PARAM_NAME>
        <PARAM_DESCRIPTION>
          <SP>: real matrices (of appropriate dimensions)</SP>
        </PARAM_DESCRIPTION>
      </PARAM_ITEM>
      <PARAM_ITEM>
        <PARAM_NAME>dom</PARAM_NAME>
        <PARAM_DESCRIPTION>
          <SP>: string (<VERB>&quot;d'</VERB> or <VERB>&quot;c&quot;</VERB> (default value))</SP>
        </PARAM_DESCRIPTION>
      </PARAM_ITEM>
      <PARAM_ITEM>
        <PARAM_NAME>sl</PARAM_NAME>
        <PARAM_DESCRIPTION>
          <SP>: <VERB>syslin</VERB> list</SP>
        </PARAM_DESCRIPTION>
      </PARAM_ITEM>
    </PARAM_INDENT>
  </PARAM>
  <DESCRIPTION>
    <P>
    Observability gramian of the pair <VERB>(A,C)</VERB> or linear 
    system <VERB>sl</VERB> (<VERB>syslin</VERB> list).
    <VERB>dom</VERB> is the domain which can be 
  </P>
    <DESCRIPTION_INDENT>
      <DESCRIPTION_ITEM label="&quot;c&quot;">
        <SP>:  continuous system (default)</SP>
      </DESCRIPTION_ITEM>
      <DESCRIPTION_ITEM label="&quot;d&quot;">
        <SP>:  discrete system</SP>
      </DESCRIPTION_ITEM>
    </DESCRIPTION_INDENT>
  </DESCRIPTION>
  <EXAMPLE>
<![CDATA[
A=-diag(1:3);C=rand(2,3);
Go=obs_gram(A,C,'c');     // <=> w=syslin('c',A,[],C); Go=obs_gram(w);
norm(Go*A+A'*Go+C'*C,1)
norm(lyap(A,-C'*C,'c')-Go,1)
A=A/4; Go=obs_gram(A,C,'d');    //discrete time case
norm(lyap(A,-C'*C,'d')-Go,1)
 ]]>
  </EXAMPLE>
  <SEE_ALSO>
    <SEE_ALSO_ITEM>
      <LINK>ctr_gram</LINK>
    </SEE_ALSO_ITEM>
    <SEE_ALSO_ITEM>
      <LINK>obsvss</LINK>
    </SEE_ALSO_ITEM>
    <SEE_ALSO_ITEM>
      <LINK>obsv_mat</LINK>
    </SEE_ALSO_ITEM>
    <SEE_ALSO_ITEM>
      <LINK>lyap</LINK>
    </SEE_ALSO_ITEM>
  </SEE_ALSO>
</MAN>
