<?xml version="1.0" encoding="ISO-8859-1" standalone="no"?>
<!DOCTYPE MAN SYSTEM "../../manrev.dtd">
<MAN>
  <LANGUAGE>eng</LANGUAGE>
  <TITLE>svplot</TITLE>
  <TYPE>Scilab Function</TYPE>
  <DATE>April 1993</DATE>
  <SHORT_DESCRIPTION name="svplot"> singular-value sigma-plot</SHORT_DESCRIPTION>
  <CALLING_SEQUENCE>
    <CALLING_SEQUENCE_ITEM>[SVM]=svplot(sl,[w])  </CALLING_SEQUENCE_ITEM>
  </CALLING_SEQUENCE>
  <PARAM>
    <PARAM_INDENT>
      <PARAM_ITEM>
        <PARAM_NAME>sl</PARAM_NAME>
        <PARAM_DESCRIPTION>
          <SP>: <VERB>syslin</VERB> list (continuous, discrete or sampled system)</SP>
        </PARAM_DESCRIPTION>
      </PARAM_ITEM>
      <PARAM_ITEM>
        <PARAM_NAME>w</PARAM_NAME>
        <PARAM_DESCRIPTION>
          <SP>: real vector (optional parameter)</SP>
        </PARAM_DESCRIPTION>
      </PARAM_ITEM>
    </PARAM_INDENT>
  </PARAM>
  <DESCRIPTION>
    <P>
    computes for the system <VERB>sl=(A,B,C,D)</VERB>
    the singular values of its transfer function matrix:</P>
    <VERBATIM>
<![CDATA[
             G(jw) = C(jw*I-A)B^-1+D
or
             G(exp(jw)) = C(exp(jw)*I-A)B^-1+D
or
             G(exp(jwT)) = C(exp(jw*T)*I-A)B^-1+D
   ]]>
    </VERBATIM>
    <P>
    evaluated over the frequency range specified by <VERB>w</VERB>. (T is the sampling
    period, <VERB>T=sl('dt')</VERB> for sampled systems).</P>
    <P><VERB>sl</VERB> is a <VERB>syslin</VERB> list representing the system
    <VERB>[A,B,C,D]</VERB> in state-space form. <VERB>sl</VERB> can be continous or
    discrete time or sampled system.</P>
    <P>
    The <VERB>i</VERB>-th column of the output matrix <VERB>SVM</VERB> contains the singular
    values of <VERB>G</VERB> for the <VERB>i</VERB>-th frequency value <VERB>w(i)</VERB>.</P>
    <VERBATIM>
<![CDATA[
SVM = svplot(sl)
   ]]>
    </VERBATIM>
    <P>
    is equivalent to</P>
    <VERBATIM>
<![CDATA[
SVM = svplot(sl,logspace(-3,3))  (continuous)
   ]]>
    </VERBATIM>
    <VERBATIM>
<![CDATA[
SVM = svplot(sl,logspace(-3,%pi)) (discrete)
   ]]>
    </VERBATIM>
  </DESCRIPTION>
  <EXAMPLE>
<![CDATA[
x=logspace(-3,3);
y=svplot(ssrand(2,2,4),x);
xbasc();plot2d1("oln",x',20*log(y')/log(10));
xgrid(12)
xtitle("Singular values plot","(Rd/sec)", "Db");
 ]]>
  </EXAMPLE>
  <AUTHOR>F.D; ;   </AUTHOR>
</MAN>
