<?xml version="1.0" encoding="UTF-8"?>
<!--
 * Scilab ( http://www.scilab.org/ ) - This file is part of Scilab
 * Copyright (C) INRIA - 
 * 
 * This file must be used under the terms of the CeCILL.
 * This source file is licensed as described in the file COPYING, which
 * you should have received as part of this distribution.  The terms
 * are also available at    
 * http://www.cecill.info/licences/Licence_CeCILL_V2-en.txt
 *
 -->
<refentry xmlns="http://docbook.org/ns/docbook" xmlns:xlink="http://www.w3.org/1999/xlink" xmlns:svg="http://www.w3.org/2000/svg" xmlns:mml="http://www.w3.org/1998/Math/MathML" xmlns:db="http://docbook.org/ns/docbook" xmlns:scilab="http://www.scilab.org" xml:lang="en" xml:id="des2tf">
    <refnamediv>
        <refname>des2tf</refname>
        <refpurpose> descriptor to transfer function conversion</refpurpose>
    </refnamediv>
    <refsynopsisdiv>
        <title>Calling Sequence</title>
        <synopsis>[S]=des2tf(sl)
            [Bfs,Bis,chis]=des2tf(sl)
        </synopsis>
    </refsynopsisdiv>
    <refsection>
        <title>Arguments</title>
        <variablelist>
            <varlistentry>
                <term>sl</term>
                <listitem>
                    <para>list (linear system in descriptor form)</para>
                </listitem>
            </varlistentry>
            <varlistentry>
                <term>Bfs, Bis</term>
                <listitem>
                    <para>two polynomial matrices</para>
                </listitem>
            </varlistentry>
            <varlistentry>
                <term>chis</term>
                <listitem>
                    <para>polynomial</para>
                </listitem>
            </varlistentry>
            <varlistentry>
                <term>S</term>
                <listitem>
                    <para>rational matrix</para>
                </listitem>
            </varlistentry>
        </variablelist>
    </refsection>
    <refsection>
        <title>Description</title>
        <para>
            Given the linear system in descriptor form i.e.
            <literal>Sl=list('des',A,B,C,D,E)</literal>, <literal>des2tf</literal> converts <literal>sl</literal> into
            its transfer function representation:
        </para>
        <programlisting role=""><![CDATA[ 
S=C*(s*E-A)^(-1)*B+D
 ]]></programlisting>
        <para>
            Called with 3 outputs arguments <literal>des2tf</literal> returns
            <literal>Bfs</literal> and <literal>Bis</literal> two polynomial matrices, and <literal>chis</literal>
            polynomial such that:
        </para>
        <programlisting role=""><![CDATA[ 
S=Bfs/chis - Bis
 ]]></programlisting>
        <para>
            <literal>chis</literal> is the determinant of <literal>(s*E-A)</literal> (up to a xcative constant);
        </para>
    </refsection>
    <refsection>
        <title>Examples</title>
        <programlisting role="example"><![CDATA[ 
s=poly(0,'s');
G=[1/(s+1),s;1+s^2,3*s^3];
Descrip=tf2des(G);Tf1=des2tf(Descrip)
Descrip2=tf2des(G,"withD");Tf2=des2tf(Descrip2)
[A,B,C,D,E]=Descrip2(2:6);Tf3=C*inv(s*E-A)*B+D
 ]]></programlisting>
    </refsection>
    <refsection role="see also">
        <title>See Also</title>
        <simplelist type="inline">
            <member>
                <link linkend="glever">glever</link>
            </member>
            <member>
                <link linkend="pol2des">pol2des</link>
            </member>
            <member>
                <link linkend="tf2des">tf2des</link>
            </member>
            <member>
                <link linkend="ss2tf">ss2tf</link>
            </member>
            <member>
                <link linkend="des2ss">des2ss</link>
            </member>
            <member>
                <link linkend="rowshuff">rowshuff</link>
            </member>
        </simplelist>
    </refsection>
</refentry>
