<?xml version="1.0" encoding="UTF-8"?>
<!--
 * Scilab ( http://www.scilab.org/ ) - This file is part of Scilab
 * Copyright (C) INRIA - 
 * 
 * This file must be used under the terms of the CeCILL.
 * This source file is licensed as described in the file COPYING, which
 * you should have received as part of this distribution.  The terms
 * are also available at    
 * http://www.cecill.info/licences/Licence_CeCILL_V2-en.txt
 *
 -->
<refentry xmlns="http://docbook.org/ns/docbook" xmlns:xlink="http://www.w3.org/1999/xlink" xmlns:svg="http://www.w3.org/2000/svg" xmlns:mml="http://www.w3.org/1998/Math/MathML" xmlns:db="http://docbook.org/ns/docbook" xmlns:scilab="http://www.scilab.org" xml:lang="en" xml:id="sm2des">
    <refnamediv>
        <refname>sm2des</refname>
        <refpurpose> system matrix to descriptor</refpurpose>
    </refnamediv>
    <refsynopsisdiv>
        <title>Calling Sequence</title>
        <synopsis>[Des]=sm2des(Sm);</synopsis>
    </refsynopsisdiv>
    <refsection>
        <title>Arguments</title>
        <variablelist>
            <varlistentry>
                <term>Sm</term>
                <listitem>
                    <para>polynomial matrix (pencil system matrix)</para>
                </listitem>
            </varlistentry>
            <varlistentry>
                <term>Des</term>
                <listitem>
                    <para>
                        descriptor system (<literal>list('des',A,B,C,D,E)</literal>)
                    </para>
                </listitem>
            </varlistentry>
        </variablelist>
    </refsection>
    <refsection>
        <title>Description</title>
        <para>
            Utility function: converts the system matrix:
        </para>
        <programlisting role=""><![CDATA[ 
Sm = [-sE + A   B;
     [    C     D]
 ]]></programlisting>
        <para>
            to descriptor system <literal>Des=list('des',A,B,C,D,E)</literal>).
        </para>
    </refsection>
    <refsection role="see also">
        <title>See Also</title>
        <simplelist type="inline">
            <member>
                <link linkend="ss2des">ss2des</link>
            </member>
            <member>
                <link linkend="sm2ss">sm2ss</link>
            </member>
        </simplelist>
    </refsection>
</refentry>
