<?xml version="1.0" encoding="UTF-8"?>
<!--
 * Scilab ( http://www.scilab.org/ ) - This file is part of Scilab
 * Copyright (C) INRIA - 
 * 
 * This file must be used under the terms of the CeCILL.
 * This source file is licensed as described in the file COPYING, which
 * you should have received as part of this distribution.  The terms
 * are also available at    
 * http://www.cecill.info/licences/Licence_CeCILL_V2-en.txt
 *
 -->
<refentry xmlns="http://docbook.org/ns/docbook" xmlns:xlink="http://www.w3.org/1999/xlink" xmlns:svg="http://www.w3.org/2000/svg" xmlns:mml="http://www.w3.org/1998/Math/MathML" xmlns:db="http://docbook.org/ns/docbook" xmlns:scilab="http://www.scilab.org" xml:lang="ja" xml:id="arhnk">
    <refnamediv>
        <refname>arhnk</refname>
        <refpurpose>ハンケルノルム近似</refpurpose>
    </refnamediv>
    <refsynopsisdiv>
        <title>呼出し手順</title>
        <synopsis>[slm]=arhnk(sl,ord,[tol])</synopsis>
    </refsynopsisdiv>
    <refsection>
        <title>パラメータ</title>
        <variablelist>
            <varlistentry>
                <term>sl</term>
                <listitem>
                    <para>
                        線形システム (<literal>syslin</literal> リスト)
                    </para>
                </listitem>
            </varlistentry>
            <varlistentry>
                <term>ord</term>
                <listitem>
                    <para>整数, 近似の次数</para>
                </listitem>
            </varlistentry>
            <varlistentry>
                <term>tol</term>
                <listitem>
                    <para>
                        <literal>equil1</literal>におけるランク近似の閾値
                    </para>
                </listitem>
            </varlistentry>
        </variablelist>
    </refsection>
    <refsection>
        <title>説明</title>
        <para>
            行列<literal>[A,B,C,D]</literal>で定義される
            安定な連続時間線形システム<literal>sl</literal>の最適ハンケルノルム近似
            <literal>slm</literal>を計算します.
        </para>
    </refsection>
    <refsection>
        <title>例</title>
        <programlisting role="example"><![CDATA[ 
A=diag([-1,-2,-3,-4,-5]);B=rand(5,1);C=rand(1,5);
sl=syslin('c',A,B,C);
slapprox=arhnk(sl,2);
[nk,W]=hankelsv(sl);nk
[nkred,Wred]=hankelsv(slapprox);nkred
 ]]></programlisting>
    </refsection>
    <refsection role="see also">
        <title>参照</title>
        <simplelist type="inline">
            <member>
                <link linkend="equil">equil</link>
            </member>
            <member>
                <link linkend="equil1">equil1</link>
            </member>
            <member>
                <link linkend="hankelsv">hankelsv</link>
            </member>
        </simplelist>
    </refsection>
</refentry>
