<?xml version="1.0" encoding="UTF-8"?>
<!--
Scilab ( http://www.scilab.org/ ) - This file is part of Scilab
Copyright (C) 2012 - INRIA - Serge Steer

This file must be used under the terms of the CeCILL.
This source file is licensed as described in the file COPYING, which
you should have received as part of this distribution.  The terms
are also available at
http://www.cecill.info/licences/Licence_CeCILL_V2-en.txt
 * Add some comments about XML file
-->
<refentry xmlns="http://docbook.org/ns/docbook" xmlns:xlink="http://www.w3.org/1999/xlink" xmlns:svg="http://www.w3.org/2000/svg" xmlns:ns3="http://www.w3.org/1999/xhtml" xmlns:mml="http://www.w3.org/1998/Math/MathML" xmlns:db="http://docbook.org/ns/docbook" xmlns:scilab="http://www.scilab.org" xml:id="arma2ss" xml:lang="ja">
    <refnamediv>
        <refname>arma2ss</refname>
        <refpurpose>armaxデータ構造体を状態空間表現に変換する.</refpurpose>
    </refnamediv>
    <refsynopsisdiv>
        <title>呼び出し手順</title>
        <synopsis>[S,Sn] = arma2ss(Ar)
            S = arma2ss(Ar)
        </synopsis>
    </refsynopsisdiv>
    <refsection>
        <title>パラメータ</title>
        <variablelist>
            <varlistentry>
                <term>Ar</term>
                <listitem>
                    <para>
                        armaxデータ構造体 (<link linkend="armac">armac</link>参照.
                    </para>
                </listitem>
            </varlistentry>
            <varlistentry>
                <term>S</term>
                <listitem>
                    <para>
                        離散時間状態空間データ構造体 (<link linkend="syslin">syslin</link>参照. 通常入力から出力への伝達.
                    </para>
                </listitem>
            </varlistentry>
            <varlistentry>
                <term>Sn</term>
                <listitem>
                    <para>
                        離散時間状態空間データ構造体 ( <link linkend="syslin">syslin</link>参照. ノイズ入力から出力への伝達.
                    </para>
                </listitem>
            </varlistentry>
        </variablelist>
    </refsection>
    <refsection>
        <title>説明</title>
        <para>
            <literal>[S,Sn] = arma2ss(Ar) </literal>
            armaxデータ構造体を状態空間表現に変換します.
            完全なarmax伝達 <literal>F</literal> は
            <literal>F=[S,Sn]</literal>により得られます.
        </para>
    </refsection>
    <refsection>
        <title>例</title>
        <programlisting role="example">A = [eye(2,2),[-1.5 0.1;-0.2 1.5],[0.7 -0.3;0.1 0.7]];
            B = [[0;0] [1;-1] [0.5;1.2]];
            Ar = armac(A, B, zeros(2, 2), 2, 1, 0)
            [S, Sn] = arma2ss(Ar)    
        </programlisting>
    </refsection>
    <refsection>
        <title>参照</title>
        <simplelist type="inline">
            <member>
                <link linkend="armac">armac</link>
            </member>
            <member>
                <link linkend="arma">arma</link>
            </member>
            <member>
                <link linkend="syslin">syslin</link>
            </member>
        </simplelist>
    </refsection>
    <refsection>
        <title>作者</title>
        <simplelist type="vert">
            <member>Serge Steer, INRIA</member>
        </simplelist>
    </refsection>
    <refsection>
        <title>履歴</title>
        <revhistory>
            <revision>
                <revnumber>5.4.0</revnumber>
                <revremark>arma2ss 追加.</revremark>
            </revision>
        </revhistory>
    </refsection>
</refentry>
