<?xml version="1.0" encoding="UTF-8" standalone="no"?>
<!--
 * Scilab ( http://www.scilab.org/ ) - This file is part of Scilab
 * Copyright (C) 2007-2008 - INRIA - Sylvestre LEDRU
 * Copyright (C) 2007-2008 - INRIA - Allan CORNET
 *
 * This file must be used under the terms of the CeCILL.
 * This source file is licensed as described in the file COPYING, which
 * you should have received as part of this distribution.  The terms
 * are also available at
 * http://www.cecill.info/licences/Licence_CeCILL_V2.1-en.txt
 *
 -->

<!DOCTYPE GATEWAY SYSTEM "../../functions/xml/gateway.dtd">
<GATEWAY name="arnoldi">
    <!-- =================== -->
    <!--
 Scilab
 Interface description. In this file, we define the list of the function which
 will be available into Scilab and the link to the "native" function.

 gatewayId is the position in the hashtable 'Interfaces' defined in the
 file SCI/modules/core/src/c/callinterf.h

 primitiveId is the position in the hashtable '<module>Table Tab[]' defined
 in the file modules/<module>/sci_gateway/c/gw_<module>.c

 primitiveName is the name of the Scilab function

 ===================
 Don't touch if you do not know what you are doing
-->
    <!-- =================== -->
    
    <PRIMITIVE gatewayId="35" primitiveId="1" primitiveName="dsaupd" />
    <PRIMITIVE gatewayId="35" primitiveId="2" primitiveName="dnaupd" />
    <PRIMITIVE gatewayId="35" primitiveId="3" primitiveName="znaupd" />
    <PRIMITIVE gatewayId="35" primitiveId="4" primitiveName="dseupd" />
    <PRIMITIVE gatewayId="35" primitiveId="5" primitiveName="dneupd" />
    <PRIMITIVE gatewayId="35" primitiveId="6" primitiveName="zneupd" />
    <PRIMITIVE gatewayId="35" primitiveId="7" primitiveName="%_eigs" />
</GATEWAY>
