<?xml version="1.0" encoding="utf-8"?>
<!--
 * Scilab ( http://www.scilab.org/ ) - This file is part of Scilab
 * Copyright (C) 2009  - DIGITEO - Antoine ELIAS
 *
 * Copyright (C) 2012 - 2016 - Scilab Enterprises
 *
 * This file is hereby licensed under the terms of the GNU GPL v2.0,
 * pursuant to article 5.3.4 of the CeCILL v.2.1.
 * This file was originally licensed under the terms of the CeCILL v2.1,
 * and continues to be available under such terms.
 * For more information, see the COPYING file which you should have received
 * along with this program.
 *
 -->
<refentry xmlns="http://docbook.org/ns/docbook" xmlns:xlink="http://www.w3.org/1999/xlink" xmlns:svg="http://www.w3.org/2000/svg" xmlns:ns5="http://www.w3.org/1999/xhtml" xmlns:mml="http://www.w3.org/1998/Math/MathML" xmlns:db="http://docbook.org/ns/docbook" xmlns:scilab="http://www.scilab.org" xml:id="bsparse_reading_API" xml:lang="ja">
    <refnamediv>
        <refname>論理値疎行列の読み込み (Scilabゲートウェイ)</refname>
        <refpurpose>
            ゲートウェイで論理値の疎行列を読み込む方法.
        </refpurpose>
    </refnamediv>
    <refsynopsisdiv>
        <title>呼び出し手順</title>
        <para>入力引数プロファイル:</para>
        <synopsis>SciErr getBooleanSparseMatrix(void* _pvCtx, int* _piAddress, int* _piRows, int* _piCols, int* _piNbItem, int** _piNbItemRow, int** _piColPos)</synopsis>
        <para>名前指定変数プロファイル:</para>
        <synopsis>SciErr readNamedBooleanSparseMatrix(void* _pvCtx, const char* _pstName, int* _piRows, int* _piCols, int* _piNbItem, int* _piNbItemRow, int* _piColPos)</synopsis>
    </refsynopsisdiv>
    <refsection>
        <title>引数</title>
        <variablelist>
            <varlistentry>
                <term>_pvCtx</term>
                <listitem>
                    <para>
                        Scilab環境ポインタ, api_scilab.hで定義される "pvApiCtx" を指定
                    </para>
                </listitem>
            </varlistentry>
            <varlistentry>
                <term>_piAddress</term>
                <listitem>
                    <para>
                        Scilab変数のアドレス.
                    </para>
                </listitem>
            </varlistentry>
            <varlistentry>
                <term>_pstName</term>
                <listitem>
                    <para>
                        "名前指定" 関数の場合の変数名.
                    </para>
                </listitem>
            </varlistentry>
            <varlistentry>
                <term>_piRows</term>
                <listitem>
                    <para>
                        変数の行の数.
                    </para>
                </listitem>
            </varlistentry>
            <varlistentry>
                <term>_piCols</term>
                <listitem>
                    <para>
                        変数の列の数.
                    </para>
                </listitem>
            </varlistentry>
            <varlistentry>
                <term>_piNbItem</term>
                <listitem>
                    <para>
                        返される非ゼロ値の数.
                    </para>
                </listitem>
            </varlistentry>
            <varlistentry>
                <term>_piNbItemRow</term>
                <listitem>
                    <para>
                        返される各行の要素の数 (大きさ: _iRows).
                        "名前指定" 関数の場合, 関数コールの前に _piNbItemRow のメモリを確保する必要があります.
                    </para>
                </listitem>
            </varlistentry>
            <varlistentry>
                <term>_piColPos</term>
                <listitem>
                    <para>
                        返される各要素の列の位置 (大きさ: _iNbItem).
                        "名前指定"関数の場合, 関数コール前に _piColPos のメモリを確保する必要があります.
                    </para>
                </listitem>
            </varlistentry>
            <varlistentry>
                <term>SciErr</term>
                <listitem>
                    <para>
                        エラー構造体で,エラーメッセージ履歴と最初のエラー番号を保持します.
                    </para>
                </listitem>
            </varlistentry>
        </variablelist>
    </refsection>
    <refsection>
        <title>説明</title>
        <para>このヘルプは論理値の疎行列を読み込む方法を説明します.</para>
    </refsection>
    <refsection>
        <!--File_gateway: SCI/modules/api_scilab/tests/unit_tests/read_write_bsparse_api.c-->
        <!--File_scilab: SCI/modules/api_scilab/tests/unit_tests/read_write_bsparse_api.tst-->
        <!--Lib_name: read_write_bsparse-->
        <!--Func_list: read_write_bsparse-->
        <title>ゲートウェイのソース</title>
        <programlisting role="code_gateway"><![CDATA[
#include "api_scilab.h"
int read_write_bsparse(char *fname,void* pvApiCtx)
{
    SciErr sciErr;
    int i                   = 0;
    int j                   = 0;
    int k                   = 0;
    // 最初の変数の情報 : doubleの実数行列
    int iRows               = 0;
    int iCols               = 0;
    int *piAddr             = NULL;
    int iNbItem             = 0;
    int* piNbItemRow        = NULL;
    int* piColPos           = NULL;
    int iCol                = 0;
    int iNewCol             = 0;
    int iNewItem            = 0;
    int* piNewRow           = NULL;
    int* piNewCol           = NULL;
    // 入力/出力引数を確認
    CheckInputArgument(pvApiCtx, 1, 1);
    CheckOutputArgument(pvApiCtx, 1, 1);
    // 最初の入力引数の変数アドレスを取得
    sciErr = getVarAddressFromPosition(pvApiCtx, 1, &piAddr);
    if(sciErr.iErr)
    {
        printError(&sciErr, 0);
        return 0;
    }
    // Scilabメモリから大きさとデータを取得
    sciErr = getBooleanSparseMatrix(pvApiCtx, piAddr, &iRows, &iCols, &iNbItem, &piNbItemRow, &piColPos);
    if(sciErr.iErr)
    {
        printError(&sciErr, 0);
        return 0;
    }
    // データで何か処理を行う
    // %T -> %F および %F -> %T の変換を行う
    iNewItem = (iRows * iCols) - iNbItem;
    piNewRow = (int*)MALLOC(sizeof(int) * iRows);
    piNewCol = (int*)MALLOC(sizeof(int) * iNewItem);
    for(i = 0 ; i < iRows ; i++)
    {
        piNewRow[i] = iCols - piNbItemRow[i];
        for(j = 0 ; j < iCols ; j++)
        {
            int iFind = 0;
            for(k = 0 ; k < piNbItemRow[i] ; k++)
            {
                if(piColPos[iCol + k] == (j + 1))
                {
                    iFind = 1;
                    break;
                }
            }
            if(iFind == 0)
            {
                piNewCol[iNewCol++] = (j + 1);
            }
        }
        iCol += piNbItemRow[i];
    }
    sciErr = createBooleanSparseMatrix(pvApiCtx, nbInputArgument(pvApiCtx) + 1, iRows, iCols, iNewItem, piNewRow, piNewCol);
    if(sciErr.iErr)
    {
        printError(&sciErr, 0);
        return 0;
    }
    AssignOutputVariable(pvApiCtx, 1) = nbInputArgument(pvApiCtx) + 1;
    return 0;
}
 ]]></programlisting>
    </refsection>
    <refsection>
        <title>Scilabテストスクリプト</title>
        <programlisting role="code_scilab"><![CDATA[
a = sparse([%t, %f, %t ; %f, %t, %f ; %t, %f, %t]);
a_ref = sparse([%f, %t, %f ; %t, %f, %t ; %f, %t, %f]);
b = read_write_bsparse(a);
if or(b <> a_ref) then error("failed");end
 ]]></programlisting>
    </refsection>
</refentry>
