<?xml version="1.0" encoding="utf-8"?>
<!--
 * Scilab ( http://www.scilab.org/ ) - This file is part of Scilab
 * Copyright (C) 2009  - DIGITEO - Antoine ELIAS
 *
 * Copyright (C) 2012 - 2016 - Scilab Enterprises
 *
 * This file is hereby licensed under the terms of the GNU GPL v2.0,
 * pursuant to article 5.3.4 of the CeCILL v.2.1.
 * This file was originally licensed under the terms of the CeCILL v2.1,
 * and continues to be available under such terms.
 * For more information, see the COPYING file which you should have received
 * along with this program.
 *
 -->
<refentry xmlns="http://docbook.org/ns/docbook" xmlns:xlink="http://www.w3.org/1999/xlink" xmlns:svg="http://www.w3.org/2000/svg" xmlns:ns5="http://www.w3.org/1999/xhtml" xmlns:mml="http://www.w3.org/1998/Math/MathML" xmlns:db="http://docbook.org/ns/docbook" xmlns:scilab="http://www.scilab.org" xml:id="Sparse_management_writing_API" xml:lang="ja">
    <refnamediv>
        <refname>疎行列の書き込み (Scilab ゲートウェイ)</refname>
        <refpurpose>
            ゲートウェイで疎行列を書き込む方法.
        </refpurpose>
    </refnamediv>
    <refsynopsisdiv>
        <refsection>
            既存のデータから作成.
        </refsection>
        <title>呼び出し手順</title>
        <para>入力引数プロファイル:</para>
        <synopsis>SciErr createSparseMatrix(void* _pvCtx, int _iVar, int _iRows, int _iCols, int _iNbItem, const int* _piNbItemRow, const int* _piColPos, const double* _pdblReal)</synopsis>
        <synopsis>SciErr createComplexSparseMatrix(void* _pvCtx, int _iVar, int _iRows, int _iCols, int _iNbItem, const int* _piNbItemRow, const int* _piColPos, const double* _pdblReal, const double* _pdblImg)</synopsis>
        <para>名前指定変数プロファイル:</para>
        <synopsis>SciErr createNamedSparseMatrix(void* _pvCtx, const char* _pstName, int _iRows, int _iCols, int _iNbItem, const int* _piNbItemRow, const int* _piColPos, const double* _pdblReal)</synopsis>
        <synopsis>SciErr createNamedComplexSparseMatrix(void* _pvCtx, const char* _pstName, int _iRows, int _iCols, int _iNbItem, const int* _piNbItemRow, const int* _piColPos, const double* _pdblReal, const double* _pdblImg)</synopsis>
    </refsynopsisdiv>
    <refsection>
        <title>引数</title>
        <variablelist>
            <varlistentry>
                <term>_pvCtx</term>
                <listitem>
                    <para>
                        Scilab環境ポインタ, api_scilab.h により定義された "pvApiCtx"で指定.
                    </para>
                </listitem>
            </varlistentry>
            <varlistentry>
                <term>_iVar</term>
                <listitem>
                    <para>
                        変数を保存するScilabメモリの位置.
                    </para>
                </listitem>
            </varlistentry>
            <varlistentry>
                <term>_pstName</term>
                <listitem>
                    <para>
                        "名前指定"関数の場合の変数名.
                    </para>
                </listitem>
            </varlistentry>
            <varlistentry>
                <term>_iRows</term>
                <listitem>
                    <para>
                        新規変数の行数.
                    </para>
                </listitem>
            </varlistentry>
            <varlistentry>
                <term>_iCols</term>
                <listitem>
                    <para>
                        新規変数の列数.
                    </para>
                </listitem>
            </varlistentry>
            <varlistentry>
                <term>_iNbItem</term>
                <listitem>
                    <para>
                        疎行列の非ゼロ要素の要素.
                    </para>
                </listitem>
            </varlistentry>
            <varlistentry>
                <term>_piNbItemRow</term>
                <listitem>
                    <para>
                        各行の要素数 (大きさ: _iRows).
                    </para>
                </listitem>
            </varlistentry>
            <varlistentry>
                <term>_piColPos</term>
                <listitem>
                    <para>
                        各要素の列方向の位置 (大きさ: _iNbItem).
                    </para>
                </listitem>
            </varlistentry>
            <varlistentry>
                <term>_pdblReal</term>
                <listitem>
                    <para>
                        実部データ配列のアドレス (大きさ: _iNbItem).
                    </para>
                </listitem>
            </varlistentry>
            <varlistentry>
                <term>_pdblImg</term>
                <listitem>
                    <para>
                        虚部データ配列のアドレス (大きさ: _iNbItem).
                    </para>
                    <para>
                        この引数は createSparseMatrix および createNamedSparseMatrixには存在しません.
                    </para>
                </listitem>
            </varlistentry>
            <varlistentry>
                <term>SciErr</term>
                <listitem>
                    <para>
                        エラー構造体で,エラーメッセージ履歴と最初のエラー番号を格納します.
                    </para>
                </listitem>
            </varlistentry>
        </variablelist>
    </refsection>
    <refsynopsisdiv>
        <refsection>
            Scilabメモリに直接書き込む.
        </refsection>
        <title>呼び出し手順</title>
        <para>入力引数プロファイル:</para>
        <synopsis>SciErr allocSparseMatrix(void* _pvCtx, int _iVar, int _iRows, int _iCols, int _iNbItem, int** _piNbItemRow, int** _piColPos, double** _pdblReal)</synopsis>
        <synopsis>SciErr allocComplexSparseMatrix(void* _pvCtx, int _iVar, int _iRows, int _iCols, int _iNbItem, int** _piNbItemRow, int** _piColPos, double** _pdblReal, double** _pdblImg)</synopsis>
    </refsynopsisdiv>
    <refsection>
        <title>引数</title>
        <variablelist>
            <varlistentry>
                <term>_pvCtx</term>
                <listitem>
                    <para>
                        Scilab環境ポインタ, api_scilab.h により定義された "pvApiCtx"で指定.
                    </para>
                </listitem>
            </varlistentry>
            <varlistentry>
                <term>_iVar</term>
                <listitem>
                    <para>
                        変数を保存するScilabメモリの位置.
                    </para>
                </listitem>
            </varlistentry>
            <varlistentry>
                <term>_iRows</term>
                <listitem>
                    <para>
                        新規変数の行数.
                    </para>
                </listitem>
            </varlistentry>
            <varlistentry>
                <term>_iCols</term>
                <listitem>
                    <para>
                        新規変数の列数.
                    </para>
                </listitem>
            </varlistentry>
            <varlistentry>
                <term>_iNbItem</term>
                <listitem>
                    <para>
                        疎行列の非ゼロ要素の数.
                    </para>
                </listitem>
            </varlistentry>
            <varlistentry>
                <term>_piNbItemRow</term>
                <listitem>
                    <para>
                        返される各行の要素数のアドレス (大きさ: _iRows).
                    </para>
                </listitem>
            </varlistentry>
            <varlistentry>
                <term>_piColPos</term>
                <listitem>
                    <para>
                        返される各要素の列方向のアドレス (大きさ: _iNbItem).
                    </para>
                </listitem>
            </varlistentry>
            <varlistentry>
                <term>_pdblReal</term>
                <listitem>
                    <para>
                        実部データ配列のアドレス (大きさ: _iNbItem).
                    </para>
                </listitem>
            </varlistentry>
            <varlistentry>
                <term>_pdblImg</term>
                <listitem>
                    <para>
                        虚部データ配列のアドレス (大きさ: _iNbItem).
                    </para>
                    <para>
                        この引数は allocSparseMatrixには存在しません.
                    </para>
                </listitem>
            </varlistentry>
            <varlistentry>
                <term>SciErr</term>
                <listitem>
                    <para>
                        エラー構造体で,エラーメッセージ履歴と最初のエラー番号を格納します.
                    </para>
                </listitem>
            </varlistentry>
        </variablelist>
    </refsection>
    <refsection>
        <title>説明</title>
        <para>このヘルプは疎行列を追加する方法を示します.</para>
        <para>Scilabメモリに書き込む際には,2種類の関数を使用可能です.</para>
    </refsection>
    <refsection>
        <!--File_gateway: SCI/modules/api_scilab/tests/unit_tests/sparse_writing_api.c-->
        <!--File_scilab: SCI/modules/api_scilab/tests/unit_tests/sparse_writing_api.tst-->
        <!--Lib_name: sparse_writing-->
        <!--Func_list: write_sparse-->
        <title>ゲートウェイのソース</title>
        <programlisting role="code_gateway"><![CDATA[
#include "api_scilab.h"
int write_sparse(char *fname,void* pvApiCtx)
{
	SciErr sciErr;
	int piNbItemRow[]	= {1,2,1};
	int piColPos[]		= {8,4,7,2};
	double pdblSReal[]	= {1,2,3,4};
	double pdblSImg[]	= {4,3,2,1};
	int iNbItem			= 4;
	sciErr = createComplexSparseMatrix(pvApiCtx, nbInputArgument(pvApiCtx) + 1, 3, 10, iNbItem, piNbItemRow, piColPos, pdblSReal, pdblSImg);
	if(sciErr.iErr)
	{
		printError(&sciErr, 0);
		return 0;
	}
	AssignOutputVariable(pvApiCtx, 1) = nbInputArgument(pvApiCtx) + 1;
	return 0;
}
 ]]></programlisting>
    </refsection>
    <refsection>
        <title>Scilab テストスクリプト</title>
        <programlisting role="code_scilab"><![CDATA[
sp_ref = sparse([1,8;2,4;2,7;3,2],[1+4*%i,2+3*%i,3+2*%i,4+%i], [3,10]);
sp = write_sparse();
if or(sp <> sp_ref) then error("failed"), end
 ]]></programlisting>
    </refsection>
</refentry>
