<?xml version="1.0" encoding="ISO-8859-1"?>
<!--
 * Scilab ( http://www.scilab.org/ ) - This file is part of Scilab
 * Copyright (C) INRIA - Allan CORNET
 * 
 * This file is released into the public domain
 *
 -->
<refentry version="5.0-subset Scilab" xml:id="scilab_sum" xml:lang="en"
          xmlns="http://docbook.org/ns/docbook"
          xmlns:xlink="http://www.w3.org/1999/xlink"
          xmlns:svg="http://www.w3.org/2000/svg"
          xmlns:ns3="http://www.w3.org/1999/xhtml"
          xmlns:mml="http://www.w3.org/1998/Math/MathML"
          xmlns:db="http://docbook.org/ns/docbook">
  <info>
    <pubdate>$LastChangedDate: 2008-03-26 09:50:39 +0100 (mer., 26 mars 2008)
    $</pubdate>
  </info>

  <refnamediv>
    <refname>scilab_sum</refname>

    <refpurpose>calcule de la somme depuis du code scilab</refpurpose>
  </refnamediv>

  <refsynopsisdiv>
    <title>Calling Sequence</title>

    <synopsis>a = scilab_sum(b,c)</synopsis>
  </refsynopsisdiv>

  <refsection>
    <title>Description</title>

    <para>calcule la somme.</para>

    <para>Add here a paragraph of the function description </para>
  </refsection>

  <refsection>
    <title>Examples</title>

    <programlisting role="example">scilab_sum(3,4)</programlisting>
  </refsection>

  <refsection>
    <title>Authors</title>

    <simplelist type="vert">
      <member>Allan CORNET</member>
    </simplelist>
  </refsection>
</refentry>
