<?xml version="1.0" encoding="UTF-8"?>
<refentry version="5.0-subset Scilab" xml:id="stk"
          xmlns="http://docbook.org/ns/docbook"
          xmlns:xlink="http://www.w3.org/1999/xlink"
          xmlns:xi="http://www.w3.org/2001/XInclude"
          xmlns:svg="http://www.w3.org/2000/svg"
          xmlns:mml="http://www.w3.org/1998/Math/MathML"
          xmlns:html="http://www.w3.org/1999/xhtml"
          xmlns:db="http://docbook.org/ns/docbook">
  <refnamediv>
    <refname>stk</refname>

    <refpurpose>Return a pointer to a double to access data stored at a given
    position in the Scilab memory</refpurpose>
  </refnamediv>

  <refsynopsisdiv>
    <title>Calling Sequence</title>

    <synopsis>stk(l_stack_pos)</synopsis>
  </refsynopsisdiv>

  <refsection>
    <title>Parameters</title>

    <variablelist>
      <varlistentry>
        <term>l_stack_pos</term>

        <listitem>
          <para>the position in the Scilab memory of the variable to be
          accessed (input argument)</para>
        </listitem>
      </varlistentry>
    </variablelist>
  </refsection>

  <refsection>
    <title>Description</title>

    <para>This C gateway function returns a pointer to a double to access data
    stored at a given position in the Scilab memory .</para>

    <para>WARNING: This API is deprecated from Scilab 5.2.0 and is going to be removed with Scilab 6.0. Please use <link linkend="api_scilab">API Scilab</link> (the new Scilab API).</para>
  </refsection>

  <refsection>
    <title>Examples</title>

    <programlisting role="example"><![CDATA[ 
#include <stack-c.h>

int sci_myones(char * fname)
{
  int m_row, n_col, l_pos;
  
  m_row = 1; n_col = 1; // We create a scalar
  CreateVar(1, MATRIX_OF_DOUBLE_DATATYPE, &m_row, &n_col, &l_pos);

  *stk(l_pos) = 1.0; // We store the value 1.0 in the area allocated by CreateVar

  LhsVar(1) = 1; // We set the parameter 1 created by CreateVar as an output parameter
                   // of the gateway function

  return 0;
}
 ]]></programlisting>
  </refsection>

  <refsection>
    <title>See Also</title>

    <simplelist type="inline">
      <member><link linkend="ScilabCTypes">Scilab C Type</link></member>

      <member><link linkend="CreateVar">CreateVar</link></member>

      <member><link linkend="LhsVar">LhsVar</link></member>
    </simplelist>
  </refsection>
</refentry>
