<?xml version="1.0" encoding="UTF-8"?>
<!--
 * Scilab ( http://www.scilab.org/ ) - This file is part of Scilab
 * Copyright (C) DIGITEO - Pierre MARECHAL <pierre.marechal@scilab.org>
 * 
 * This file must be used under the terms of the CeCILL.
 * This source file is licensed as described in the file COPYING, which
 * you should have received as part of this distribution.  The terms
 * are also available at    
 * http://www.cecill.info/licences/Licence_CeCILL_V2-en.txt
 *
 -->
<refentry xmlns="http://docbook.org/ns/docbook" xmlns:xlink="http://www.w3.org/1999/xlink" xmlns:svg="http://www.w3.org/2000/svg" xmlns:mml="http://www.w3.org/1998/Math/MathML" xmlns:db="http://docbook.org/ns/docbook" version="5.0-subset Scilab" xml:lang="en" xml:id="atoms">

  <refnamediv>
    <refname>Functions Summary</refname>
  </refnamediv>

  <!-- ===================================================================== -->
	<!-- Install/Remove/Update modules -->
  <!-- ===================================================================== -->
	
  <refsection>
    <title>Install/Remove/Update modules ...</title>
    <para>
			<informaltable border="1">
				<tr>
					<td>
						<link linkend="atomsInstall">atomsInstall</link>
					</td>
					<td>
						Install one or several modules
					</td>
				</tr>
				
				<tr>
					<td>
						<link linkend="atomsUpdate">atomsUpdate</link>
					</td>
					<td>
						Update one or several modules
					</td>
				</tr>
				
				<tr>
					<td>
						<link linkend="atomsRemove">atomsRemove</link>
					</td>
					<td>
						Remove one or several modules
					</td>
				</tr>
				
				<tr>
					<td>
						<link linkend="atomsGetInstalled">atomsGetInstalled</link>
					</td>
					<td>
						Get the list of installed external modules
					</td>
				</tr>
				
				<tr>
					<td>
						<link linkend="atomsIsInstalled">atomsIsInstalled</link>
					</td>
					<td>
						Determines whether the module is installed or not
					</td>
				</tr>
			</informaltable>
		</para>
  </refsection>
	
  <!-- ===================================================================== -->
	<!-- Load modules -->
  <!-- ===================================================================== -->
	
  <refsection>
    <title>Load modules ...</title>
    <para>
			<informaltable border="1">
				<tr>
					<td>
						<link linkend="atomsLoad">atomsLoad</link>
					</td>
					<td>
						Load one or several modules
					</td>
				</tr>
				<tr>
					<td>
						<link linkend="atomsGetLoaded">atomsGetLoaded</link>
					</td>
					<td>
						Get the list of loaded modules
					</td>
				</tr>
				<tr>
					<td>
						<link linkend="atomsIsLoaded">atomsIsLoaded</link>
					</td>
					<td>
						Determines whether the module is loaded or not
					</td>
				</tr>
				<tr>
					<td>
						<link linkend="atomsAutoloadList">atomsAutoloadList</link>
					</td>
					<td>
						Get the list of modules registered to autoload at Scilab start.
					</td>
				</tr>
				<tr>
					<td>
						<link linkend="atomsAutoloadAdd">atomsAutoloadAdd</link>
					</td>
					<td>
						Add one or several modules to autoload system.
					</td>
				</tr>
				<tr>
					<td>
						<link linkend="atomsAutoloadDel">atomsAutoloadDel</link>
					</td>
					<td>
						Remove one or several modules from autoload system.
					</td>
				</tr>
			</informaltable>
		</para>
  </refsection>
	
  <!-- ===================================================================== -->
	<!-- Information -->
  <!-- ===================================================================== -->
	
  <refsection>
    <title>Get information ...</title>
    <para>
			<informaltable border="1">
				<tr>
					<td>
						<link linkend="atomsList">atomsList</link>
					</td>
					<td>
						List available modules
					</td>
				</tr>
				<tr>
					<td>
						<link linkend="atomsSearch">atomsSearch</link>
					</td>
					<td>
						Searches for modules
					</td>
				</tr>
				<tr>
					<td>
						<link linkend="atomsShow">atomsShow</link>
					</td>
					<td>
						Show the caracteristics of a module
					</td>
				</tr>
				<tr>
					<td>
						<link linkend="atomsDepTreeShow">atomsDepTreeShow</link>
					</td>
					<td>
						Show the dependency tree of a module
					</td>
				</tr>
			</informaltable>
		</para>
  </refsection>	
	
  <!-- ===================================================================== -->
	<!-- Repository management -->
  <!-- ===================================================================== -->
	
  <refsection>
    <title>Manage repositories ...</title>
    <para>
			<informaltable border="1">
				<tr>
					<td>
						<link linkend="atomsRepositoryList">atomsRepositoryList</link>
					</td>
					<td>
						Get the list of managed repositories
					</td>
				</tr>
				<tr>
					<td>
						<link linkend="atomsRepositoryAdd">atomsRepositoryAdd</link>
					</td>
					<td>
						Add one or several URLs to the list of managed repositories
					</td>
				</tr>
				<tr>
					<td>
						<link linkend="atomsRepositoryDel">atomsRepositoryDel</link>
					</td>
					<td>
						Remove one or several URLs from the list of managed repositories
					</td>
				</tr>
			</informaltable>
		</para>
  </refsection>	
	
	<!-- ===================================================================== -->
	<!-- Atoms  -->
  <!-- ===================================================================== -->
	
  <refsection>
    <title>Manage ATOMS system ...</title>
    <para>
			<informaltable border="1">
				<tr>
					<td>
						<link linkend="atomsSystemUpdate">atomsSystemUpdate</link>
					</td>
					<td>
						Update the list of available modules
					</td>
				</tr>
				<tr>
					<td>
						<link linkend="atomsSetConfig">atomsSetConfig</link>
					</td>
					<td>
						Manage ATOMS parameters
					</td>
				</tr>
			</informaltable>
		</para>
  </refsection>
	
  <!-- ===================================================================== -->
  <!-- Authors -->
  <!-- ===================================================================== -->
  <refsection>
    <title>Authors</title>
    <simplelist type="vert">
      <member>Pierre MARECHAL - DIGITEO</member>
    </simplelist>
  </refsection>
</refentry>
