<?xml version="1.0" encoding="UTF-8"?>
<!--
 * Scilab ( http://www.scilab.org/ ) - This file is part of Scilab
 * Copyright (C) DIGITEO - Pierre MARECHAL <pierre.marechal@scilab.org>
 * 
 * This file must be used under the terms of the CeCILL.
 * This source file is licensed as described in the file COPYING, which
 * you should have received as part of this distribution.  The terms
 * are also available at    
 * http://www.cecill.info/licences/Licence_CeCILL_V2-en.txt
 *
 -->
<refentry xmlns="http://docbook.org/ns/docbook" xmlns:xlink="http://www.w3.org/1999/xlink" xmlns:svg="http://www.w3.org/2000/svg" xmlns:mml="http://www.w3.org/1998/Math/MathML" xmlns:db="http://docbook.org/ns/docbook" version="5.0-subset Scilab" xml:lang="en" xml:id="atomsShow">
  <refnamediv>
    <refname>atomsShow</refname>
    <refpurpose>Show the caracteristics of a module</refpurpose>
  </refnamediv>
  <!-- ===================================================================== -->
  <!-- Calling Sequence -->
  <!-- ===================================================================== -->
  <refsynopsisdiv>
    <title>Calling Sequence</title>
    <synopsis>
	  atomsShow(module)
	</synopsis>
  </refsynopsisdiv>
  <!-- ===================================================================== -->
  <!-- Parameters -->
  <!-- ===================================================================== -->
  <refsection>
    <title>Parameters</title>
    <variablelist>
			<varlistentry>
        <term>module</term>
        <listitem>
					
          <para>
						1x1 or 1x2 Matrix of strings:
					</para>
					
					<informaltable border="1">
						
						<!-- Technical name -->
						
						<tr>
							<td>
								<emphasis>1st Col.</emphasis>
							</td>
							<td>
								<emphasis role="strong">Technical name</emphasis>
							</td>
							<td>
								Mandatory
							</td>
							<td>
							</td>
						</tr>
						
						<!-- Version -->
						
						<tr>
							<td>
								<emphasis>2nd Col.</emphasis>
							</td>
							<td>
								<emphasis role="strong">Version</emphasis>
							</td>
							<td>
								Optionnal
							</td>
							<td>
								If this field is empty or is not present,
								the most recent	version is used
							</td>
						</tr>
						
					</informaltable>
				</listitem>
      </varlistentry>
			
    </variablelist>
  </refsection>
  <!-- ===================================================================== -->
  <!-- Description -->
  <!-- ===================================================================== -->
  <refsection>
    <title>Description</title>
    <para>
			Show the caracteristics of a module
	</para>
  </refsection>
  <!-- ===================================================================== -->
  <!-- Examples -->
  <!-- ===================================================================== -->
  <refsection>
    <title>Examples</title>
    <programlisting role="example">
<![CDATA[ 
atomsRepositoryAdd("http://scene1.test.atoms.scilab.org");
atomsShow("toolbox_5");
]]></programlisting>
  </refsection>
  <!-- ===================================================================== -->
  <!-- See also -->
  <!-- ===================================================================== -->
  <refsection>
    <title>See Also</title>
    <simplelist type="inline">
      <member>
        <link linkend="atomsList">atomsList</link>
      </member>
      <member>
        <link linkend="atomsDepTreeShow">atomsDepTreeShow</link>
      </member>
    </simplelist>
  </refsection>
  <!-- ===================================================================== -->
  <!-- Authors -->
  <!-- ===================================================================== -->
  <refsection>
    <title>Authors</title>
    <simplelist type="vert">
      <member>Pierre MARECHAL - DIGITEO</member>
    </simplelist>
  </refsection>
</refentry>
