<?xml version="1.0" encoding="ISO-8859-1" standalone="no"?>
<!DOCTYPE MAN SYSTEM "../../manrev.dtd">
<MAN>
  <LANGUAGE>eng</LANGUAGE>
  <TITLE>besseli</TITLE>
  <TYPE>Scilab Function</TYPE>
  <DATE>September 1997</DATE>
  <SHORT_DESCRIPTION name="besseli">Modified Bessel functions of the first kind (I sub alpha).</SHORT_DESCRIPTION>
  <CALLING_SEQUENCE>
    <CALLING_SEQUENCE_ITEM> y = besseli(alpha,x)  </CALLING_SEQUENCE_ITEM>
    <CALLING_SEQUENCE_ITEM> y = besseli(alpha,x,ice)  </CALLING_SEQUENCE_ITEM>
  </CALLING_SEQUENCE>
  <PARAM>
    <PARAM_INDENT>
      <PARAM_ITEM>
        <PARAM_NAME>x</PARAM_NAME>
        <PARAM_DESCRIPTION>
          <SP>: real vector with non negative entries</SP>
        </PARAM_DESCRIPTION>
      </PARAM_ITEM>
      <PARAM_ITEM>
        <PARAM_NAME>alpha</PARAM_NAME>
        <PARAM_DESCRIPTION>
          <SP>: real vector with non negative entries regularly spaced with 
                increment equal to one <VERB>alpha=alpha0+(n1:n2)</VERB></SP>
        </PARAM_DESCRIPTION>
      </PARAM_ITEM>
      <PARAM_ITEM>
        <PARAM_NAME>ice</PARAM_NAME>
        <PARAM_DESCRIPTION>
          <SP>: integer flag, with default value 1</SP>
        </PARAM_DESCRIPTION>
      </PARAM_ITEM>
    </PARAM_INDENT>
  </PARAM>
  <DESCRIPTION>
    <P><VERB>besseli(alpha,x)</VERB> computes modified Bessel functions of the
    first kind (I sub alpha), for real, non-negative order <VERB>alpha</VERB> 
    and argument <VERB>x</VERB>.  <VERB>alpha</VERB>  and <VERB>x</VERB> may be vectors.
    The output is <VERB>m</VERB>-by-<VERB>n</VERB> with <VERB>m = size(x,'*')</VERB>,
    <VERB>n = size(alpha,'*')</VERB> whose <VERB>(i,j)</VERB> entry is
    <VERB>besseli(alpha(j),x(i))</VERB>.</P>
    <P> I_alpha and K_alpha (see <LINK>besselk</LINK>) modified Bessel functions are 2 independant 
        solutions of the modified Bessel 's differential equation :</P>
    <VERBATIM>
<![CDATA[
          2               2        2
         x  y" + x y' - (x  + alpha ) y = 0 ,  alpha >= 0
     ]]>
    </VERBATIM>
    <P>
    If <VERB>ice</VERB> is equal to 2 exponentialy scaled Bessel functions is
    computed (<TT>I_alpha_scaled(x) = exp(-x) I_alpha(x)</TT>).</P>
  </DESCRIPTION>
  <EXAMPLE>
<![CDATA[
// example : display some I bessel functions
x = linspace(0.01,10,5000)';
y = besseli(0:4,x);
ys = besseli(0:4,x,2);
xbasc()
subplot(2,1,1)
   plot2d(x,y, style=2:6, leg="I0@I1@I2@I3@I4", rect=[0,0,6,10])
   xtitle("Some modified bessel functions of the first kind")
subplot(2,1,2)
   plot2d(x,ys, style=2:6, leg="I0s@I1s@I2s@I3s@I4s", rect=[0,0,6,1])
   xtitle("Some modified scaled bessel functions of the first kind")
 ]]>
  </EXAMPLE>
  <SEE_ALSO>
    <SEE_ALSO_ITEM>
      <LINK>besselj</LINK>
    </SEE_ALSO_ITEM>
    <SEE_ALSO_ITEM>
      <LINK>besselk</LINK>
    </SEE_ALSO_ITEM>
    <SEE_ALSO_ITEM>
      <LINK>bessely</LINK>
    </SEE_ALSO_ITEM>
  </SEE_ALSO>
  <AUTHOR>W. J. Cody, L. Stoltz (code from Netlib (specfun))</AUTHOR>
</MAN>

