<?xml version="1.0" encoding="ISO-8859-1" standalone="no"?>
<!DOCTYPE MAN SYSTEM "../../manrev.dtd">
<MAN>
  <LANGUAGE>eng</LANGUAGE>
  <TITLE>bessely</TITLE>
  <TYPE>Scilab Function</TYPE>
  <DATE>September 1997</DATE>
  <SHORT_DESCRIPTION name="bessely">Bessel functions of the second kind (Y sub alpha).</SHORT_DESCRIPTION>
  <CALLING_SEQUENCE>
    <CALLING_SEQUENCE_ITEM> y = bessely(alpha,x)  </CALLING_SEQUENCE_ITEM>
  </CALLING_SEQUENCE>
  <PARAM>
    <PARAM_INDENT>
      <PARAM_ITEM>
        <PARAM_NAME>x</PARAM_NAME>
        <PARAM_DESCRIPTION>
          <SP>: real vector with non negative entries</SP>
        </PARAM_DESCRIPTION>
      </PARAM_ITEM>
      <PARAM_ITEM>
        <PARAM_NAME>alpha</PARAM_NAME>
        <PARAM_DESCRIPTION>
          <SP>: real vector with non negative entries regularly spaced with increment 
                equal to one <VERB>alpha=alpha0+(n1:n2)</VERB></SP>
        </PARAM_DESCRIPTION>
      </PARAM_ITEM>
    </PARAM_INDENT>
  </PARAM>
  <DESCRIPTION>
    <P><VERB>bessely(alpha,x)</VERB> computes Bessel functions of the
    second kind (Y sub alpha), for real, non-negative order <VERB>alpha</VERB> 
    and argument <VERB>x</VERB>.  <VERB>alpha</VERB>  and <VERB>x</VERB> may be vectors.
    The output is <VERB>m</VERB>-by-<VERB>n</VERB> with <VERB>m = size(x,'*')</VERB>,
    <VERB>n = size(alpha,'*')</VERB> whose <VERB>(i,j)</VERB> entry is
    <VERB>bessely(alpha(j),x(i))</VERB>.</P>
    <P> Y_alpha and J_alpha (see <LINK>besselj</LINK>) Bessel functions are 2 independant 
        solutions of the Bessel 's differential equation :</P>
    <VERBATIM>
<![CDATA[
          2               2        2
         x  y" + x y' + (x  - alpha ) y = 0 ,  alpha >= 0
     ]]>
    </VERBATIM>
  </DESCRIPTION>
  <EXAMPLE>
<![CDATA[
// example : plot severals Y bessels functions
x = linspace(0.1,40,5000)'; // Y Bessel functions are unbounded  for x -> 0+
y = bessely(0:4,x);
xbasc()
plot2d(x,y, style=2:6, leg="Y0@Y1@Y2@Y3@Y4", rect=[0,-1.5,40,0.6])
xtitle("Some bessel functions of the second kind")
 ]]>
  </EXAMPLE>
  <SEE_ALSO>
    <SEE_ALSO_ITEM>
      <LINK>besselj</LINK>
    </SEE_ALSO_ITEM>
    <SEE_ALSO_ITEM>
      <LINK>besseli</LINK>
    </SEE_ALSO_ITEM>
    <SEE_ALSO_ITEM>
      <LINK>besselk</LINK>
    </SEE_ALSO_ITEM>
  </SEE_ALSO>
  <AUTHOR>W. J. Cody (code from Netlib (specfun))</AUTHOR>
</MAN>

