<?xml version="1.0" encoding="ISO-8859-1" standalone="no"?>
<!DOCTYPE MAN SYSTEM "../../manrev.dtd">
<MAN>
  <LANGUAGE>eng</LANGUAGE>
  <TITLE>conj</TITLE>
  <TYPE>Scilab Function</TYPE>
  <DATE>April 1993</DATE>
  <SHORT_DESCRIPTION name="conj">  conjugate</SHORT_DESCRIPTION>
  <CALLING_SEQUENCE>
    <CALLING_SEQUENCE_ITEM>[y]=conj(x)  </CALLING_SEQUENCE_ITEM>
  </CALLING_SEQUENCE>
  <PARAM>
    <PARAM_INDENT>
      <PARAM_ITEM>
        <PARAM_NAME>x,y</PARAM_NAME>
        <PARAM_DESCRIPTION>
          <SP>:  real or complex matrix.</SP>
        </PARAM_DESCRIPTION>
      </PARAM_ITEM>
    </PARAM_INDENT>
  </PARAM>
  <DESCRIPTION>
    <P><VERB>conj(x)</VERB> is the complex conjugate of <VERB>x</VERB>.</P>
  </DESCRIPTION>
  <EXAMPLE>
<![CDATA[
x=[1+%i,-%i;%i,2*%i];
conj(x)
x'-conj(x)  //x'  is conjugate transpose
 ]]>
  </EXAMPLE>
</MAN>
