<?xml version="1.0" encoding="ISO-8859-1" standalone="no"?>
<!DOCTYPE MAN SYSTEM "../../manrev.dtd">
<MAN>
  <LANGUAGE>eng</LANGUAGE>
  <TITLE>coshm</TITLE>
  <TYPE>Scilab Function</TYPE>
  <DATE>April 1993</DATE>
  <SHORT_DESCRIPTION name="coshm"> matrix hyperbolic cosine</SHORT_DESCRIPTION>
  <CALLING_SEQUENCE>
    <CALLING_SEQUENCE_ITEM>t=coshm(x)  </CALLING_SEQUENCE_ITEM>
  </CALLING_SEQUENCE>
  <PARAM>
    <PARAM_INDENT>
      <PARAM_ITEM>
        <PARAM_NAME>x,t</PARAM_NAME>
        <PARAM_DESCRIPTION>
          <SP>: real or complex square matrix</SP>
        </PARAM_DESCRIPTION>
      </PARAM_ITEM>
    </PARAM_INDENT>
  </PARAM>
  <DESCRIPTION>
    <P>
    coshm is the matrix hyperbolic  cosine  of the matrix x.
    <VERB>t=(expm(x)+expm(-x))/2</VERB>. Result may be inaccurate for nonsymmetric
    matrix.</P>
  </DESCRIPTION>
  <EXAMPLE>
<![CDATA[
A=[1,2;2,4]
acoshm(coshm(A))
 ]]>
  </EXAMPLE>
  <SEE_ALSO>
    <SEE_ALSO_ITEM>
      <LINK>cosh</LINK>
    </SEE_ALSO_ITEM>
    <SEE_ALSO_ITEM>
      <LINK>expm</LINK>
    </SEE_ALSO_ITEM>
  </SEE_ALSO>
</MAN>
