<?xml version="1.0" encoding="ISO-8859-1" standalone="no"?>
<!DOCTYPE MAN SYSTEM "../../manrev.dtd">
<MAN>
  <LANGUAGE>eng</LANGUAGE>
  <TITLE>intsplin</TITLE>
  <TYPE>Scilab Function</TYPE>
  <DATE>April 1993</DATE>
  <SHORT_DESCRIPTION name="intsplin"> integration of experimental data by spline interpolation</SHORT_DESCRIPTION>
  <CALLING_SEQUENCE>
    <CALLING_SEQUENCE_ITEM>v = intsplin([x,] s)  </CALLING_SEQUENCE_ITEM>
  </CALLING_SEQUENCE>
  <PARAM>
    <PARAM_INDENT>
      <PARAM_ITEM>
        <PARAM_NAME>x</PARAM_NAME>
        <PARAM_DESCRIPTION>
          <SP>: vector of increasing x coordinate data. Default value is <VERB>1:size(y,'*')</VERB></SP>
        </PARAM_DESCRIPTION>
      </PARAM_ITEM>
      <PARAM_ITEM>
        <PARAM_NAME>s</PARAM_NAME>
        <PARAM_DESCRIPTION>
          <SP>: vector of y coordinate data</SP>
        </PARAM_DESCRIPTION>
      </PARAM_ITEM>
      <PARAM_ITEM>
        <PARAM_NAME>v</PARAM_NAME>
        <PARAM_DESCRIPTION>
          <SP>: value of the integral</SP>
        </PARAM_DESCRIPTION>
      </PARAM_ITEM>
    </PARAM_INDENT>
  </PARAM>
  <DESCRIPTION>
    <P>
    computes :</P>
    <P>
    Where f is a function described by a set of experimental value:</P>
    <P><VERB>s(i)=f(x(i))</VERB>  and <VERB>x0=x(1)</VERB>, <VERB>x1=x(n)</VERB></P>
    <P>
    Between mesh points function is interpolated using spline's.</P>
  </DESCRIPTION>
  <EXAMPLE>
<![CDATA[
t=0:0.1:%pi
intsplin(t,sin(t))
 ]]>
  </EXAMPLE>
  <SEE_ALSO>
    <SEE_ALSO_ITEM>
      <LINK>intg</LINK>
    </SEE_ALSO_ITEM>
    <SEE_ALSO_ITEM>
      <LINK>integrate</LINK>
    </SEE_ALSO_ITEM>
    <SEE_ALSO_ITEM>
      <LINK>inttrap</LINK>
    </SEE_ALSO_ITEM>
    <SEE_ALSO_ITEM>
      <LINK>splin</LINK>
    </SEE_ALSO_ITEM>
  </SEE_ALSO>
</MAN>
