<?xml version="1.0" encoding="ISO-8859-1" standalone="no"?>
<!DOCTYPE MAN SYSTEM "../../manrev.dtd">
<MAN>
  <LANGUAGE>eng</LANGUAGE>
  <TITLE>1</TITLE>
  <TYPE>Scilab Function</TYPE>
  <DATE>2001</DATE>
  <SHORT_DESCRIPTION name="isequal"> objects comparison</SHORT_DESCRIPTION>
  <CALLING_SEQUENCE>
    <CALLING_SEQUENCE_ITEM>t=isequal(a,b)  </CALLING_SEQUENCE_ITEM>
    <CALLING_SEQUENCE_ITEM>t=isequal(a,b,..)  </CALLING_SEQUENCE_ITEM>
  </CALLING_SEQUENCE>
  <PARAM>
    <PARAM_INDENT>
      <PARAM_ITEM>
        <PARAM_NAME>a, b , ...  </PARAM_NAME>
        <PARAM_DESCRIPTION>
          <SP>: any variables</SP>
        </PARAM_DESCRIPTION>
      </PARAM_ITEM>
      <PARAM_ITEM>
        <PARAM_NAME>t</PARAM_NAME>
        <PARAM_DESCRIPTION>
          <SP>: boolean</SP>
        </PARAM_DESCRIPTION>
      </PARAM_ITEM>
    </PARAM_INDENT>
  </PARAM>
  <DESCRIPTION>
    <P><VERB> isequal</VERB> compares its arguments. If all of them are equals
    function returns <VERB> %t</VERB>  and in the other case it returns <VERB> %f</VERB> .</P>
  </DESCRIPTION>
  <EXAMPLE>
<![CDATA[
a=[1 2]
isequal(a,[1 2])
isequal(a,1)
   ]]>
  </EXAMPLE>
  <SEE_ALSO>
    <SEE_ALSO_ITEM>
      <LINK>equal</LINK>
    </SEE_ALSO_ITEM>
    <SEE_ALSO_ITEM>
      <LINK>less</LINK>
    </SEE_ALSO_ITEM>
  </SEE_ALSO>
</MAN>
