<?xml version="1.0" encoding="ISO-8859-1" standalone="no"?>
<!DOCTYPE MAN SYSTEM "../../manrev.dtd">
<MAN>
  <LANGUAGE>eng</LANGUAGE>
  <TITLE>ndims</TITLE>
  <TYPE>Scilab Function</TYPE>
  <DATE>2001</DATE>
  <SHORT_DESCRIPTION name="ndims"> number of dimensions of an array</SHORT_DESCRIPTION>
  <PARAM>
    <PARAM_INDENT>
      <PARAM_ITEM>
        <PARAM_NAME>A</PARAM_NAME>
        <PARAM_DESCRIPTION>
          <SP>: an array</SP>
        </PARAM_DESCRIPTION>
      </PARAM_ITEM>
      <PARAM_ITEM>
        <PARAM_NAME>n</PARAM_NAME>
        <PARAM_DESCRIPTION>
          <SP>: integer, the number of dimensions of the array</SP>
        </PARAM_DESCRIPTION>
      </PARAM_ITEM>
    </PARAM_INDENT>
  </PARAM>
  <DESCRIPTION>
    <P><VERB>n=ndims(A)</VERB> return the number of dimension of the array <VERB>A</VERB>.
    <VERB>n</VERB> is greater than or equal to 2.</P>
  </DESCRIPTION>
  <EXAMPLE>
<![CDATA[
A=rand(2,3);
ndims(A)

A=rand(2,3,2);
size(A),ndims(A)

H=[1/%s,1/(%s+1)]
ndims(H)
 ]]>
  </EXAMPLE>
  <SEE_ALSO>
    <SEE_ALSO_ITEM>
      <LINK>size</LINK>
    </SEE_ALSO_ITEM>
  </SEE_ALSO>
  <AUTHOR>S. Steer</AUTHOR>
</MAN>
