<?xml version="1.0" encoding="ISO-8859-1" standalone="no"?>
<!DOCTYPE MAN SYSTEM "../../manrev.dtd">
<MAN>
  <LANGUAGE>eng</LANGUAGE>
  <TITLE>pertrans</TITLE>
  <TYPE>Scilab Function</TYPE>
  <DATE>April 1993</DATE>
  <SHORT_DESCRIPTION name="pertrans"> pertranspose</SHORT_DESCRIPTION>
  <CALLING_SEQUENCE>
    <CALLING_SEQUENCE_ITEM>[Y]=pertrans(X)  </CALLING_SEQUENCE_ITEM>
  </CALLING_SEQUENCE>
  <PARAM>
    <PARAM_INDENT>
      <PARAM_ITEM>
        <PARAM_NAME>X</PARAM_NAME>
        <PARAM_DESCRIPTION>
          <SP>: real or complex  matrix</SP>
        </PARAM_DESCRIPTION>
      </PARAM_ITEM>
      <PARAM_ITEM>
        <PARAM_NAME>Y</PARAM_NAME>
        <PARAM_DESCRIPTION>
          <SP>: real or complex matrix</SP>
        </PARAM_DESCRIPTION>
      </PARAM_ITEM>
    </PARAM_INDENT>
  </PARAM>
  <DESCRIPTION>
    <P><VERB>Y=pertrans(X)</VERB> returns the pertranspose of <VERB>X</VERB>, i.e. 
    the symmetric of <VERB>X</VERB> w.r.t the second diagonal (utility
    function).</P>
  </DESCRIPTION>
  <EXAMPLE>
<![CDATA[
A=[1,2;3,4]
pertrans(A)
 ]]>
  </EXAMPLE>
</MAN>
