<?xml version="1.0" encoding="ISO-8859-1" standalone="no"?>
<!DOCTYPE MAN SYSTEM "../../manrev.dtd">
<MAN>
  <LANGUAGE>eng</LANGUAGE>
  <TITLE>signm</TITLE>
  <TYPE>Scilab Function</TYPE>
  <DATE>April 1993</DATE>
  <SHORT_DESCRIPTION name="signm"> matrix sign function</SHORT_DESCRIPTION>
  <DESCRIPTION>
    <P>
    For square and Hermitian matrices <VERB>X=signm(A)</VERB> is matrix sign
    function.</P>
  </DESCRIPTION>
  <EXAMPLE>
<![CDATA[
A=rand(4,4);B=A+A';X=signm(B);spec(B),spec(X)
 ]]>
  </EXAMPLE>
  <SEE_ALSO>
    <SEE_ALSO_ITEM>
      <LINK>sign</LINK>
    </SEE_ALSO_ITEM>
  </SEE_ALSO>
</MAN>
